<?xml version="1.0" encoding="UTF-8" ?>
<!-- This is a WordPress eXtended RSS file generated by WordPress as an export of your site. -->
<!-- It contains information about your site's posts, pages, comments, categories, and other content. -->
<!-- You may use this file to transfer that content from one site to another. -->
<!-- This file is not intended to serve as a complete backup of your site. -->

<!-- To import this information into a WordPress site follow these steps: -->
<!-- 1. Log in to that site as an administrator. -->
<!-- 2. Go to Tools: Import in the WordPress admin panel. -->
<!-- 3. Install the "WordPress" importer from the list. -->
<!-- 4. Activate & Run Importer. -->
<!-- 5. Upload this file using the form provided on that page. -->
<!-- 6. You will first be asked to map the authors in this export file to users -->
<!--    on the site. For each author, you may choose to map to an -->
<!--    existing user on the site or to create a new user. -->
<!-- 7. WordPress will then import each of the posts, pages, comments, categories, etc. -->
<!--    contained in this file into your site. -->

	<!-- generator="WordPress/5.4.2" created="2020-07-11 12:01" -->
<rss version="2.0"
	xmlns:excerpt="http://wordpress.org/export/1.2/excerpt/"
	xmlns:content="http://purl.org/rss/1.0/modules/content/"
	xmlns:wfw="http://wellformedweb.org/CommentAPI/"
	xmlns:dc="http://purl.org/dc/elements/1.1/"
	xmlns:wp="http://wordpress.org/export/1.2/"
>

<channel>
	<title>Woodmart dummy demos</title>
	<link>http://dummy.xtemos.com/woodmart-elementor/demos</link>
	<description>Just another Woodmart Dummy Content Sites site</description>
	<pubDate>Sat, 11 Jul 2020 12:01:32 +0000</pubDate>
	<language>en-US</language>
	<wp:wxr_version>1.2</wp:wxr_version>
	<wp:base_site_url>http://dummy.xtemos.com/woodmart-elementor/</wp:base_site_url>
	<wp:base_blog_url>http://dummy.xtemos.com/woodmart-elementor/demos</wp:base_blog_url>

		<wp:author><wp:author_id>2</wp:author_id><wp:author_login>erwin</wp:author_login><wp:author_email>ss@asas.as</wp:author_email><wp:author_display_name><![CDATA[erwin]]></wp:author_display_name><wp:author_first_name><![CDATA[]]></wp:author_first_name><wp:author_last_name><![CDATA[]]></wp:author_last_name></wp:author>

				
	<generator>https://wordpress.org/?v=5.4.2</generator>

		<item>
		<title>
				wood-portfolio-placeholder		</title>
		<link>http://dummy.xtemos.com/woodmart-elementor/demos/wood-portfolio-placeholder/</link>
		<pubDate>Wed, 14 Jun 2017 14:02:43 +0000</pubDate>
		<dc:creator><![CDATA[admin]]></dc:creator>
		<guid isPermaLink="false">http://dummy.xtemos.com/woodmart-elementor/demos/wp-content/uploads/sites/2/2017/06/wood-portfolio-placeholder.jpg</guid>
		<description></description>
		<content:encoded><![CDATA[]]></content:encoded>
		<excerpt:encoded><![CDATA[]]></excerpt:encoded>
		<wp:post_id>117</wp:post_id>
		<wp:post_date>2017-06-14 14:02:43</wp:post_date>
		<wp:post_date_gmt>2017-06-14 14:02:43</wp:post_date_gmt>
		<wp:comment_status>open</wp:comment_status>
		<wp:ping_status>closed</wp:ping_status>
		<wp:post_name>wood-portfolio-placeholder</wp:post_name>
		<wp:status>inherit</wp:status>
		<wp:post_parent>0</wp:post_parent>
		<wp:menu_order>0</wp:menu_order>
		<wp:post_type>attachment</wp:post_type>
		<wp:post_password></wp:post_password>
		<wp:is_sticky>0</wp:is_sticky>
						<wp:attachment_url>http://dummy.xtemos.com/woodmart-elementor/demos/wp-content/uploads/sites/2/2017/06/wood-portfolio-placeholder.jpg</wp:attachment_url>
												<wp:postmeta>
			<wp:meta_key>_wp_attached_file</wp:meta_key>
			<wp:meta_value><![CDATA[2017/06/wood-portfolio-placeholder.jpg]]></wp:meta_value>
		</wp:postmeta>
						</item>
					<item>
		<title>
				Home landing		</title>
		<link>http://dummy.xtemos.com/woodmart-elementor/demos/home-landing/</link>
		<pubDate>Mon, 26 Jun 2017 12:22:53 +0000</pubDate>
		<dc:creator><![CDATA[erwin]]></dc:creator>
		<guid isPermaLink="false">http://dummy.xtemos.com/woodmart-elementor/demos/?page_id=633</guid>
		<description></description>
		<content:encoded><![CDATA[<img src="http://dummy.xtemos.com/woodmart-elementor/demos/wp-content/uploads/sites/2/elementor/thumbs/brand-vitra-wite-oqf427bx6rv9gow0fkwd86k01z7fg75nmapwyamvyk.png" title="brand-vitra-wite" alt="brand-vitra-wite" />											
				<h4>
					Grand Repos &amp; Panchina<br />
Aliquam Parturient				</h4>
		<p style="text-align: center">Phasellus a ac hac turpis accumsan erat a consectetur lorem ultricies aliquam parturient molestie ut dui vestibulum ullamcorper enim a phasellus. Hendrerit laoreet in vel a et primis scelerisque iaculis.</p>
			<a href="#">
					SHOP NOW				
							</a>
			<a href="#">
					VIEW MORE				
							</a>
										<img width="1400" height="1499" src="http://dummy.xtemos.com/woodmart-elementor/demos/wp-content/uploads/sites/2/2017/06/vitra-pic-14.jpg" alt="" />											
				<h4>
					Turpis amet per fusce<br />
ullamcorper auctor enim				</h4>
		<p>Ullamcorper metus semper a a libero luctus sociosqu est lobortis ligula parturient nisl suspendisse fringilla adipiscing curabitur lacus luctus hac a parturient varius mus habitant vitae felis.</p>
<table>
<tbody>
<tr>
<th><strong>Metus semper</strong></th>
<td style="text-align: right;font-size: 16px">2011</td>
</tr>
<tr>
<th><strong>Lacus luctus</strong></th>
<td style="text-align: right;font-size: 16px">Antonio Citterio</td>
</tr>
<tr>
<th><strong>Ornare justo</strong></th>
<td style="text-align: right;font-size: 16px">300cm-650cm</td>
</tr>
<tr>
<th><strong>Adipiscing quis</strong></th>
<td style="text-align: right;font-size: 16px">Panchina 750</td>
</tr>
</tbody>
</table>
										<img src="http://dummy.xtemos.com/woodmart-elementor/demos/wp-content/uploads/sites/2/elementor/thumbs/wood-portfolio-placeholder-oqf427c1qshqn4jwxfvtjlpn4jtq8h64o281znbvvo.jpg" title="wood-portfolio-placeholder" alt="wood-portfolio-placeholder" />											
		<p><em>Ullamcorper <strong><a href="#">metus semper</a></strong> a a libero luctus sociosqu est lobortis ligula parturient nisl suspendisse fringilla adipiscing curabitur a parturient varius mus habitant <a href="#"><strong>www.ipsum.com</strong></a> vitae felis turpis.</em></p>
				<h4>
					Vestibu enimar<br />
posuere aliqi soles.				</h4>
		<p>Phasellus a ac hac turpis accumsan erat a consectetur lorem ultricies aliquam parturient molestie ut dui vestibulum ullamcorper enim a phasellus et primis scelerisque.</p>
			<a href="#">
					SHOP NOW				
							</a>
			<a href="#">
					VIEW MORE				
							</a>
				<h4>
					Ornare justo vestibul<br />
parturient varius musan				</h4>
		<p>Ullamcorper metus semper a a libero luctus sociosqu est lobortis ligula parturient nisl suspendisse fringilla adipiscing curabitur lacus luctus hac a parturient varius mus habitant vitae felis. Turpis amet per fusce ullamcorper auctor enim a adipiscing est scelerisque at ornare justo vestibulum.</p>
															

	
	
	
	
	
	
	
	
































											<h4 class="info-box-title box-title-style-default" data-elementor-setting-key="title">
								Enim nullam.						</h4>
						<p>A a parturient suspendisse nec scele accumsan adipiscing.</p>
															

	
	
	
	
	
	
	
	
































											<h4 class="info-box-title box-title-style-default" data-elementor-setting-key="title">
								Dissim egestas.						</h4>
						<p>A a parturient suspendisse nec scele accumsan adipiscing.</p>
															

	
	
	
	
	
	
	
	
































											<h4 class="info-box-title box-title-style-default" data-elementor-setting-key="title">
								Enim nullam.						</h4>
						<p>A a parturient suspendisse nec scele accumsan adipiscing.</p>
															

	
	
	
	
	
	
	
	
































											<h4 class="info-box-title box-title-style-default" data-elementor-setting-key="title">
								Dissim egestas.						</h4>
						<p>A a parturient suspendisse nec scele accumsan adipiscing.</p>
		<p><em>Ullamcorper <strong><a href="#">metus semper</a></strong> a a libero luctus sociosqu est lobortis ligula parturient nisl suspendisse fringilla adipiscing curabitur a parturient varius mus habitant <a href="#"><strong>www.ipsum.com</strong></a> vitae felis turpis.</em></p>
										<img width="1400" height="1499" src="http://dummy.xtemos.com/woodmart-elementor/demos/wp-content/uploads/sites/2/2017/06/vitra-pic-14.jpg" alt="" />											
				<h4>
					Vestibu enimar<br />
posuere aliqi soles.				</h4>
		<p>Phasellus a ac hac turpis accumsan erat a consectetur lorem ultricies aliquam parturient molestie ut dui vestibulum ullamcorper enim a phasellus et primis scelerisque.</p>
			<a href="#">
					SHOP NOW				
							</a>
			<a href="#">
					VIEW MORE				
							</a>
				<h4>
					Grand Repos &amp; Panchina				</h4>
		<p style="text-align: center">Turpis amet per fusce ullamcorper auctor enim a adipiscing est scelerisque at ornare justo vestibulum laoreet eget vel taciti a vestibulum ac enim magna parturient aenean.</p>
				<h4>
					£4299.00				</h4>
			<a href="#">
					ADD TO CART				
							</a>
				<h4>
					Vestibulum enimar<br />
posuere aliqi sodales				</h4>
		<p style="text-align: center">Phasellus a ac hac turpis accumsan erat a consectetur lorem ultricies aliquam parturient molestie ut dui vestibulum ullamcorper enim a phasellus. Hendrerit vel a et primis scelerisque iaculis.</p>
			<!-- Mailchimp for WordPress v4.7.7 - https://wordpress.org/plugins/mailchimp-for-wp/ -->
<p>
	
</p>
<p>
	
</p>
<label>Leave this field empty if you're human: </label><!-- / Mailchimp for WordPress Plugin -->		
									<a rel="nofollow noopener noreferrer" href="https://www.facebook.com/sharer/sharer.php?u=http://dummy.xtemos.com/woodmart-elementor/demos/home-landing/" target="_blank">
						<i></i>
						Facebook
					</a>
									<a rel="nofollow noopener noreferrer" href="https://twitter.com/share?url=http://dummy.xtemos.com/woodmart-elementor/demos/home-landing/" target="_blank">
						<i></i>
						Twitter
					</a>
									<a rel="nofollow noopener noreferrer" href="https://pinterest.com/pin/create/button/?url=http://dummy.xtemos.com/woodmart-elementor/demos/home-landing/&amp;media=http://dummy.xtemos.com/woodmart-elementor/demos/wp-includes/images/media/default.png&amp;description=Home+landing" target="_blank">
						<i></i>
						Pinterest
					</a>
									<a rel="nofollow noopener noreferrer" href="https://www.linkedin.com/shareArticle?mini=true&amp;url=http://dummy.xtemos.com/woodmart-elementor/demos/home-landing/" target="_blank">
						<i></i>
						linkedin
					</a>
									<a rel="nofollow noopener noreferrer" href="https://telegram.me/share/url?url=http://dummy.xtemos.com/woodmart-elementor/demos/home-landing/" target="_blank">
						<i></i>
						Telegram
					</a>]]></content:encoded>
		<excerpt:encoded><![CDATA[]]></excerpt:encoded>
		<wp:post_id>633</wp:post_id>
		<wp:post_date>2017-06-26 12:22:53</wp:post_date>
		<wp:post_date_gmt>2017-06-26 12:22:53</wp:post_date_gmt>
		<wp:comment_status>closed</wp:comment_status>
		<wp:ping_status>closed</wp:ping_status>
		<wp:post_name>home-landing</wp:post_name>
		<wp:status>publish</wp:status>
		<wp:post_parent>0</wp:post_parent>
		<wp:menu_order>0</wp:menu_order>
		<wp:post_type>page</wp:post_type>
		<wp:post_password></wp:post_password>
		<wp:is_sticky>0</wp:is_sticky>
														<wp:postmeta>
			<wp:meta_key>_wp_page_template</wp:meta_key>
			<wp:meta_value><![CDATA[default]]></wp:meta_value>
		</wp:postmeta>
							<wp:postmeta>
			<wp:meta_key>_woodmart_header_color_scheme</wp:meta_key>
			<wp:meta_value><![CDATA[inherit]]></wp:meta_value>
		</wp:postmeta>
							<wp:postmeta>
			<wp:meta_key>_woodmart_main_layout</wp:meta_key>
			<wp:meta_value><![CDATA[full-width]]></wp:meta_value>
		</wp:postmeta>
							<wp:postmeta>
			<wp:meta_key>_woodmart_title_off</wp:meta_key>
			<wp:meta_value><![CDATA[on]]></wp:meta_value>
		</wp:postmeta>
							<wp:postmeta>
			<wp:meta_key>_elementor_data</wp:meta_key>
			<wp:meta_value><![CDATA[[{"id":"3850397","elType":"section","settings":{"wd_section_stretch":"stretch_row_content","woodmart_parallax":"1","background_background":"classic","background_image":{"url":"http:\/\/dummy.xtemos.com\/woodmart-elementor\/demos\/wp-content\/uploads\/sites\/2\/2017\/06\/wood-main-bg.jpg?id=44","id":""},"structure":"30","margin":{"unit":"px","top":"-40","right":"0","bottom":"75","left":"0","isLinked":""},"padding":{"unit":"px","top":"160","right":"15","bottom":"160","left":"15","isLinked":""},"margin_mobile":{"unit":"px","top":"-40","right":"0","bottom":"50","left":"0","isLinked":""},"padding_mobile":{"unit":"px","top":"120","right":"15","bottom":"120","left":"15","isLinked":""}},"elements":[{"id":"4cebf25","elType":"column","settings":{"_column_size":"33","_inline_size":"26","column_sticky_offset":"50","scroll_y":"-80","_inline_size_tablet":"10"},"elements":[],"isInner":""},{"id":"6554669","elType":"column","settings":{"_column_size":"33","_inline_size":"47.658","wd_color_scheme":"light","_inline_size_tablet":"80","_inline_size_mobile":"100","el_class":"text-center","background_background":"classic","background_color":"rgba(0, 0, 0, 0.5)","margin":{"unit":"%","top":"","right":"","bottom":"","left":"","isLinked":"1"},"padding":{"unit":"%","top":"5","right":"10","bottom":"5","left":"10","isLinked":""},"column_sticky_offset":"50","scroll_y":"-80","align":"center","padding_mobile":{"unit":"px","top":"30","right":"20","bottom":"40","left":"20","isLinked":""}},"elements":[{"id":"1723751","elType":"widget","settings":{"align":"center","image_size":"custom","image":{"id":"635","url":"#"},"image_custom_dimension":{"width":"126","height":"46"},"scroll_y":"-80"},"elements":[],"widgetType":"image"},{"id":"f5e11a6","elType":"widget","settings":{"subtitle":"","title":"Grand Repos &amp; Panchina\nAliquam Parturient","after_title":"","size":"extra-large","title_typography_typography":"custom","scroll_y":"-80","title_typography_font_size_tablet":{"unit":"px","size":"36","sizes":[]},"title_typography_font_size_mobile":{"unit":"px","size":"28","sizes":[]},"title_typography_line_height_tablet":{"unit":"px","size":"46","sizes":[]},"title_typography_line_height_mobile":{"unit":"px","size":"38","sizes":[]}},"elements":[],"widgetType":"wd_title"},{"id":"7367510","elType":"widget","settings":{"typography_typography":"custom","align":"left","el_class":"text-larger","editor":"<p style=\"text-align: center\">Phasellus a ac hac turpis accumsan erat a consectetur lorem ultricies aliquam parturient molestie ut dui vestibulum ullamcorper enim a phasellus. Hendrerit laoreet in vel a et primis scelerisque iaculis.<\/p>\n","_margin":{"unit":"px","top":"0","right":"0","bottom":"5","left":"0","isLinked":""},"_css_classes":"text-larger","scroll_y":"-80"},"elements":[],"widgetType":"text-editor"},{"id":"8137731","elType":"widget","settings":{"_element_width":"auto","text":"SHOP NOW","_margin":{"unit":"px","top":"0","right":"15","bottom":"0","left":"0","isLinked":""},"scroll_y":"-80"},"elements":[],"widgetType":"wd_button"},{"id":"4131776","elType":"widget","settings":{"color":"white","style":"bordered","_element_width":"auto","text":"VIEW MORE","scroll_y":"-80"},"elements":[],"widgetType":"wd_button"}],"isInner":""},{"id":"b183787","elType":"column","settings":{"_column_size":"33","_inline_size":"26","column_sticky_offset":"50","scroll_y":"-80","_inline_size_tablet":"10"},"elements":[],"isInner":""}],"isInner":""},{"id":"6091442","elType":"section","settings":{"content_position":"middle","structure":"20","margin":{"unit":"px","top":"0","right":"0","bottom":"70","left":"0","isLinked":""}},"elements":[{"id":"1342038","elType":"column","settings":{"_column_size":"50","column_sticky_offset":"50","scroll_y":"-80","_inline_size_tablet":"100"},"elements":[{"id":"4352608","elType":"widget","settings":{"align":"left","image_size":"full","image":{"id":"636","url":"#"},"image_custom_dimension":[],"scroll_y":"-80"},"elements":[],"widgetType":"image"}],"isInner":""},{"id":"5302488","elType":"column","settings":{"_column_size":"50","column_sticky_offset":"50","scroll_y":"-80","_inline_size_tablet":"100"},"elements":[{"id":"5fb9393","elType":"widget","settings":{"subtitle":"","title":"Turpis amet per fusce\nullamcorper auctor enim","after_title":"","align":"left","size":"extra-large","title_typography_typography":"custom","scroll_y":"-80","title_typography_font_size_tablet":{"unit":"px","size":"36","sizes":[]},"title_typography_font_size_mobile":{"unit":"px","size":"28","sizes":[]},"title_typography_line_height_tablet":{"unit":"px","size":"48","sizes":[]},"title_typography_line_height_mobile":{"unit":"px","size":"38","sizes":[]}},"elements":[],"widgetType":"wd_title"},{"id":"7266735","elType":"widget","settings":{"typography_typography":"custom","align":"left","el_class":"text-larger","editor":"<p>Ullamcorper metus semper a a libero luctus sociosqu est lobortis ligula parturient nisl suspendisse fringilla adipiscing curabitur lacus luctus hac a parturient varius mus habitant vitae felis.<\/p>\n","_css_classes":"text-larger","scroll_y":"-80"},"elements":[],"widgetType":"text-editor"},{"id":"1995621","elType":"widget","settings":{"typography_typography":"custom","align":"left","el_class":"text-larger","editor":"<table>\n<tbody>\n<tr>\n<th><strong>Metus semper<\/strong><\/th>\n<td style=\"text-align: right;font-size: 16px\">2011<\/td>\n<\/tr>\n<tr>\n<th><strong>Lacus luctus<\/strong><\/th>\n<td style=\"text-align: right;font-size: 16px\">Antonio Citterio<\/td>\n<\/tr>\n<tr>\n<th><strong>Ornare justo<\/strong><\/th>\n<td style=\"text-align: right;font-size: 16px\">300cm-650cm<\/td>\n<\/tr>\n<tr>\n<th><strong>Adipiscing quis<\/strong><\/th>\n<td style=\"text-align: right;font-size: 16px\">Panchina 750<\/td>\n<\/tr>\n<\/tbody>\n<\/table>\n","scroll_y":"-80"},"elements":[],"widgetType":"text-editor"},{"id":"7915397","elType":"widget","settings":{"align":"left","image_size":"custom","image":{"id":"117","url":"#"},"image_custom_dimension":{"width":"500","height":"106"},"_margin":{"unit":"px","top":"0","right":"0","bottom":"10","left":"0","isLinked":""},"scroll_y":"-80"},"elements":[],"widgetType":"image"},{"id":"1525085","elType":"widget","settings":{"typography_typography":"custom","align":"left","el_class":"text-larger","editor":"<p><em>Ullamcorper <strong><a href=\"#\">metus semper<\/a><\/strong> a a libero luctus sociosqu est lobortis ligula parturient nisl suspendisse fringilla adipiscing curabitur\u00a0a parturient varius mus habitant <a href=\"#\"><strong>www.ipsum.com<\/strong><\/a> vitae felis turpis.<\/em><\/p>\n","_css_classes":"text-larger","scroll_y":"-80"},"elements":[],"widgetType":"text-editor"}],"isInner":""}],"isInner":""},{"id":"8166310","elType":"section","settings":{"wd_section_stretch":"stretch","content_position":"middle","video_bg":"yes","video_bg_url":"https:\/\/www.youtube.com\/watch?v=lR3spOdggNc","woodmart_parallax":"1","background_background":"video","background_color":"#0a0a0a","el_class":"opacity-video-bg","structure":"20","background_video_link":"https:\/\/www.youtube.com\/watch?v=lR3spOdggNc","margin":{"unit":"px","top":"0","right":"0","bottom":"70","left":"0","isLinked":""},"padding":{"unit":"px","top":"160","right":"15","bottom":"160","left":"15","isLinked":""},"padding_mobile":{"unit":"px","top":"120","right":"15","bottom":"120","left":"15","isLinked":""}},"elements":[{"id":"6155789","elType":"column","settings":{"_column_size":"50","_inline_size":"41","wd_color_scheme":"light","_inline_size_tablet":"75","_inline_size_mobile":"100","background_background":"classic","background_color":"rgba(10, 10, 10, 0.5)","padding":{"unit":"px","top":"45","right":"40","bottom":"60","left":"40","isLinked":""},"column_sticky_offset":"50","scroll_y":"-80"},"elements":[{"id":"d74410d","elType":"widget","settings":{"subtitle":"","title":"Vestibu enimar\nposuere aliqi soles.","after_title":"","align":"left","size":"extra-large","title_typography_typography":"custom","scroll_y":"-80","title_typography_font_size_tablet":{"unit":"px","size":"36","sizes":[]},"title_typography_font_size_mobile":{"unit":"px","size":"28","sizes":[]},"title_typography_line_height_tablet":{"unit":"px","size":"46","sizes":[]},"title_typography_line_height_mobile":{"unit":"px","size":"38","sizes":[]}},"elements":[],"widgetType":"wd_title"},{"id":"577238","elType":"widget","settings":{"typography_typography":"custom","align":"left","el_class":"text-larger","editor":"<p>Phasellus a ac hac turpis accumsan erat a consectetur lorem ultricies aliquam parturient molestie ut dui vestibulum ullamcorper enim a phasellus et primis scelerisque.<\/p>\n","_css_classes":"text-larger","scroll_y":"-80"},"elements":[],"widgetType":"text-editor"},{"id":"1162127","elType":"widget","settings":{"_element_width":"auto","text":"SHOP NOW","_margin":{"unit":"px","top":"0","right":"15","bottom":"0","left":"0","isLinked":""},"scroll_y":"-80"},"elements":[],"widgetType":"wd_button"},{"id":"2920925","elType":"widget","settings":{"color":"white","style":"bordered","_element_width":"auto","text":"VIEW MORE","scroll_y":"-80"},"elements":[],"widgetType":"wd_button"}],"isInner":""},{"id":"228a136","elType":"column","settings":{"_column_size":"50","_inline_size":"59","column_sticky_offset":"50","scroll_y":"-80"},"elements":[],"isInner":""}],"isInner":""},{"id":"9710830","elType":"section","settings":{"content_position":"middle","structure":"20","margin":{"unit":"px","top":"0","right":"0","bottom":"70","left":"0","isLinked":""}},"elements":[{"id":"7173004","elType":"column","settings":{"_column_size":"50","_inline_size_tablet":"100","_inline_size_mobile":"100","column_sticky_offset":"50","scroll_y":"-80"},"elements":[{"id":"61ff408","elType":"widget","settings":{"subtitle":"","title":"Ornare justo vestibul\nparturient varius musan","after_title":"","align":"left","size":"extra-large","title_typography_typography":"custom","scroll_y":"-80","title_typography_font_size_tablet":{"unit":"px","size":"36","sizes":[]},"title_typography_font_size_mobile":{"unit":"px","size":"28","sizes":[]},"title_typography_line_height_tablet":{"unit":"px","size":"46","sizes":[]},"title_typography_line_height_mobile":{"unit":"px","size":"38","sizes":[]}},"elements":[],"widgetType":"wd_title"},{"id":"6796868","elType":"widget","settings":{"typography_typography":"custom","align":"left","el_class":"text-larger","editor":"<p>Ullamcorper metus semper a a libero luctus sociosqu est lobortis ligula parturient nisl suspendisse fringilla adipiscing curabitur lacus luctus hac a parturient varius mus habitant vitae felis. Turpis amet per fusce ullamcorper auctor enim a adipiscing est scelerisque at ornare justo vestibulum.<\/p>\n","_css_classes":"text-larger","scroll_y":"-80"},"elements":[],"widgetType":"text-editor"},{"id":"4484982","elType":"widget","settings":{"align":"align_left","text":"Divider","color":"#EBEBEB","scroll_y":"-80"},"elements":[],"widgetType":"divider"},{"id":"486916","elType":"section","settings":{"structure":"20"},"elements":[{"id":"1966439","elType":"column","settings":{"_column_size":"50","column_sticky_offset":"50","scroll_y":"-80"},"elements":[{"id":"4072086","elType":"widget","settings":{"icon_type":"icon","alignment":"left","btn_text":"","image_size":"custom","subtitle":"","title":"Enim nullam.","image":{"id":"634","url":"#"},"image_alignment":"left","image_custom_dimension":{"width":"80","height":"80"},"el_class":"text-larger","content":"A a parturient suspendisse nec scele\u00a0accumsan adipiscing.","icon_text":"53","scroll_y":"-80"},"elements":[],"widgetType":"wd_infobox"}],"isInner":"1"},{"id":"4818966","elType":"column","settings":{"_column_size":"50","column_sticky_offset":"50","scroll_y":"-80"},"elements":[{"id":"2202033","elType":"widget","settings":{"icon_type":"icon","alignment":"left","btn_text":"","image_size":"custom","subtitle":"","title":"Dissim egestas.","image":{"id":"634","url":"#"},"image_alignment":"left","image_custom_dimension":{"width":"80","height":"80"},"el_class":"text-larger","content":"A a parturient suspendisse nec scele\u00a0accumsan adipiscing.","icon_text":"53","scroll_y":"-80"},"elements":[],"widgetType":"wd_infobox"}],"isInner":""}],"isInner":"1"},{"id":"2b88768","elType":"section","settings":{"structure":"20","margin":{"unit":"px","top":"0","right":"0","bottom":"10","left":"0","isLinked":""}},"elements":[{"id":"970e48f","elType":"column","settings":{"_column_size":"50","column_sticky_offset":"50","scroll_y":"-80"},"elements":[{"id":"13c4df5","elType":"widget","settings":{"icon_type":"icon","alignment":"left","btn_text":"","image_size":"custom","subtitle":"","title":"Enim nullam.","image":{"id":"634","url":"#"},"image_alignment":"left","image_custom_dimension":{"width":"80","height":"80"},"el_class":"text-larger","content":"A a parturient suspendisse nec scele\u00a0accumsan adipiscing.","icon_text":"53","scroll_y":"-80"},"elements":[],"widgetType":"wd_infobox"}],"isInner":"1"},{"id":"61094dc","elType":"column","settings":{"_column_size":"50","column_sticky_offset":"50","scroll_y":"-80"},"elements":[{"id":"8b9ddff","elType":"widget","settings":{"icon_type":"icon","alignment":"left","btn_text":"","image_size":"custom","subtitle":"","title":"Dissim egestas.","image":{"id":"634","url":"#"},"image_alignment":"left","image_custom_dimension":{"width":"80","height":"80"},"el_class":"text-larger","content":"A a parturient suspendisse nec scele\u00a0accumsan adipiscing.","icon_text":"53","scroll_y":"-80"},"elements":[],"widgetType":"wd_infobox"}],"isInner":""}],"isInner":"1"},{"id":"6802669","elType":"widget","settings":{"align":"align_left","text":"Divider","color":"#EBEBEB","scroll_y":"-80"},"elements":[],"widgetType":"divider"},{"id":"9573215","elType":"widget","settings":{"typography_typography":"custom","align":"left","el_class":"text-larger","editor":"<p><em>Ullamcorper <strong><a href=\"#\">metus semper<\/a><\/strong> a a libero luctus sociosqu est lobortis ligula parturient nisl suspendisse fringilla adipiscing curabitur\u00a0a parturient varius mus habitant <a href=\"#\"><strong>www.ipsum.com<\/strong><\/a> vitae felis turpis.<\/em><\/p>\n","_css_classes":"text-larger","scroll_y":"-80"},"elements":[],"widgetType":"text-editor"}],"isInner":""},{"id":"3368904","elType":"column","settings":{"_column_size":"50","_inline_size_tablet":"100","_inline_size_mobile":"100","column_sticky_offset":"50","scroll_y":"-80"},"elements":[{"id":"8545965","elType":"widget","settings":{"align":"left","image_size":"full","image":{"id":"636","url":"#"},"image_custom_dimension":[],"scroll_y":"-80","_padding_tablet":{"unit":"px","top":"20","right":"0","bottom":"0","left":"0","isLinked":""}},"elements":[],"widgetType":"image"}],"isInner":""}],"isInner":""},{"id":"8262217","elType":"section","settings":{"wd_section_stretch":"stretch","content_position":"middle","woodmart_parallax":"1","background_background":"classic","background_image":{"url":"http:\/\/dummy.xtemos.com\/woodmart-elementor\/demos\/wp-content\/uploads\/sites\/2\/2017\/06\/wood-main-bg.jpg?id=44","id":""},"structure":"22","padding":{"unit":"px","top":"160","right":"15","bottom":"160","left":"15","isLinked":""},"padding_mobile":{"unit":"px","top":"120","right":"15","bottom":"120","left":"15","isLinked":""}},"elements":[{"id":"8612611","elType":"column","settings":{"_column_size":"66","_inline_size":"58.332","column_sticky_offset":"50","scroll_y":"-80","_inline_size_tablet":"20"},"elements":[],"isInner":""},{"id":"9515868","elType":"column","settings":{"_column_size":"33","_inline_size":"41","wd_color_scheme":"light","_inline_size_tablet":"75","_inline_size_mobile":"100","background_background":"classic","background_color":"rgba(10, 10, 10, 0.5)","padding":{"unit":"px","top":"45","right":"40","bottom":"60","left":"40","isLinked":""},"column_sticky_offset":"50","scroll_y":"-80"},"elements":[{"id":"2048463","elType":"section","settings":{"_background_background":"classic","_background_color":"rgba(10,10,10,0.5)","margin":{"unit":"px","top":"0","right":"0","bottom":"0","left":"0","isLinked":"1"}},"elements":[{"id":"4977846","elType":"column","settings":{"_column_size":"100","column_sticky_offset":"50","scroll_y":"-80"},"elements":[{"id":"9e6dc67","elType":"widget","settings":{"subtitle":"","title":"Vestibu enimar\nposuere aliqi soles.","after_title":"","align":"left","size":"extra-large","title_typography_typography":"custom","scroll_y":"-80","title_typography_font_size_tablet":{"unit":"px","size":"36","sizes":[]},"title_typography_font_size_mobile":{"unit":"px","size":"28","sizes":[]},"title_typography_line_height_tablet":{"unit":"px","size":"46","sizes":[]},"title_typography_line_height_mobile":{"unit":"px","size":"38","sizes":[]}},"elements":[],"widgetType":"wd_title"},{"id":"6491970","elType":"widget","settings":{"typography_typography":"custom","align":"left","el_class":"text-larger","editor":"<p>Phasellus a ac hac turpis accumsan erat a consectetur lorem ultricies aliquam parturient molestie ut dui vestibulum ullamcorper enim a phasellus et primis scelerisque.<\/p>\n","_css_classes":"text-larger","scroll_y":"-80"},"elements":[],"widgetType":"text-editor"},{"id":"9612943","elType":"widget","settings":{"_element_width":"auto","text":"SHOP NOW","_margin":{"unit":"px","top":"0","right":"15","bottom":"0","left":"0","isLinked":""},"scroll_y":"-80"},"elements":[],"widgetType":"wd_button"},{"id":"4215093","elType":"widget","settings":{"color":"white","style":"bordered","_element_width":"auto","text":"VIEW MORE","scroll_y":"-80"},"elements":[],"widgetType":"wd_button"}],"isInner":"1"}],"isInner":"1"}],"isInner":""}],"isInner":""},{"id":"2831733","elType":"section","settings":{"wd_section_stretch":"stretch","background_background":"classic","background_image":{"url":"http:\/\/dummy.xtemos.com\/woodmart-elementor\/demos\/wp-content\/uploads\/sites\/2\/2017\/06\/landing-pic-2-1.jpg?id=637","id":""},"background_size":"cover","background_repeat":"no-repeat","padding":{"unit":"px","top":"95","right":"30","bottom":"280","left":"30","isLinked":""},"structure":"30","background_position_tablet":"center center"},"elements":[{"id":"b7073c1","elType":"column","settings":{"_column_size":"33","_inline_size":"25","column_sticky_offset":"50","scroll_y":"-80"},"elements":[],"isInner":""},{"id":"5402373","elType":"column","settings":{"_column_size":"33","_inline_size":"49.332","_inline_size_tablet":"100","column_sticky_offset":"50","scroll_y":"-80"},"elements":[{"id":"ebc10db","elType":"widget","settings":{"subtitle":"","title":"Grand Repos &amp; Panchina","after_title":"","size":"extra-large","title_typography_typography":"custom","scroll_y":"-80","title_typography_font_size_tablet":{"unit":"px","size":"36","sizes":[]},"title_typography_font_size_mobile":{"unit":"px","size":"28","sizes":[]},"title_typography_line_height_tablet":{"unit":"px","size":"46","sizes":[]},"title_typography_line_height_mobile":{"unit":"px","size":"38","sizes":[]}},"elements":[],"widgetType":"wd_title"},{"id":"2006214","elType":"widget","settings":{"typography_typography":"custom","align":"left","el_class":"text-larger","editor":"<p style=\"text-align: center\">Turpis amet per fusce ullamcorper auctor enim a adipiscing est scelerisque at ornare justo vestibulum laoreet eget vel taciti a vestibulum ac enim magna parturient aenean.<\/p>\n","_css_classes":"text-larger","scroll_y":"-80"},"elements":[],"widgetType":"text-editor"},{"id":"4061164","elType":"widget","settings":{"subtitle":"","after_title":"","image_size":"custom","title":"\u00a34299.00","font_container":"tag:h2|font_size:45px|text_align:center","google_fonts":"font_family:Lato%3A100%2C100italic%2C300%2C300italic%2Cregular%2Citalic%2C700%2C700italic%2C900%2C900italic|font_style:400%20regular%3A400%3Anormal","scroll_y":"-80","size":"large","title_typography_typography":"custom","title_typography_font_size":{"unit":"px","size":"45","sizes":[]},"title_typography_font_weight":"400"},"elements":[],"widgetType":"wd_title"},{"id":"9397451","elType":"widget","settings":{"color":"primary","size":"large","text":"ADD TO CART","scroll_y":"-80"},"elements":[],"widgetType":"wd_button"}],"isInner":""},{"id":"249485a","elType":"column","settings":{"_column_size":"33","_inline_size":"25","column_sticky_offset":"50","scroll_y":"-80"},"elements":[],"isInner":""}],"isInner":""},{"id":"5015220","elType":"section","settings":{"wd_section_stretch":"stretch-content","woodmart_parallax":"1","background_background":"classic","background_image":{"url":"http:\/\/dummy.xtemos.com\/woodmart-elementor\/demos\/wp-content\/uploads\/sites\/2\/2017\/06\/wood-main-bg.jpg?id=44","id":""},"structure":"30","margin":{"unit":"px","top":"0","right":"0","bottom":"-40","left":"0","isLinked":""},"padding":{"unit":"px","top":"160","right":"15","bottom":"160","left":"15","isLinked":""},"padding_mobile":{"unit":"px","top":"120","right":"15","bottom":"120","left":"15","isLinked":""}},"elements":[{"id":"d736a3c","elType":"column","settings":{"_column_size":"33","_inline_size":"32","wd_color_scheme":"light","_inline_size_tablet":"10","_inline_size_mobile":"100","background_background":"classic","column_sticky_offset":"50","scroll_y":"-80"},"elements":[],"isInner":""},{"id":"7808210","elType":"column","settings":{"_column_size":"33","_inline_size":"35.332","wd_color_scheme":"light","_inline_size_tablet":"80","_inline_size_mobile":"100","background_background":"classic","background_color":"rgba(0, 0, 0, 0.5)","padding":{"unit":"%","top":"5","right":"10","bottom":"5","left":"10","isLinked":""},"column_sticky_offset":"50","scroll_y":"-80"},"elements":[{"id":"8737791","elType":"section","settings":{"el_class":"text-center","_background_background":"classic","_background_color":"rgba(10,10,10,0.5)","margin":{"unit":"px","top":"0","right":"0","bottom":"0","left":"0","isLinked":"1"}},"elements":[{"id":"8416897","elType":"column","settings":{"_column_size":"100","column_sticky_offset":"50","scroll_y":"-80"},"elements":[{"id":"31b14a4","elType":"widget","settings":{"subtitle":"","title":"Vestibulum enimar\nposuere aliqi sodales","after_title":"","size":"extra-large","title_typography_typography":"custom","scroll_y":"-80","title_typography_font_size_tablet":{"unit":"px","size":"36","sizes":[]},"title_typography_font_size_mobile":{"unit":"px","size":"28","sizes":[]},"title_typography_line_height_tablet":{"unit":"px","size":"46","sizes":[]},"title_typography_line_height_mobile":{"unit":"px","size":"38","sizes":[]}},"elements":[],"widgetType":"wd_title"},{"id":"6553944","elType":"widget","settings":{"typography_typography":"custom","align":"left","el_class":"text-larger","editor":"<p style=\"text-align: center\">Phasellus a ac hac turpis accumsan erat a consectetur lorem ultricies aliquam parturient molestie ut dui vestibulum ullamcorper enim a phasellus. Hendrerit vel a et primis scelerisque iaculis.<\/p>\n","_css_classes":"text-larger","scroll_y":"-80"},"elements":[],"widgetType":"text-editor"},{"id":"a96f92c","elType":"widget","settings":{"form_id":"74","content_width":{"unit":"px","size":"400","sizes":[]},"scroll_y":"-80"},"elements":[],"widgetType":"wd_mailchimp"},{"id":"1889128","elType":"widget","settings":{"style":"bordered","color":"light","scroll_y":"-80"},"elements":[],"widgetType":"wd_social_buttons"}],"isInner":"1"}],"isInner":"1"}],"isInner":""},{"id":"2a33897","elType":"column","settings":{"_column_size":"33","_inline_size":"32","wd_color_scheme":"light","_inline_size_tablet":"10","_inline_size_mobile":"100","background_background":"classic","column_sticky_offset":"50","scroll_y":"-80"},"elements":[],"isInner":""}],"isInner":""}]]]></wp:meta_value>
		</wp:postmeta>
							<wp:postmeta>
			<wp:meta_key>_elementor_edit_mode</wp:meta_key>
			<wp:meta_value><![CDATA[builder]]></wp:meta_value>
		</wp:postmeta>
							<wp:postmeta>
			<wp:meta_key>_elementor_version</wp:meta_key>
			<wp:meta_value><![CDATA[2.9.11]]></wp:meta_value>
		</wp:postmeta>
							<wp:postmeta>
			<wp:meta_key>_elementor_template_type</wp:meta_key>
			<wp:meta_value><![CDATA[wp-page]]></wp:meta_value>
		</wp:postmeta>
							<wp:postmeta>
			<wp:meta_key>_elementor_controls_usage</wp:meta_key>
			<wp:meta_value><![CDATA[a:10:{s:6:"column";a:3:{s:5:"count";i:23;s:15:"control_percent";i:2;s:8:"controls";a:3:{s:6:"layout";a:1:{s:6:"layout";a:4:{s:12:"_inline_size";i:13;s:19:"_inline_size_tablet";i:14;s:19:"_inline_size_mobile";i:8;s:5:"align";i:1;}}s:8:"advanced";a:2:{s:8:"wd_extra";a:2:{s:20:"column_sticky_offset";i:23;s:8:"scroll_y";i:23;}s:16:"section_advanced";a:3:{s:6:"margin";i:1;s:7:"padding";i:4;s:14:"padding_mobile";i:1;}}s:5:"style";a:2:{s:14:"wd_extra_style";a:1:{s:15:"wd_color_scheme";i:6;}s:13:"section_style";a:2:{s:21:"background_background";i:6;s:16:"background_color";i:4;}}}}s:5:"image";a:3:{s:5:"count";i:4;s:15:"control_percent";i:2;s:8:"controls";a:2:{s:7:"content";a:1:{s:13:"section_image";a:4:{s:5:"align";i:4;s:10:"image_size";i:4;s:5:"image";i:4;s:22:"image_custom_dimension";i:4;}}s:8:"advanced";a:2:{s:8:"wd_extra";a:1:{s:8:"scroll_y";i:4;}s:14:"_section_style";a:2:{s:7:"_margin";i:1;s:15:"_padding_tablet";i:1;}}}}s:8:"wd_title";a:3:{s:5:"count";i:8;s:15:"control_percent";i:3;s:8:"controls";a:3:{s:7:"content";a:1:{s:23:"general_content_section";a:3:{s:8:"subtitle";i:8;s:5:"title";i:8;s:11:"after_title";i:8;}}s:5:"style";a:2:{s:21:"general_style_section";a:2:{s:4:"size";i:8;s:5:"align";i:4;}s:19:"title_style_section";a:8:{s:27:"title_typography_typography";i:8;s:33:"title_typography_font_size_tablet";i:7;s:33:"title_typography_font_size_mobile";i:7;s:35:"title_typography_line_height_tablet";i:7;s:35:"title_typography_line_height_mobile";i:7;s:10:"image_size";i:1;s:26:"title_typography_font_size";i:1;s:28:"title_typography_font_weight";i:1;}}s:8:"advanced";a:1:{s:8:"wd_extra";a:1:{s:8:"scroll_y";i:8;}}}}s:11:"text-editor";a:3:{s:5:"count";i:10;s:15:"control_percent";i:2;s:8:"controls";a:3:{s:5:"style";a:1:{s:13:"section_style";a:2:{s:21:"typography_typography";i:10;s:5:"align";i:10;}}s:7:"content";a:1:{s:14:"section_editor";a:1:{s:6:"editor";i:10;}}s:8:"advanced";a:2:{s:14:"_section_style";a:2:{s:7:"_margin";i:1;s:12:"_css_classes";i:9;}s:8:"wd_extra";a:1:{s:8:"scroll_y";i:10;}}}}s:9:"wd_button";a:3:{s:5:"count";i:7;s:15:"control_percent";i:2;s:8:"controls";a:3:{s:8:"advanced";a:3:{s:17:"_section_position";a:1:{s:14:"_element_width";i:6;}s:14:"_section_style";a:1:{s:7:"_margin";i:3;}s:8:"wd_extra";a:1:{s:8:"scroll_y";i:7;}}s:7:"content";a:1:{s:23:"general_content_section";a:1:{s:4:"text";i:7;}}s:5:"style";a:1:{s:21:"general_style_section";a:3:{s:5:"color";i:4;s:5:"style";i:3;s:4:"size";i:1;}}}}s:7:"section";a:3:{s:5:"count";i:11;s:15:"control_percent";i:2;s:8:"controls";a:3:{s:6:"layout";a:3:{s:15:"wd_extra_layout";a:1:{s:18:"wd_section_stretch";i:5;}s:17:"section_structure";a:1:{s:9:"structure";i:9;}s:14:"section_layout";a:1:{s:16:"content_position";i:4;}}s:5:"style";a:1:{s:18:"section_background";a:7:{s:21:"background_background";i:5;s:16:"background_image";i:4;s:16:"background_color";i:1;s:21:"background_video_link";i:1;s:15:"background_size";i:1;s:17:"background_repeat";i:1;s:26:"background_position_tablet";i:1;}}s:8:"advanced";a:1:{s:16:"section_advanced";a:4:{s:6:"margin";i:8;s:7:"padding";i:5;s:13:"margin_mobile";i:1;s:14:"padding_mobile";i:4;}}}}s:7:"divider";a:3:{s:5:"count";i:2;s:15:"control_percent";i:1;s:8:"controls";a:3:{s:7:"content";a:1:{s:15:"section_divider";a:1:{s:5:"align";i:2;}}s:5:"style";a:1:{s:21:"section_divider_style";a:1:{s:5:"color";i:2;}}s:8:"advanced";a:1:{s:8:"wd_extra";a:1:{s:8:"scroll_y";i:2;}}}}s:10:"wd_infobox";a:3:{s:5:"count";i:4;s:15:"control_percent";i:3;s:8:"controls";a:3:{s:7:"content";a:2:{s:20:"icon_content_section";a:4:{s:9:"icon_type";i:4;s:10:"image_size";i:4;s:5:"image";i:4;s:22:"image_custom_dimension";i:4;}s:15:"content_section";a:4:{s:8:"btn_text";i:4;s:8:"subtitle";i:4;s:5:"title";i:4;s:7:"content";i:4;}}s:5:"style";a:1:{s:21:"general_style_section";a:2:{s:9:"alignment";i:4;s:15:"image_alignment";i:4;}}s:8:"advanced";a:1:{s:8:"wd_extra";a:1:{s:8:"scroll_y";i:4;}}}}s:12:"wd_mailchimp";a:3:{s:5:"count";i:1;s:15:"control_percent";i:2;s:8:"controls";a:3:{s:7:"content";a:1:{s:23:"general_content_section";a:1:{s:7:"form_id";i:1;}}s:5:"style";a:1:{s:21:"general_style_section";a:1:{s:13:"content_width";i:1;}}s:8:"advanced";a:1:{s:8:"wd_extra";a:1:{s:8:"scroll_y";i:1;}}}}s:17:"wd_social_buttons";a:3:{s:5:"count";i:1;s:15:"control_percent";i:2;s:8:"controls";a:2:{s:5:"style";a:1:{s:21:"general_style_section";a:2:{s:5:"style";i:1;s:5:"color";i:1;}}s:8:"advanced";a:1:{s:8:"wd_extra";a:1:{s:8:"scroll_y";i:1;}}}}}]]></wp:meta_value>
		</wp:postmeta>
						</item>
					<item>
		<title>
				004-tv-furniture		</title>
		<link>http://dummy.xtemos.com/woodmart-elementor/demos/home-landing/004-tv-furniture/</link>
		<pubDate>Mon, 26 Jun 2017 12:13:55 +0000</pubDate>
		<dc:creator><![CDATA[erwin]]></dc:creator>
		<guid isPermaLink="false">http://dummy.xtemos.com/woodmart-elementor/demos/wp-content/uploads/sites/2/2017/06/004-tv-furniture.svg</guid>
		<description></description>
		<content:encoded><![CDATA[]]></content:encoded>
		<excerpt:encoded><![CDATA[]]></excerpt:encoded>
		<wp:post_id>634</wp:post_id>
		<wp:post_date>2017-06-26 12:13:55</wp:post_date>
		<wp:post_date_gmt>2017-06-26 12:13:55</wp:post_date_gmt>
		<wp:comment_status>open</wp:comment_status>
		<wp:ping_status>closed</wp:ping_status>
		<wp:post_name>004-tv-furniture</wp:post_name>
		<wp:status>inherit</wp:status>
		<wp:post_parent>633</wp:post_parent>
		<wp:menu_order>0</wp:menu_order>
		<wp:post_type>attachment</wp:post_type>
		<wp:post_password></wp:post_password>
		<wp:is_sticky>0</wp:is_sticky>
						<wp:attachment_url>http://dummy.xtemos.com/woodmart-elementor/demos/wp-content/uploads/sites/2/2017/06/004-tv-furniture.svg</wp:attachment_url>
												<wp:postmeta>
			<wp:meta_key>_wp_attached_file</wp:meta_key>
			<wp:meta_value><![CDATA[2017/06/004-tv-furniture.svg]]></wp:meta_value>
		</wp:postmeta>
							<wp:postmeta>
			<wp:meta_key>_elementor_inline_svg</wp:meta_key>
			<wp:meta_value><![CDATA[<?xml version="1.0" encoding="iso-8859-1"?>
<!-- Generator: Adobe Illustrator 18.0.0, SVG Export Plug-In . SVG Version: 6.00 Build 0)  -->
<!DOCTYPE svg PUBLIC "-//W3C//DTD SVG 1.1//EN" "http://www.w3.org/Graphics/SVG/1.1/DTD/svg11.dtd">
<svg xmlns="http://www.w3.org/2000/svg" xmlns:xlink="http://www.w3.org/1999/xlink" version="1.1" id="Capa_1" x="0px" y="0px" viewBox="0 0 376.661 376.661" style="enable-background:new 0 0 376.661 376.661;" xml:space="preserve" width="512px" height="512px">
<g>
	<path d="M370.322,230.168H253.678l-39.161-18.342V198.17h108.75V0H53.394v198.17h108.75v13.656l-39.162,18.342H6.339v113.495   h17.249v32.998h21.999v-32.998h285.485v32.998h22v-32.998h17.249V230.168z M363.322,237.168v28.498H191.831v-28.498H363.322z    M191.831,272.666h171.491v28.498H191.831V272.666z M184.831,301.164H13.339v-28.498h171.491V301.164z M60.394,191.17V7h255.873   v184.17H60.394z M207.517,198.17v12.382h-38.373V198.17H207.517z M165.923,217.786h44.815l26.436,12.382h-97.688L165.923,217.786z    M184.831,237.168v28.498H13.339v-28.498H184.831z M38.587,369.661h-7.999v-25.998h7.999V369.661z M13.339,336.663v-28.499h171.491   v28.499H13.339z M346.073,369.661h-8v-25.998h8V369.661z M191.831,336.663v-28.499h171.491v28.499H191.831z" fill="#9E9E9E"/>
	<path d="M308.825,13.839H67.836v170.492h240.988V13.839z M301.825,177.331H74.836V20.839h226.988V177.331z" fill="#9E9E9E"/>
	<rect x="87.585" y="243.079" width="23" height="7" fill="#9E9E9E"/>
	<rect x="87.585" y="313.579" width="23" height="7" fill="#9E9E9E"/>
	<rect x="87.585" y="278.329" width="23" height="7" fill="#9E9E9E"/>
	<rect x="266.076" y="243.079" width="23" height="7" fill="#9E9E9E"/>
	<rect x="266.076" y="313.579" width="23" height="7" fill="#9E9E9E"/>
	<rect x="266.076" y="278.329" width="23" height="7" fill="#9E9E9E"/>
</g>
<g>
</g>
<g>
</g>
<g>
</g>
<g>
</g>
<g>
</g>
<g>
</g>
<g>
</g>
<g>
</g>
<g>
</g>
<g>
</g>
<g>
</g>
<g>
</g>
<g>
</g>
<g>
</g>
<g>
</g>
</svg>
]]></wp:meta_value>
		</wp:postmeta>
						</item>
					<item>
		<title>
				brand-vitra-wite		</title>
		<link>http://dummy.xtemos.com/woodmart-elementor/demos/home-landing/brand-vitra-wite/</link>
		<pubDate>Mon, 26 Jun 2017 12:16:19 +0000</pubDate>
		<dc:creator><![CDATA[erwin]]></dc:creator>
		<guid isPermaLink="false">http://dummy.xtemos.com/woodmart-elementor/demos/wp-content/uploads/sites/2/2017/06/brand-vitra-wite.png</guid>
		<description></description>
		<content:encoded><![CDATA[]]></content:encoded>
		<excerpt:encoded><![CDATA[]]></excerpt:encoded>
		<wp:post_id>635</wp:post_id>
		<wp:post_date>2017-06-26 12:16:19</wp:post_date>
		<wp:post_date_gmt>2017-06-26 12:16:19</wp:post_date_gmt>
		<wp:comment_status>open</wp:comment_status>
		<wp:ping_status>closed</wp:ping_status>
		<wp:post_name>brand-vitra-wite</wp:post_name>
		<wp:status>inherit</wp:status>
		<wp:post_parent>633</wp:post_parent>
		<wp:menu_order>0</wp:menu_order>
		<wp:post_type>attachment</wp:post_type>
		<wp:post_password></wp:post_password>
		<wp:is_sticky>0</wp:is_sticky>
						<wp:attachment_url>http://dummy.xtemos.com/woodmart-elementor/demos/wp-content/uploads/sites/2/2017/06/brand-vitra-wite.png</wp:attachment_url>
												<wp:postmeta>
			<wp:meta_key>_wp_attached_file</wp:meta_key>
			<wp:meta_value><![CDATA[2017/06/brand-vitra-wite.png]]></wp:meta_value>
		</wp:postmeta>
						</item>
					<item>
		<title>
				vitra-pic-14		</title>
		<link>http://dummy.xtemos.com/woodmart-elementor/demos/home-landing/vitra-pic-14/</link>
		<pubDate>Mon, 26 Jun 2017 12:20:13 +0000</pubDate>
		<dc:creator><![CDATA[erwin]]></dc:creator>
		<guid isPermaLink="false">http://dummy.xtemos.com/woodmart-elementor/demos/wp-content/uploads/sites/2/2017/06/vitra-pic-14.jpg</guid>
		<description></description>
		<content:encoded><![CDATA[]]></content:encoded>
		<excerpt:encoded><![CDATA[]]></excerpt:encoded>
		<wp:post_id>636</wp:post_id>
		<wp:post_date>2017-06-26 12:20:13</wp:post_date>
		<wp:post_date_gmt>2017-06-26 12:20:13</wp:post_date_gmt>
		<wp:comment_status>open</wp:comment_status>
		<wp:ping_status>closed</wp:ping_status>
		<wp:post_name>vitra-pic-14</wp:post_name>
		<wp:status>inherit</wp:status>
		<wp:post_parent>633</wp:post_parent>
		<wp:menu_order>0</wp:menu_order>
		<wp:post_type>attachment</wp:post_type>
		<wp:post_password></wp:post_password>
		<wp:is_sticky>0</wp:is_sticky>
						<wp:attachment_url>http://dummy.xtemos.com/woodmart-elementor/demos/wp-content/uploads/sites/2/2017/06/vitra-pic-14.jpg</wp:attachment_url>
												<wp:postmeta>
			<wp:meta_key>_wp_attached_file</wp:meta_key>
			<wp:meta_value><![CDATA[2017/06/vitra-pic-14.jpg]]></wp:meta_value>
		</wp:postmeta>
						</item>
				</channel>
</rss>
	