<?xml version="1.0" encoding="UTF-8" ?>
<!-- This is a WordPress eXtended RSS file generated by WordPress as an export of your site. -->
<!-- It contains information about your site's posts, pages, comments, categories, and other content. -->
<!-- You may use this file to transfer that content from one site to another. -->
<!-- This file is not intended to serve as a complete backup of your site. -->

<!-- To import this information into a WordPress site follow these steps: -->
<!-- 1. Log in to that site as an administrator. -->
<!-- 2. Go to Tools: Import in the WordPress admin panel. -->
<!-- 3. Install the "WordPress" importer from the list. -->
<!-- 4. Activate & Run Importer. -->
<!-- 5. Upload this file using the form provided on that page. -->
<!-- 6. You will first be asked to map the authors in this export file to users -->
<!--    on the site. For each author, you may choose to map to an -->
<!--    existing user on the site or to create a new user. -->
<!-- 7. WordPress will then import each of the posts, pages, comments, categories, etc. -->
<!--    contained in this file into your site. -->

	<!-- generator="WordPress/5.4.2" created="2020-07-02 11:46" -->
<rss version="2.0"
	xmlns:excerpt="http://wordpress.org/export/1.2/excerpt/"
	xmlns:content="http://purl.org/rss/1.0/modules/content/"
	xmlns:wfw="http://wellformedweb.org/CommentAPI/"
	xmlns:dc="http://purl.org/dc/elements/1.1/"
	xmlns:wp="http://wordpress.org/export/1.2/"
>

<channel>
	<title>Woodmart dummy demos</title>
	<link>http://dummy.xtemos.com/woodmart-elementor/demos</link>
	<description>Just another Woodmart Dummy Content Sites site</description>
	<pubDate>Thu, 02 Jul 2020 11:46:12 +0000</pubDate>
	<language>en-US</language>
	<wp:wxr_version>1.2</wp:wxr_version>
	<wp:base_site_url>http://dummy.xtemos.com/woodmart-elementor/</wp:base_site_url>
	<wp:base_blog_url>http://dummy.xtemos.com/woodmart-elementor/demos</wp:base_blog_url>

		<wp:author><wp:author_id>2</wp:author_id><wp:author_login>erwin</wp:author_login><wp:author_email>ss@asas.as</wp:author_email><wp:author_display_name><![CDATA[erwin]]></wp:author_display_name><wp:author_first_name><![CDATA[]]></wp:author_first_name><wp:author_last_name><![CDATA[]]></wp:author_last_name></wp:author>

				
	<generator>https://wordpress.org/?v=5.4.2</generator>

		<item>
		<title>
				Home parallax		</title>
		<link>http://dummy.xtemos.com/woodmart-elementor/demos/home-parallax/</link>
		<pubDate>Sat, 24 Jun 2017 11:23:22 +0000</pubDate>
		<dc:creator><![CDATA[erwin]]></dc:creator>
		<guid isPermaLink="false">http://dummy.xtemos.com/woodmart-elementor/demos/?page_id=570</guid>
		<description></description>
		<content:encoded><![CDATA[[rev_slider alias="slider-parallax"][/rev_slider]<p>Premium WordPress theme</p>		
				<h4>
					COLORFUL PICTURES MAKE IMPRESSION				</h4>
					Cum rhoncus adipiscing a vestibulum blandit suspendisse a diam maecenas habitant sit in pretium rutrum ac luctus duis vulputate parturient.				
			<a href="#">
					READ MORE				
							</a>
			<a href="#">
					SEE PRODUCTS				
							</a>
				<h4>
					WOOD PARALLAX IMAGES. AMAZING LANDING PAGE				</h4>
					Cum rhoncus adipiscing a vestibulum blandit suspendisse a diam maecenas habitant sit in pretium rutrum ac luctus duis vulputate parturient.				
			<a href="#">
					READ MORE				
							</a>
			<a href="#">
					SEE PRODUCTS				
							</a>
		<p>Premium WordPress theme</p>		
				<h4>
					INSPIRATION IMAGES MAKE IMPRESSION				</h4>
					Cum rhoncus adipiscing a vestibulum blandit suspendisse a diam maecenas habitant sit in pretium rutrum ac luctus duis vulputate parturient.				
			<a href="#">
					READ MORE				
							</a>
			<a href="#">
					SEE PRODUCTS				
							</a>
				<h4>
					STYLED MODELS &amp; CREATIVE DESIGNERS				</h4>
					Cum rhoncus adipiscing a vestibulum blandit suspendisse a diam maecenas habitant sit in pretium rutrum ac luctus duis vulputate parturient.				
			<a href="#">
					READ MORE				
							</a>
			<a href="#">
					SEE PRODUCTS				
							</a>]]></content:encoded>
		<excerpt:encoded><![CDATA[]]></excerpt:encoded>
		<wp:post_id>570</wp:post_id>
		<wp:post_date>2017-06-24 11:23:22</wp:post_date>
		<wp:post_date_gmt>2017-06-24 11:23:22</wp:post_date_gmt>
		<wp:comment_status>closed</wp:comment_status>
		<wp:ping_status>closed</wp:ping_status>
		<wp:post_name>home-parallax</wp:post_name>
		<wp:status>publish</wp:status>
		<wp:post_parent>0</wp:post_parent>
		<wp:menu_order>0</wp:menu_order>
		<wp:post_type>page</wp:post_type>
		<wp:post_password></wp:post_password>
		<wp:is_sticky>0</wp:is_sticky>
														<wp:postmeta>
			<wp:meta_key>_wp_page_template</wp:meta_key>
			<wp:meta_value><![CDATA[default]]></wp:meta_value>
		</wp:postmeta>
							<wp:postmeta>
			<wp:meta_key>_woodmart_header</wp:meta_key>
			<wp:meta_value><![CDATA[shop]]></wp:meta_value>
		</wp:postmeta>
							<wp:postmeta>
			<wp:meta_key>_woodmart_header_color_scheme</wp:meta_key>
			<wp:meta_value><![CDATA[light]]></wp:meta_value>
		</wp:postmeta>
							<wp:postmeta>
			<wp:meta_key>_woodmart_main_layout</wp:meta_key>
			<wp:meta_value><![CDATA[full-width]]></wp:meta_value>
		</wp:postmeta>
							<wp:postmeta>
			<wp:meta_key>_woodmart_header-overlap</wp:meta_key>
			<wp:meta_value><![CDATA[on]]></wp:meta_value>
		</wp:postmeta>
							<wp:postmeta>
			<wp:meta_key>_woodmart_title_off</wp:meta_key>
			<wp:meta_value><![CDATA[on]]></wp:meta_value>
		</wp:postmeta>
							<wp:postmeta>
			<wp:meta_key>_woodmart_prefooter_off</wp:meta_key>
			<wp:meta_value><![CDATA[on]]></wp:meta_value>
		</wp:postmeta>
							<wp:postmeta>
			<wp:meta_key>_woodmart_whb_header</wp:meta_key>
			<wp:meta_value><![CDATA[header_495913]]></wp:meta_value>
		</wp:postmeta>
							<wp:postmeta>
			<wp:meta_key>_elementor_data</wp:meta_key>
			<wp:meta_value><![CDATA[[{"id":"2898199","elType":"section","settings":{"wd_section_stretch":"stretch-content","gap":"no","padding":{"unit":"px","top":"0","right":"0","bottom":"0","left":"0","isLinked":"1"}},"elements":[{"id":"2051116","elType":"column","settings":{"_column_size":"100","column_sticky_offset":"50","scroll_y":"-80"},"elements":[{"id":"5959357","elType":"widget","settings":{"shortcode":"[rev_slider alias=\"slider-parallax\"][\/rev_slider]","revslidertitle":"slider-parallax","scroll_y":"-80"},"elements":[],"widgetType":"slider_revolution"}],"isInner":""}],"isInner":""},{"id":"616992","elType":"section","settings":{"wd_section_stretch":"stretch","woodmart_parallax":"1","background_background":"classic","background_image":{"url":"http:\/\/dummy.xtemos.com\/woodmart-elementor\/demos\/wp-content\/uploads\/sites\/2\/2017\/06\/wood-parallax-5.jpg?id=572","id":""},"structure":"20","background_position":"center center","background_attachment":"fixed","padding":{"unit":"px","top":"170","right":"5","bottom":"170","left":"15","isLinked":""},"padding_mobile":{"unit":"px","top":"110","right":"15","bottom":"110","left":"15","isLinked":""},"css_classes":"test"},"elements":[{"id":"b56a6c7","elType":"column","settings":{"_column_size":"50","column_sticky_offset":"50","scroll_y":"-80","hide_tablet":"hidden-tablet","hide_mobile":"hidden-phone"},"elements":[],"isInner":""},{"id":"4539529","elType":"column","settings":{"_column_size":"50","parallax_scroll":"yes","scroll_x":"0","scroll_y":"-40","scroll_z":"0","column_sticky_offset":"50","column_parallax":"parallax-on-scroll"},"elements":[{"id":"74d304e","elType":"widget","settings":{"editor":"<p>Premium WordPress theme<\/p>","text_color":"#FFFFFF","typography_typography":"custom","typography_font_family":"Satisfy","typography_font_size":{"unit":"px","size":"24","sizes":[]},"_margin":{"unit":"px","top":"0","right":"0","bottom":"-10","left":"0","isLinked":""},"scroll_y":"-80"},"elements":[],"widgetType":"text-editor"},{"id":"8789858","elType":"widget","settings":{"subtitle":"","after_title":"Cum rhoncus adipiscing a vestibulum blandit suspendisse a diam maecenas habitant sit in pretium rutrum ac luctus duis vulputate parturient.","image_size":"custom","size":"extra-large","color":"white","align":"left","subtitle_font":"alt","class":"``hide-xs``","title":"COLORFUL PICTURES MAKE IMPRESSION","scroll_y":"-80"},"elements":[],"widgetType":"wd_title"},{"id":"9897951","elType":"widget","settings":{"color":"white","_element_width":"auto","text":"READ MORE","_margin":{"unit":"px","top":"0","right":"15","bottom":"15","left":"0","isLinked":""},"scroll_y":"-80"},"elements":[],"widgetType":"wd_button"},{"id":"4467448","elType":"widget","settings":{"color":"white","style":"bordered","_element_width":"auto","text":"SEE PRODUCTS","scroll_y":"-80"},"elements":[],"widgetType":"wd_button"}],"isInner":""}],"isInner":""},{"id":"4386924","elType":"section","settings":{"wd_section_stretch":"stretch","woodmart_parallax":"1","background_background":"classic","background_image":{"url":"http:\/\/dummy.xtemos.com\/woodmart-elementor\/demos\/wp-content\/uploads\/sites\/2\/2017\/06\/wood-parallax-7.jpg?id=571","id":""},"structure":"20","background_position":"center center","background_attachment":"fixed","padding":{"unit":"px","top":"170","right":"15","bottom":"170","left":"15","isLinked":""},"padding_mobile":{"unit":"px","top":"110","right":"15","bottom":"110","left":"15","isLinked":""}},"elements":[{"id":"912002","elType":"column","settings":{"_column_size":"50","parallax_scroll":"yes","scroll_x":"0","scroll_y":"-40","scroll_z":"0","column_sticky_offset":"50","column_parallax":"parallax-on-scroll"},"elements":[{"id":"1342755","elType":"widget","settings":{"subtitle":"","after_title":"Cum rhoncus adipiscing a vestibulum blandit suspendisse a diam maecenas habitant sit in pretium rutrum ac luctus duis vulputate parturient.","image_size":"custom","size":"extra-large","color":"white","align":"left","subtitle_font":"alt","title":"WOOD PARALLAX IMAGES. AMAZING LANDING PAGE","scroll_y":"-80"},"elements":[],"widgetType":"wd_title"},{"id":"524429","elType":"widget","settings":{"color":"white","_element_width":"auto","text":"READ MORE","_margin":{"unit":"px","top":"0","right":"15","bottom":"15","left":"0","isLinked":""},"scroll_y":"-80"},"elements":[],"widgetType":"wd_button"},{"id":"6850354","elType":"widget","settings":{"color":"white","style":"bordered","_element_width":"auto","text":"SEE PRODUCTS","scroll_y":"-80"},"elements":[],"widgetType":"wd_button"}],"isInner":""},{"id":"98f1333","elType":"column","settings":{"_column_size":"50","column_sticky_offset":"50","scroll_y":"-80","hide_tablet":"hidden-tablet","hide_mobile":"hidden-phone"},"elements":[],"isInner":""}],"isInner":""},{"id":"989000","elType":"section","settings":{"wd_section_stretch":"stretch","woodmart_parallax":"1","background_background":"classic","background_image":{"url":"http:\/\/dummy.xtemos.com\/woodmart-elementor\/demos\/wp-content\/uploads\/sites\/2\/2017\/06\/wood-parallax-5.jpg?id=572","id":""},"structure":"20","background_position":"center center","background_attachment":"fixed","padding":{"unit":"px","top":"170","right":"15","bottom":"170","left":"15","isLinked":""},"padding_mobile":{"unit":"px","top":"110","right":"15","bottom":"110","left":"15","isLinked":""}},"elements":[{"id":"83dcd15","elType":"column","settings":{"_column_size":"50","column_sticky_offset":"50","scroll_y":"-80","hide_tablet":"hidden-tablet","hide_mobile":"hidden-phone"},"elements":[],"isInner":""},{"id":"3902348","elType":"column","settings":{"_column_size":"50","parallax_scroll":"yes","scroll_x":"0","scroll_y":"-40","scroll_z":"0","column_sticky_offset":"50","column_parallax":"parallax-on-scroll"},"elements":[{"id":"c96a68f","elType":"widget","settings":{"editor":"<p>Premium WordPress theme<\/p>","text_color":"#FFFFFF","typography_typography":"custom","typography_font_family":"Satisfy","typography_font_size":{"unit":"px","size":"24","sizes":[]},"_margin":{"unit":"px","top":"0","right":"0","bottom":"-10","left":"0","isLinked":""},"scroll_y":"-80"},"elements":[],"widgetType":"text-editor"},{"id":"8616645","elType":"widget","settings":{"subtitle":"","after_title":"Cum rhoncus adipiscing a vestibulum blandit suspendisse a diam maecenas habitant sit in pretium rutrum ac luctus duis vulputate parturient.","image_size":"custom","size":"extra-large","color":"white","align":"left","subtitle_font":"alt","title":"INSPIRATION IMAGES MAKE IMPRESSION","scroll_y":"-80"},"elements":[],"widgetType":"wd_title"},{"id":"9668858","elType":"widget","settings":{"color":"white","_element_width":"auto","text":"READ MORE","_margin":{"unit":"px","top":"0","right":"15","bottom":"15","left":"0","isLinked":""},"scroll_y":"-80"},"elements":[],"widgetType":"wd_button"},{"id":"8547814","elType":"widget","settings":{"color":"white","style":"bordered","_element_width":"auto","text":"SEE PRODUCTS","scroll_y":"-80"},"elements":[],"widgetType":"wd_button"}],"isInner":""}],"isInner":""},{"id":"5985807","elType":"section","settings":{"wd_section_stretch":"stretch","woodmart_parallax":"1","background_background":"classic","background_image":{"url":"http:\/\/dummy.xtemos.com\/woodmart-elementor\/demos\/wp-content\/uploads\/sites\/2\/2017\/06\/wood-parallax-7.jpg?id=571","id":""},"structure":"20","background_position":"center center","background_attachment":"fixed","margin":{"unit":"px","top":"0","right":"0","bottom":"-40","left":"0","isLinked":""},"padding":{"unit":"px","top":"170","right":"15","bottom":"170","left":"15","isLinked":""},"padding_mobile":{"unit":"px","top":"110","right":"15","bottom":"110","left":"15","isLinked":""}},"elements":[{"id":"2309092","elType":"column","settings":{"_column_size":"50","parallax_scroll":"yes","scroll_x":"0","scroll_y":"-40","scroll_z":"0","column_sticky_offset":"50","column_parallax":"parallax-on-scroll"},"elements":[{"id":"4989069","elType":"widget","settings":{"subtitle":"","after_title":"Cum rhoncus adipiscing a vestibulum blandit suspendisse a diam maecenas habitant sit in pretium rutrum ac luctus duis vulputate parturient.","image_size":"custom","size":"extra-large","color":"white","align":"left","subtitle_font":"alt","title":"STYLED MODELS &amp; CREATIVE DESIGNERS","scroll_y":"-80"},"elements":[],"widgetType":"wd_title"},{"id":"7277404","elType":"widget","settings":{"color":"white","_element_width":"auto","text":"READ MORE","_margin":{"unit":"px","top":"0","right":"15","bottom":"15","left":"0","isLinked":""},"scroll_y":"-80"},"elements":[],"widgetType":"wd_button"},{"id":"575996","elType":"widget","settings":{"color":"white","style":"bordered","_element_width":"auto","text":"SEE PRODUCTS","scroll_y":"-80"},"elements":[],"widgetType":"wd_button"}],"isInner":""},{"id":"2f6009a","elType":"column","settings":{"_column_size":"50","column_sticky_offset":"50","scroll_y":"-80","hide_tablet":"hidden-tablet","hide_mobile":"hidden-phone"},"elements":[],"isInner":""}],"isInner":""}]]]></wp:meta_value>
		</wp:postmeta>
							<wp:postmeta>
			<wp:meta_key>_elementor_edit_mode</wp:meta_key>
			<wp:meta_value><![CDATA[builder]]></wp:meta_value>
		</wp:postmeta>
							<wp:postmeta>
			<wp:meta_key>_elementor_version</wp:meta_key>
			<wp:meta_value><![CDATA[2.9.11]]></wp:meta_value>
		</wp:postmeta>
							<wp:postmeta>
			<wp:meta_key>_elementor_template_type</wp:meta_key>
			<wp:meta_value><![CDATA[wp-page]]></wp:meta_value>
		</wp:postmeta>
							<wp:postmeta>
			<wp:meta_key>_elementor_controls_usage</wp:meta_key>
			<wp:meta_value><![CDATA[a:6:{s:17:"slider_revolution";a:3:{s:5:"count";i:1;s:15:"control_percent";i:2;s:8:"controls";a:2:{s:7:"content";a:1:{s:15:"content_section";a:2:{s:9:"shortcode";i:1;s:14:"revslidertitle";i:1;}}s:8:"advanced";a:1:{s:8:"wd_extra";a:1:{s:8:"scroll_y";i:1;}}}}s:6:"column";a:3:{s:5:"count";i:9;s:15:"control_percent";i:1;s:8:"controls";a:1:{s:8:"advanced";a:2:{s:8:"wd_extra";a:5:{s:20:"column_sticky_offset";i:9;s:8:"scroll_y";i:9;s:8:"scroll_x";i:4;s:8:"scroll_z";i:4;s:15:"column_parallax";i:4;}s:19:"_section_responsive";a:2:{s:11:"hide_tablet";i:4;s:11:"hide_mobile";i:4;}}}}s:7:"section";a:3:{s:5:"count";i:5;s:15:"control_percent";i:3;s:8:"controls";a:3:{s:6:"layout";a:3:{s:15:"wd_extra_layout";a:1:{s:18:"wd_section_stretch";i:5;}s:14:"section_layout";a:1:{s:3:"gap";i:1;}s:17:"section_structure";a:1:{s:9:"structure";i:4;}}s:8:"advanced";a:1:{s:16:"section_advanced";a:4:{s:7:"padding";i:5;s:14:"padding_mobile";i:4;s:11:"css_classes";i:1;s:6:"margin";i:1;}}s:5:"style";a:1:{s:18:"section_background";a:4:{s:21:"background_background";i:4;s:16:"background_image";i:4;s:19:"background_position";i:4;s:21:"background_attachment";i:4;}}}}s:11:"text-editor";a:3:{s:5:"count";i:2;s:15:"control_percent";i:3;s:8:"controls";a:3:{s:7:"content";a:1:{s:14:"section_editor";a:1:{s:6:"editor";i:2;}}s:5:"style";a:1:{s:13:"section_style";a:4:{s:10:"text_color";i:2;s:21:"typography_typography";i:2;s:22:"typography_font_family";i:2;s:20:"typography_font_size";i:2;}}s:8:"advanced";a:2:{s:14:"_section_style";a:1:{s:7:"_margin";i:2;}s:8:"wd_extra";a:1:{s:8:"scroll_y";i:2;}}}}s:8:"wd_title";a:3:{s:5:"count";i:4;s:15:"control_percent";i:3;s:8:"controls";a:3:{s:7:"content";a:1:{s:23:"general_content_section";a:3:{s:8:"subtitle";i:4;s:11:"after_title";i:4;s:5:"title";i:4;}}s:5:"style";a:2:{s:19:"title_style_section";a:1:{s:10:"image_size";i:4;}s:21:"general_style_section";a:3:{s:4:"size";i:4;s:5:"color";i:4;s:5:"align";i:4;}}s:8:"advanced";a:1:{s:8:"wd_extra";a:1:{s:8:"scroll_y";i:4;}}}}s:9:"wd_button";a:3:{s:5:"count";i:8;s:15:"control_percent";i:2;s:8:"controls";a:3:{s:5:"style";a:1:{s:21:"general_style_section";a:2:{s:5:"color";i:8;s:5:"style";i:4;}}s:8:"advanced";a:3:{s:17:"_section_position";a:1:{s:14:"_element_width";i:8;}s:14:"_section_style";a:1:{s:7:"_margin";i:4;}s:8:"wd_extra";a:1:{s:8:"scroll_y";i:8;}}s:7:"content";a:1:{s:23:"general_content_section";a:1:{s:4:"text";i:8;}}}}}]]></wp:meta_value>
		</wp:postmeta>
						</item>
				</channel>
</rss>
	