<?xml version="1.0" encoding="UTF-8" ?>
<!-- This is a WordPress eXtended RSS file generated by WordPress as an export of your site. -->
<!-- It contains information about your site's posts, pages, comments, categories, and other content. -->
<!-- You may use this file to transfer that content from one site to another. -->
<!-- This file is not intended to serve as a complete backup of your site. -->

<!-- To import this information into a WordPress site follow these steps: -->
<!-- 1. Log in to that site as an administrator. -->
<!-- 2. Go to Tools: Import in the WordPress admin panel. -->
<!-- 3. Install the "WordPress" importer from the list. -->
<!-- 4. Activate & Run Importer. -->
<!-- 5. Upload this file using the form provided on that page. -->
<!-- 6. You will first be asked to map the authors in this export file to users -->
<!--    on the site. For each author, you may choose to map to an -->
<!--    existing user on the site or to create a new user. -->
<!-- 7. WordPress will then import each of the posts, pages, comments, categories, etc. -->
<!--    contained in this file into your site. -->

	<!-- generator="WordPress/5.4.2" created="2020-07-13 07:50" -->
<rss version="2.0"
	xmlns:excerpt="http://wordpress.org/export/1.2/excerpt/"
	xmlns:content="http://purl.org/rss/1.0/modules/content/"
	xmlns:wfw="http://wellformedweb.org/CommentAPI/"
	xmlns:dc="http://purl.org/dc/elements/1.1/"
	xmlns:wp="http://wordpress.org/export/1.2/"
>

<channel>
	<title>Woodmart dummy demos</title>
	<link>http://dummy.xtemos.com/woodmart-elementor/demos</link>
	<description>Just another Woodmart Dummy Content Sites site</description>
	<pubDate>Mon, 13 Jul 2020 07:50:39 +0000</pubDate>
	<language>en-US</language>
	<wp:wxr_version>1.2</wp:wxr_version>
	<wp:base_site_url>http://dummy.xtemos.com/woodmart-elementor/</wp:base_site_url>
	<wp:base_blog_url>http://dummy.xtemos.com/woodmart-elementor/demos</wp:base_blog_url>

		<wp:author><wp:author_id>2</wp:author_id><wp:author_login>erwin</wp:author_login><wp:author_email>ss@asas.as</wp:author_email><wp:author_display_name><![CDATA[erwin]]></wp:author_display_name><wp:author_first_name><![CDATA[]]></wp:author_first_name><wp:author_last_name><![CDATA[]]></wp:author_last_name></wp:author>

				
	<generator>https://wordpress.org/?v=5.4.2</generator>

		<item>
		<title>
				wood-gallery-placeholder-5		</title>
		<link>http://dummy.xtemos.com/woodmart-elementor/demos/home-base/wood-gallery-placeholder-5/</link>
		<pubDate>Wed, 14 Jun 2017 11:33:22 +0000</pubDate>
		<dc:creator><![CDATA[admin]]></dc:creator>
		<guid isPermaLink="false">http://dummy.xtemos.com/woodmart-elementor/demos/wp-content/uploads/sites/2/2017/06/wood-gallery-placeholder-5.jpg</guid>
		<description></description>
		<content:encoded><![CDATA[]]></content:encoded>
		<excerpt:encoded><![CDATA[]]></excerpt:encoded>
		<wp:post_id>77</wp:post_id>
		<wp:post_date>2017-06-14 11:33:22</wp:post_date>
		<wp:post_date_gmt>2017-06-14 11:33:22</wp:post_date_gmt>
		<wp:comment_status>open</wp:comment_status>
		<wp:ping_status>closed</wp:ping_status>
		<wp:post_name>wood-gallery-placeholder-5</wp:post_name>
		<wp:status>inherit</wp:status>
		<wp:post_parent>57</wp:post_parent>
		<wp:menu_order>0</wp:menu_order>
		<wp:post_type>attachment</wp:post_type>
		<wp:post_password></wp:post_password>
		<wp:is_sticky>0</wp:is_sticky>
						<wp:attachment_url>http://dummy.xtemos.com/woodmart-elementor/demos/wp-content/uploads/sites/2/2017/06/wood-gallery-placeholder-5.jpg</wp:attachment_url>
												<wp:postmeta>
			<wp:meta_key>_wp_attached_file</wp:meta_key>
			<wp:meta_value><![CDATA[2017/06/wood-gallery-placeholder-5.jpg]]></wp:meta_value>
		</wp:postmeta>
						</item>
					<item>
		<title>
				wood-gallery-placeholder		</title>
		<link>http://dummy.xtemos.com/woodmart-elementor/demos/home-base/wood-gallery-placeholder/</link>
		<pubDate>Wed, 14 Jun 2017 11:33:24 +0000</pubDate>
		<dc:creator><![CDATA[admin]]></dc:creator>
		<guid isPermaLink="false">http://dummy.xtemos.com/woodmart-elementor/demos/wp-content/uploads/sites/2/2017/06/wood-gallery-placeholder.jpg</guid>
		<description></description>
		<content:encoded><![CDATA[]]></content:encoded>
		<excerpt:encoded><![CDATA[]]></excerpt:encoded>
		<wp:post_id>78</wp:post_id>
		<wp:post_date>2017-06-14 11:33:24</wp:post_date>
		<wp:post_date_gmt>2017-06-14 11:33:24</wp:post_date_gmt>
		<wp:comment_status>open</wp:comment_status>
		<wp:ping_status>closed</wp:ping_status>
		<wp:post_name>wood-gallery-placeholder</wp:post_name>
		<wp:status>inherit</wp:status>
		<wp:post_parent>57</wp:post_parent>
		<wp:menu_order>0</wp:menu_order>
		<wp:post_type>attachment</wp:post_type>
		<wp:post_password></wp:post_password>
		<wp:is_sticky>0</wp:is_sticky>
						<wp:attachment_url>http://dummy.xtemos.com/woodmart-elementor/demos/wp-content/uploads/sites/2/2017/06/wood-gallery-placeholder.jpg</wp:attachment_url>
												<wp:postmeta>
			<wp:meta_key>_wp_attached_file</wp:meta_key>
			<wp:meta_value><![CDATA[2017/06/wood-gallery-placeholder.jpg]]></wp:meta_value>
		</wp:postmeta>
						</item>
					<item>
		<title>
				wood-gallery-placeholder-2		</title>
		<link>http://dummy.xtemos.com/woodmart-elementor/demos/home-base/wood-gallery-placeholder-2/</link>
		<pubDate>Wed, 14 Jun 2017 11:33:26 +0000</pubDate>
		<dc:creator><![CDATA[admin]]></dc:creator>
		<guid isPermaLink="false">http://dummy.xtemos.com/woodmart-elementor/demos/wp-content/uploads/sites/2/2017/06/wood-gallery-placeholder-2.jpg</guid>
		<description></description>
		<content:encoded><![CDATA[]]></content:encoded>
		<excerpt:encoded><![CDATA[]]></excerpt:encoded>
		<wp:post_id>79</wp:post_id>
		<wp:post_date>2017-06-14 11:33:26</wp:post_date>
		<wp:post_date_gmt>2017-06-14 11:33:26</wp:post_date_gmt>
		<wp:comment_status>open</wp:comment_status>
		<wp:ping_status>closed</wp:ping_status>
		<wp:post_name>wood-gallery-placeholder-2</wp:post_name>
		<wp:status>inherit</wp:status>
		<wp:post_parent>57</wp:post_parent>
		<wp:menu_order>0</wp:menu_order>
		<wp:post_type>attachment</wp:post_type>
		<wp:post_password></wp:post_password>
		<wp:is_sticky>0</wp:is_sticky>
						<wp:attachment_url>http://dummy.xtemos.com/woodmart-elementor/demos/wp-content/uploads/sites/2/2017/06/wood-gallery-placeholder-2.jpg</wp:attachment_url>
												<wp:postmeta>
			<wp:meta_key>_wp_attached_file</wp:meta_key>
			<wp:meta_value><![CDATA[2017/06/wood-gallery-placeholder-2.jpg]]></wp:meta_value>
		</wp:postmeta>
						</item>
					<item>
		<title>
				wood-gallery-placeholder-3		</title>
		<link>http://dummy.xtemos.com/woodmart-elementor/demos/home-base/wood-gallery-placeholder-3/</link>
		<pubDate>Wed, 14 Jun 2017 11:33:28 +0000</pubDate>
		<dc:creator><![CDATA[admin]]></dc:creator>
		<guid isPermaLink="false">http://dummy.xtemos.com/woodmart-elementor/demos/wp-content/uploads/sites/2/2017/06/wood-gallery-placeholder-3.jpg</guid>
		<description></description>
		<content:encoded><![CDATA[]]></content:encoded>
		<excerpt:encoded><![CDATA[]]></excerpt:encoded>
		<wp:post_id>80</wp:post_id>
		<wp:post_date>2017-06-14 11:33:28</wp:post_date>
		<wp:post_date_gmt>2017-06-14 11:33:28</wp:post_date_gmt>
		<wp:comment_status>open</wp:comment_status>
		<wp:ping_status>closed</wp:ping_status>
		<wp:post_name>wood-gallery-placeholder-3</wp:post_name>
		<wp:status>inherit</wp:status>
		<wp:post_parent>57</wp:post_parent>
		<wp:menu_order>0</wp:menu_order>
		<wp:post_type>attachment</wp:post_type>
		<wp:post_password></wp:post_password>
		<wp:is_sticky>0</wp:is_sticky>
						<wp:attachment_url>http://dummy.xtemos.com/woodmart-elementor/demos/wp-content/uploads/sites/2/2017/06/wood-gallery-placeholder-3.jpg</wp:attachment_url>
												<wp:postmeta>
			<wp:meta_key>_wp_attached_file</wp:meta_key>
			<wp:meta_value><![CDATA[2017/06/wood-gallery-placeholder-3.jpg]]></wp:meta_value>
		</wp:postmeta>
						</item>
					<item>
		<title>
				Home cosmetics		</title>
		<link>http://dummy.xtemos.com/woodmart-elementor/demos/home-cosmetics/</link>
		<pubDate>Tue, 03 Oct 2017 12:46:10 +0000</pubDate>
		<dc:creator><![CDATA[erwin]]></dc:creator>
		<guid isPermaLink="false">http://dummy.xtemos.com/woodmart-elementor/demos/?page_id=1043</guid>
		<description></description>
		<content:encoded><![CDATA[<article id="post-90">
		<header>
							<figure>
						<a href="http://dummy.xtemos.com/woodmart-elementor/demos/2017/06/14/non-vestibulum-lacus-sociosqu/">
							<img width="1024" height="625" src="http://dummy.xtemos.com/woodmart-elementor/demos/wp-content/uploads/sites/2/2017/06/wood-blog-placeholder.jpg" alt="" />						</a>
				</figure>
					14				
					Jun				
				</header><!-- .entry-header -->
							<a href="http://dummy.xtemos.com/woodmart-elementor/demos/category/furniture/" rel="category tag">Furniture</a>
							<h3>
					<a href="http://dummy.xtemos.com/woodmart-elementor/demos/2017/06/14/non-vestibulum-lacus-sociosqu/" rel="bookmark">Non vestibulum lacus sociosqu</a>
				</h3>
								<ul>
										<li>June 14, 2017</li>
																<li>
															Posted by																						<img alt='author-avatar' src='http://2.gravatar.com/avatar/e2861dedf067ea2500566d0269cf9e64?s=32&#038;d=mm&#038;r=g' class='avatar avatar-32 photo' height='32' width='32' />														<a href="http://dummy.xtemos.com/woodmart-elementor/demos/author/admin/" rel="author">
									admin
							</a>
						</li>
																																																			<li>
														<a href="http://dummy.xtemos.com/woodmart-elementor/demos/2017/06/14/non-vestibulum-lacus-sociosqu/#respond">0 comments</a>						</li>
																						</ul>
						<!-- .entry-meta -->
									<a rel="nofollow noopener noreferrer" href="https://www.facebook.com/sharer/sharer.php?u=http://dummy.xtemos.com/woodmart-elementor/demos/2017/06/14/non-vestibulum-lacus-sociosqu/" target="_blank">
						<i></i>
						Facebook
					</a>
									<a rel="nofollow noopener noreferrer" href="https://twitter.com/share?url=http://dummy.xtemos.com/woodmart-elementor/demos/2017/06/14/non-vestibulum-lacus-sociosqu/" target="_blank">
						<i></i>
						Twitter
					</a>
									<a rel="nofollow noopener noreferrer" href="https://pinterest.com/pin/create/button/?url=http://dummy.xtemos.com/woodmart-elementor/demos/2017/06/14/non-vestibulum-lacus-sociosqu/&amp;media=http://dummy.xtemos.com/woodmart-elementor/demos/wp-content/uploads/sites/2/2017/06/wood-blog-placeholder.jpg&amp;description=Non+vestibulum+lacus+sociosqu" target="_blank">
						<i></i>
						Pinterest
					</a>
									<a rel="nofollow noopener noreferrer" href="https://www.linkedin.com/shareArticle?mini=true&amp;url=http://dummy.xtemos.com/woodmart-elementor/demos/2017/06/14/non-vestibulum-lacus-sociosqu/" target="_blank">
						<i></i>
						linkedin
					</a>
									<a rel="nofollow noopener noreferrer" href="https://telegram.me/share/url?url=http://dummy.xtemos.com/woodmart-elementor/demos/2017/06/14/non-vestibulum-lacus-sociosqu/" target="_blank">
						<i></i>
						Telegram
					</a>
					Ac haca ullamcorper donec ante habi tasse donec imperdiet eturpis varius per a augue magna hac. Nec hac et vestibulum duis a tincidunt ...<p><a href="http://dummy.xtemos.com/woodmart-elementor/demos/2017/06/14/non-vestibulum-lacus-sociosqu/">Continue reading</a></p>				<!-- .entry-content -->
</article><!-- #post -->
<article id="post-105">
		<header>
							<figure>
						<a href="http://dummy.xtemos.com/woodmart-elementor/demos/2017/06/14/green-interior-design-inspiration/">
							<img width="1024" height="625" src="http://dummy.xtemos.com/woodmart-elementor/demos/wp-content/uploads/sites/2/2017/06/wood-blog-placeholder.jpg" alt="" />						</a>
				</figure>
					14				
					Jun				
				</header><!-- .entry-header -->
							<a href="http://dummy.xtemos.com/woodmart-elementor/demos/category/design-trends/" rel="category tag">Design trends</a>
							<h3>
					<a href="http://dummy.xtemos.com/woodmart-elementor/demos/2017/06/14/green-interior-design-inspiration/" rel="bookmark">Green interior design inspiration</a>
				</h3>
								<ul>
										<li>June 14, 2017</li>
																<li>
															Posted by																						<img alt='author-avatar' src='http://2.gravatar.com/avatar/e2861dedf067ea2500566d0269cf9e64?s=32&#038;d=mm&#038;r=g' class='avatar avatar-32 photo' height='32' width='32' />														<a href="http://dummy.xtemos.com/woodmart-elementor/demos/author/admin/" rel="author">
									admin
							</a>
						</li>
																																																			<li>
														<a href="http://dummy.xtemos.com/woodmart-elementor/demos/2017/06/14/green-interior-design-inspiration/#respond">0 comments</a>						</li>
																						</ul>
						<!-- .entry-meta -->
									<a rel="nofollow noopener noreferrer" href="https://www.facebook.com/sharer/sharer.php?u=http://dummy.xtemos.com/woodmart-elementor/demos/2017/06/14/green-interior-design-inspiration/" target="_blank">
						<i></i>
						Facebook
					</a>
									<a rel="nofollow noopener noreferrer" href="https://twitter.com/share?url=http://dummy.xtemos.com/woodmart-elementor/demos/2017/06/14/green-interior-design-inspiration/" target="_blank">
						<i></i>
						Twitter
					</a>
									<a rel="nofollow noopener noreferrer" href="https://pinterest.com/pin/create/button/?url=http://dummy.xtemos.com/woodmart-elementor/demos/2017/06/14/green-interior-design-inspiration/&amp;media=http://dummy.xtemos.com/woodmart-elementor/demos/wp-content/uploads/sites/2/2017/06/wood-blog-placeholder.jpg&amp;description=Green+interior+design+inspiration" target="_blank">
						<i></i>
						Pinterest
					</a>
									<a rel="nofollow noopener noreferrer" href="https://www.linkedin.com/shareArticle?mini=true&amp;url=http://dummy.xtemos.com/woodmart-elementor/demos/2017/06/14/green-interior-design-inspiration/" target="_blank">
						<i></i>
						linkedin
					</a>
									<a rel="nofollow noopener noreferrer" href="https://telegram.me/share/url?url=http://dummy.xtemos.com/woodmart-elementor/demos/2017/06/14/green-interior-design-inspiration/" target="_blank">
						<i></i>
						Telegram
					</a>
					Vivamus enim sagittis aptent hac mi dui a per aptent suspendisse cras odio bibendum augue rhoncus laoreet dui praesent sodales sodales....<p><a href="http://dummy.xtemos.com/woodmart-elementor/demos/2017/06/14/green-interior-design-inspiration/">Continue reading</a></p>				<!-- .entry-content -->
</article><!-- #post -->
<article id="post-116">
		<header>
							<figure>
						<a href="http://dummy.xtemos.com/woodmart-elementor/demos/2017/06/14/minimalist-design-furniture-2016/">
							<img width="1024" height="625" src="http://dummy.xtemos.com/woodmart-elementor/demos/wp-content/uploads/sites/2/2017/06/wood-blog-placeholder.jpg" alt="" />						</a>
				</figure>
					14				
					Jun				
				</header><!-- .entry-header -->
							<a href="http://dummy.xtemos.com/woodmart-elementor/demos/category/furniture/" rel="category tag">Furniture</a>
							<h3>
					<a href="http://dummy.xtemos.com/woodmart-elementor/demos/2017/06/14/minimalist-design-furniture-2016/" rel="bookmark">Minimalist design furniture 2016</a>
				</h3>
								<ul>
										<li>June 14, 2017</li>
																<li>
															Posted by																						<img alt='author-avatar' src='http://2.gravatar.com/avatar/e2861dedf067ea2500566d0269cf9e64?s=32&#038;d=mm&#038;r=g' class='avatar avatar-32 photo' height='32' width='32' />														<a href="http://dummy.xtemos.com/woodmart-elementor/demos/author/admin/" rel="author">
									admin
							</a>
						</li>
																																																			<li>
														<a href="http://dummy.xtemos.com/woodmart-elementor/demos/2017/06/14/minimalist-design-furniture-2016/#respond">0 comments</a>						</li>
																						</ul>
						<!-- .entry-meta -->
									<a rel="nofollow noopener noreferrer" href="https://www.facebook.com/sharer/sharer.php?u=http://dummy.xtemos.com/woodmart-elementor/demos/2017/06/14/minimalist-design-furniture-2016/" target="_blank">
						<i></i>
						Facebook
					</a>
									<a rel="nofollow noopener noreferrer" href="https://twitter.com/share?url=http://dummy.xtemos.com/woodmart-elementor/demos/2017/06/14/minimalist-design-furniture-2016/" target="_blank">
						<i></i>
						Twitter
					</a>
									<a rel="nofollow noopener noreferrer" href="https://pinterest.com/pin/create/button/?url=http://dummy.xtemos.com/woodmart-elementor/demos/2017/06/14/minimalist-design-furniture-2016/&amp;media=http://dummy.xtemos.com/woodmart-elementor/demos/wp-content/uploads/sites/2/2017/06/wood-blog-placeholder.jpg&amp;description=Minimalist+design+furniture+2016" target="_blank">
						<i></i>
						Pinterest
					</a>
									<a rel="nofollow noopener noreferrer" href="https://www.linkedin.com/shareArticle?mini=true&amp;url=http://dummy.xtemos.com/woodmart-elementor/demos/2017/06/14/minimalist-design-furniture-2016/" target="_blank">
						<i></i>
						linkedin
					</a>
									<a rel="nofollow noopener noreferrer" href="https://telegram.me/share/url?url=http://dummy.xtemos.com/woodmart-elementor/demos/2017/06/14/minimalist-design-furniture-2016/" target="_blank">
						<i></i>
						Telegram
					</a>
					A taciti cras scelerisque scelerisque gravida natoque nulla vestibulum turpis primis adipiscing faucibus scelerisque adipiscing aliquet...<p><a href="http://dummy.xtemos.com/woodmart-elementor/demos/2017/06/14/minimalist-design-furniture-2016/">Continue reading</a></p>				<!-- .entry-content -->
</article><!-- #post -->
<article id="post-122">
		<header>
							<figure>
						<a href="http://dummy.xtemos.com/woodmart-elementor/demos/2017/06/14/reinterprets-the-classic-bookshelf/">
							<img width="1024" height="625" src="http://dummy.xtemos.com/woodmart-elementor/demos/wp-content/uploads/sites/2/2017/06/wood-blog-placeholder.jpg" alt="" />						</a>
				</figure>
					14				
					Jun				
				</header><!-- .entry-header -->
							<a href="http://dummy.xtemos.com/woodmart-elementor/demos/category/decoration/" rel="category tag">Decoration</a>
							<h3>
					<a href="http://dummy.xtemos.com/woodmart-elementor/demos/2017/06/14/reinterprets-the-classic-bookshelf/" rel="bookmark">Reinterprets the classic bookshelf</a>
				</h3>
								<ul>
										<li>June 14, 2017</li>
																<li>
															Posted by																						<img alt='author-avatar' src='http://2.gravatar.com/avatar/e2861dedf067ea2500566d0269cf9e64?s=32&#038;d=mm&#038;r=g' class='avatar avatar-32 photo' height='32' width='32' />														<a href="http://dummy.xtemos.com/woodmart-elementor/demos/author/admin/" rel="author">
									admin
							</a>
						</li>
																																																			<li>
														<a href="http://dummy.xtemos.com/woodmart-elementor/demos/2017/06/14/reinterprets-the-classic-bookshelf/#respond">0 comments</a>						</li>
																						</ul>
						<!-- .entry-meta -->
									<a rel="nofollow noopener noreferrer" href="https://www.facebook.com/sharer/sharer.php?u=http://dummy.xtemos.com/woodmart-elementor/demos/2017/06/14/reinterprets-the-classic-bookshelf/" target="_blank">
						<i></i>
						Facebook
					</a>
									<a rel="nofollow noopener noreferrer" href="https://twitter.com/share?url=http://dummy.xtemos.com/woodmart-elementor/demos/2017/06/14/reinterprets-the-classic-bookshelf/" target="_blank">
						<i></i>
						Twitter
					</a>
									<a rel="nofollow noopener noreferrer" href="https://pinterest.com/pin/create/button/?url=http://dummy.xtemos.com/woodmart-elementor/demos/2017/06/14/reinterprets-the-classic-bookshelf/&amp;media=http://dummy.xtemos.com/woodmart-elementor/demos/wp-content/uploads/sites/2/2017/06/wood-blog-placeholder.jpg&amp;description=Reinterprets+the+classic+bookshelf" target="_blank">
						<i></i>
						Pinterest
					</a>
									<a rel="nofollow noopener noreferrer" href="https://www.linkedin.com/shareArticle?mini=true&amp;url=http://dummy.xtemos.com/woodmart-elementor/demos/2017/06/14/reinterprets-the-classic-bookshelf/" target="_blank">
						<i></i>
						linkedin
					</a>
									<a rel="nofollow noopener noreferrer" href="https://telegram.me/share/url?url=http://dummy.xtemos.com/woodmart-elementor/demos/2017/06/14/reinterprets-the-classic-bookshelf/" target="_blank">
						<i></i>
						Telegram
					</a>
					Aliquet parturient scele risque scele risque nibh pretium parturient suspendisse platea sapien torquent feugiat parturient hac amet. Vo...<p><a href="http://dummy.xtemos.com/woodmart-elementor/demos/2017/06/14/reinterprets-the-classic-bookshelf/">Continue reading</a></p>				<!-- .entry-content -->
</article><!-- #post -->
				 <!-- end product-items -->
			 <!-- end #carousel-631 -->
								<a href="//www.instagram.com/p/CCku_TxHmOe/" target="_self" rel="noopener noreferrer"></a>
																	<img src="//instagram.fckc1-1.fna.fbcdn.net/v/t51.2885-15/e35/c0.99.1440.1440a/s320x320/107432788_2720455784858307_6791305578631209374_n.jpg?_nc_ht=instagram.fckc1-1.fna.fbcdn.net&#038;_nc_cat=103&#038;_nc_ohc=tquwQM3XFGoAX_Z_x2d&#038;oh=902a7eeb2eba03c09a0d22c4b39bbe8d&#038;oe=5F371188" />																
										196
										19
								<a href="//www.instagram.com/p/CCiHPLenkRx/" target="_self" rel="noopener noreferrer"></a>
																	<img src="//instagram.fckc1-1.fna.fbcdn.net/v/t51.2885-15/e35/c0.70.1440.1440a/s320x320/107932497_313180193387494_7364178113858459719_n.jpg?_nc_ht=instagram.fckc1-1.fna.fbcdn.net&#038;_nc_cat=110&#038;_nc_ohc=7Tmzp9qoOiUAX-QigUd&#038;oh=4fd1caeb6386d75bca36e81bf2ae744c&#038;oe=5F34DADD" />																
										1656
										81
								<a href="//www.instagram.com/p/CCc6o_OH70U/" target="_self" rel="noopener noreferrer"></a>
																	<img src="//instagram.fckc1-1.fna.fbcdn.net/v/t51.2885-15/e35/c0.159.1440.1440a/s320x320/106814168_144005423998628_8445161504025547656_n.jpg?_nc_ht=instagram.fckc1-1.fna.fbcdn.net&#038;_nc_cat=108&#038;_nc_ohc=QJNWdqm9xsYAX8SSUbT&#038;oh=eb5521afdcbfa0c2ac7de9aecfb5009b&#038;oe=5F34ABE8" />																
										2165
										132
								<a href="//www.instagram.com/p/CCX0SBrH67W/" target="_self" rel="noopener noreferrer"></a>
																	<img src="//instagram.fckc1-1.fna.fbcdn.net/v/t51.2885-15/e35/c0.155.1440.1440a/s320x320/106919947_566829330659122_3926244528577175476_n.jpg?_nc_ht=instagram.fckc1-1.fna.fbcdn.net&#038;_nc_cat=110&#038;_nc_ohc=Rt66n51DbwoAX9WNCBG&#038;oh=7fad3430dfbf6f7348ca5c557817f06f&#038;oe=5F378E9E" />																
										2111
										129
								<a href="//www.instagram.com/p/CCVOdhLnmsQ/" target="_self" rel="noopener noreferrer"></a>
																	<img src="//instagram.fckc1-1.fna.fbcdn.net/v/t51.2885-15/e35/c0.180.1440.1440a/s320x320/106818123_728343521070857_7390910583283599296_n.jpg?_nc_ht=instagram.fckc1-1.fna.fbcdn.net&#038;_nc_cat=105&#038;_nc_ohc=XHJCuPMh6RwAX--0Mo3&#038;oh=25f955b9bcf878487bf0c0ad9c36d952&#038;oe=5F35A947" />																
										1527
										65
								<a href="//www.instagram.com/p/CCQEDvsHfOX/" target="_self" rel="noopener noreferrer"></a>
																	<img src="//instagram.fckc1-1.fna.fbcdn.net/v/t51.2885-15/e35/c0.129.1440.1440a/s320x320/106236337_742254976345519_1735294086886526773_n.jpg?_nc_ht=instagram.fckc1-1.fna.fbcdn.net&#038;_nc_cat=107&#038;_nc_ohc=Ui-Q-j1dyxkAX83lOhE&#038;oh=59133eb809f2292f6b0ca7c15480a746&#038;oe=5F345071" />																
										2596
										98]]></content:encoded>
		<excerpt:encoded><![CDATA[]]></excerpt:encoded>
		<wp:post_id>1043</wp:post_id>
		<wp:post_date>2017-10-03 12:46:10</wp:post_date>
		<wp:post_date_gmt>2017-10-03 12:46:10</wp:post_date_gmt>
		<wp:comment_status>closed</wp:comment_status>
		<wp:ping_status>closed</wp:ping_status>
		<wp:post_name>home-cosmetics</wp:post_name>
		<wp:status>publish</wp:status>
		<wp:post_parent>0</wp:post_parent>
		<wp:menu_order>0</wp:menu_order>
		<wp:post_type>page</wp:post_type>
		<wp:post_password></wp:post_password>
		<wp:is_sticky>0</wp:is_sticky>
														<wp:postmeta>
			<wp:meta_key>_wp_page_template</wp:meta_key>
			<wp:meta_value><![CDATA[default]]></wp:meta_value>
		</wp:postmeta>
							<wp:postmeta>
			<wp:meta_key>_woodmart_main_layout</wp:meta_key>
			<wp:meta_value><![CDATA[full-width]]></wp:meta_value>
		</wp:postmeta>
							<wp:postmeta>
			<wp:meta_key>_woodmart_header_color_scheme</wp:meta_key>
			<wp:meta_value><![CDATA[inherit]]></wp:meta_value>
		</wp:postmeta>
							<wp:postmeta>
			<wp:meta_key>_woodmart_title_off</wp:meta_key>
			<wp:meta_value><![CDATA[on]]></wp:meta_value>
		</wp:postmeta>
							<wp:postmeta>
			<wp:meta_key>_woodmart_prefooter_off</wp:meta_key>
			<wp:meta_value><![CDATA[on]]></wp:meta_value>
		</wp:postmeta>
							<wp:postmeta>
			<wp:meta_key>_elementor_data</wp:meta_key>
			<wp:meta_value><![CDATA[[{"id":"8705206","elType":"section","settings":{"wd_section_stretch":"stretch-content","gap":"no","margin":{"unit":"px","top":"-40","right":"0","bottom":"60","left":"0","isLinked":""},"padding":{"unit":"px","top":"0","right":"0","bottom":"0","left":"0","isLinked":"1"},"margin_mobile":{"unit":"px","top":"-40","right":"0","bottom":"40","left":"0","isLinked":""}},"elements":[{"id":"4418480","elType":"column","settings":{"_column_size":"100","column_sticky_offset":"50","scroll_y":"-80"},"elements":[{"id":"5878009","elType":"widget","settings":{"shortcode":"[rev_slider alias=\"home-cosmetics\"][\/rev_slider]","revslidertitle":"home-cosmetics","scroll_y":"-80"},"elements":[],"widgetType":"slider_revolution"}],"isInner":""}],"isInner":""},{"id":"2301879","elType":"section","settings":{"wd_section_stretch":"stretch","border_width":{"top":"0","left":"0","right":"0","bottom":"1","unit":"px","isLinked":""},"border_border":"solid","border_color":"#eaeaea","structure":"30","margin":{"unit":"px","top":"0","right":"0","bottom":"60","left":"0","isLinked":""},"padding":{"unit":"px","top":"0","right":"15","bottom":"60","left":"15","isLinked":""},"gap":"extended","margin_mobile":{"unit":"px","top":"0","right":"0","bottom":"35","left":"0","isLinked":""},"padding_mobile":{"unit":"px","top":"0","right":"15","bottom":"40","left":"15","isLinked":""}},"elements":[{"id":"3843043","elType":"column","settings":{"_column_size":"33","column_sticky_offset":"50","scroll_y":"-80","space_between_widgets":"0"},"elements":[{"id":"5763570","elType":"widget","settings":{"align":"left","image_size":"custom","title":"","subtitle":"","content":"","btn_text":"","btn_position":"static","hover":"parallax","woodmart_color_scheme":"dark","image_custom_dimension":{"width":"600","height":"400"},"image":{"id":"78","url":"#"},"width":{"size":"70","unit":"%"},"btn_color":"primary","btn_style":"link","btn_size":"small","subtitle_color":"primary","title_size":"extra-large","text_alignment":"center","horizontal_alignment":"center","vertical_alignment":"middle","scroll_y":"-80"},"elements":[],"widgetType":"wd_banner"},{"id":"8957653","elType":"widget","settings":{"icon_type":"icon","btn_text":"read more","image_size":"custom","subtitle":"","title":"SERUMS &amp; OILS","btn_color":"primary","btn_style":"link","subtitle_color":"primary","_background_background":"classic","_background_color":"#ffffff","el_class":"z-index-10 position-relative","content":"Gravida turpis placerat tristique conse ctetur a condim entum nostra aliquet adipis.","icon_text":"53","scroll_y":"-80","_margin":{"unit":"px","top":"-30","right":"20","bottom":"0","left":"20","isLinked":""},"_padding":{"unit":"%","top":"5","right":"5","bottom":"0","left":"5","isLinked":""}},"elements":[],"widgetType":"wd_infobox"}],"isInner":""},{"id":"7226954","elType":"column","settings":{"_column_size":"33","column_sticky_offset":"50","scroll_y":"-80","space_between_widgets":"0"},"elements":[{"id":"5770067","elType":"widget","settings":{"align":"left","image_size":"custom","title":"","subtitle":"","content":"","btn_text":"","btn_position":"static","hover":"parallax","woodmart_color_scheme":"dark","image_custom_dimension":{"width":"600","height":"400"},"image":{"id":"79","url":"#"},"width":{"size":"70","unit":"%"},"btn_color":"primary","btn_style":"link","btn_size":"small","subtitle_color":"primary","title_size":"extra-large","text_alignment":"center","horizontal_alignment":"center","vertical_alignment":"middle","scroll_y":"-80"},"elements":[],"widgetType":"wd_banner"},{"id":"9853243","elType":"widget","settings":{"icon_type":"icon","btn_text":"read more","image_size":"custom","subtitle":"","title":"ORGANICS CREAM","btn_color":"primary","btn_style":"link","subtitle_color":"primary","_background_background":"classic","_background_color":"#ffffff","el_class":"z-index-10 position-relative","content":"Gravida turpis placerat tristique conse ctetur a condim entum nostra aliquet adipis.","icon_text":"53","scroll_y":"-80","_margin":{"unit":"px","top":"-30","right":"20","bottom":"0","left":"20","isLinked":""},"_padding":{"unit":"%","top":"5","right":"5","bottom":"0","left":"5","isLinked":""}},"elements":[],"widgetType":"wd_infobox"}],"isInner":""},{"id":"3698985","elType":"column","settings":{"_column_size":"33","column_sticky_offset":"50","scroll_y":"-80","space_between_widgets":"0"},"elements":[{"id":"4454848","elType":"widget","settings":{"align":"left","image_size":"custom","title":"","subtitle":"","content":"","btn_text":"","btn_position":"static","hover":"parallax","woodmart_color_scheme":"dark","image_custom_dimension":{"width":"600","height":"400"},"image":{"id":"80","url":"#"},"width":{"size":"70","unit":"%"},"btn_color":"primary","btn_style":"link","btn_size":"small","subtitle_color":"primary","title_size":"extra-large","text_alignment":"center","horizontal_alignment":"center","vertical_alignment":"middle","scroll_y":"-80"},"elements":[],"widgetType":"wd_banner"},{"id":"3012830","elType":"widget","settings":{"icon_type":"icon","btn_text":"read more","image_size":"custom","subtitle":"","title":"FACIAL CLEANSER","btn_color":"primary","btn_style":"link","subtitle_color":"primary","_background_background":"classic","_background_color":"#ffffff","el_class":"z-index-10 position-relative","content":"Gravida turpis placerat tristique conse ctetur a condim entum nostra aliquet adipis.","icon_text":"53","scroll_y":"-80","_margin":{"unit":"px","top":"-30","right":"20","bottom":"0","left":"20","isLinked":""},"_padding":{"unit":"%","top":"5","right":"5","bottom":"0","left":"5","isLinked":""}},"elements":[],"widgetType":"wd_infobox"}],"isInner":""}],"isInner":""},{"id":"7941216","elType":"section","settings":{"content_position":"middle","structure":"20","margin":{"unit":"px","top":"0","right":"0","bottom":"50","left":"0","isLinked":""}},"elements":[{"id":"8687513","elType":"column","settings":{"_column_size":"25","column_sticky_offset":"50","scroll_y":"-80"},"elements":[{"id":"b22e1f7","elType":"widget","settings":{"subtitle":"Commodo integer","title":"PROFESSIONAL","after_title":"","size":"large","subtitle_color":"#7BBBDD","subtitle_typography_typography":"custom","subtitle_typography_font_family":"Satisfy","subtitle_typography_font_size":{"unit":"px","size":"26","sizes":[]},"title_typography_typography":"custom","title_typography_font_weight":"400","_margin":{"unit":"px","top":"0","right":"0","bottom":"-20","left":"0","isLinked":""},"scroll_y":"-80"},"elements":[],"widgetType":"wd_title"},{"id":"40db9db","elType":"widget","settings":{"subtitle":"","title":"SKINCARE","after_title":"There are many variations of passages of Lorem Ipsum available, but the majority have suffered alteration.","size":"large","title_typography_typography":"custom","title_typography_font_weight":"300","scroll_y":"-80"},"elements":[],"widgetType":"wd_title"},{"id":"8124697","elType":"widget","settings":{"color":"primary","style":"link","text":"CONTINUE SHOPPING","scroll_y":"-80"},"elements":[],"widgetType":"wd_button"}],"isInner":""},{"id":"6030035","elType":"column","settings":{"_column_size":"75","column_sticky_offset":"50","scroll_y":"-80"},"elements":[{"id":"5095494","elType":"widget","settings":{"title":"","layout":"carousel","items_per_page":"4","slides_per_view":{"size":"3","unit":"px","sizes":[]},"hide_pagination_control":"yes","orderby":"post__in","scroll_y":"-80"},"elements":[],"widgetType":"wd_products"}],"isInner":""}],"isInner":""},{"id":"481990","elType":"section","settings":{"margin":{"unit":"px","top":"0","right":"0","bottom":"55","left":"0","isLinked":""}},"elements":[{"id":"2322968","elType":"column","settings":{"_column_size":"100","wd_color_scheme":"light","column_sticky_offset":"50","scroll_y":"-80"},"elements":[{"id":"6343941","elType":"widget","settings":{"orderby":"date","style":"masonry","spacing":"20","columns":{"size":"4","unit":"px","sizes":[]},"ids":[""],"number":"4","scroll_y":"-80"},"elements":[],"widgetType":"wd_product_categories"}],"isInner":""}],"isInner":""},{"id":"4143261","elType":"section","settings":{"content_position":"middle","structure":"20","margin":{"unit":"px","top":"0","right":"0","bottom":"50","left":"0","isLinked":""}},"elements":[{"id":"681848","elType":"column","settings":{"_column_size":"25","column_sticky_offset":"50","scroll_y":"-80","z_index":"100"},"elements":[{"id":"10face4","elType":"widget","settings":{"subtitle":"Commodo integer","title":"REVITALIZING","after_title":"","size":"large","subtitle_color":"#7BBBDD","subtitle_typography_typography":"custom","subtitle_typography_font_family":"Satisfy","subtitle_typography_font_size":{"unit":"px","size":"26","sizes":[]},"title_typography_typography":"custom","title_typography_font_weight":"400","_margin":{"unit":"px","top":"0","right":"0","bottom":"-20","left":"0","isLinked":""},"scroll_y":"-80"},"elements":[],"widgetType":"wd_title"},{"id":"7d9664a","elType":"widget","settings":{"subtitle":"","title":"FACE MASKS","after_title":"There are many variations of passages of Lorem Ipsum available, but the majority have suffered alteration.","size":"large","title_typography_typography":"custom","title_typography_font_weight":"300","scroll_y":"-80"},"elements":[],"widgetType":"wd_title"},{"id":"1179991","elType":"widget","settings":{"color":"primary","style":"link","text":"CONTINUE SHOPPING","scroll_y":"-80"},"elements":[],"widgetType":"wd_button"}],"isInner":""},{"id":"6099558","elType":"column","settings":{"_column_size":"75","column_sticky_offset":"50","scroll_y":"-80"},"elements":[{"id":"9907593","elType":"widget","settings":{"title":"","layout":"carousel","items_per_page":"4","slides_per_view":{"size":"3","unit":"px","sizes":[]},"hide_pagination_control":"yes","orderby":"ID","scroll_y":"-80"},"elements":[],"widgetType":"wd_products"}],"isInner":""}],"isInner":""},{"id":"5331399","elType":"section","settings":{"wd_section_stretch":"stretch","content_position":"middle","background_background":"classic","background_color":"#f8f8f8","background_size":"cover","background_repeat":"no-repeat","el_class":"mobile-bg-img-hidden","structure":"20","gap":"wider","margin":{"unit":"px","top":"0","right":"0","bottom":"70","left":"0","isLinked":""},"margin_mobile":{"unit":"px","top":"0","right":"0","bottom":"40","left":"0","isLinked":""}},"elements":[{"id":"8220071","elType":"column","settings":{"_column_size":"50","_inline_size":"50","column_sticky_offset":"50","scroll_y":"-80","margin":{"unit":"px","top":"-30","right":"0","bottom":"-30","left":"0","isLinked":""},"margin_tablet":{"unit":"px","top":"0","right":"0","bottom":"0","left":"0","isLinked":"1"}},"elements":[{"id":"4466267","elType":"widget","settings":{"align":"center","image_size":"full","image":{"id":"78","url":"#"},"image_custom_dimension":[],"scroll_y":"-80"},"elements":[],"widgetType":"image"}],"isInner":""},{"id":"3619726","elType":"column","settings":{"_column_size":"50","_inline_size":"50","align":"flex-start","padding":{"unit":"%","top":"5","right":"0","bottom":"5","left":"0","isLinked":""},"column_sticky_offset":"50","scroll_y":"-80","padding_tablet":{"unit":"px","top":"70","right":"15","bottom":"70","left":"15","isLinked":""},"padding_mobile":{"unit":"px","top":"45","right":"30","bottom":"45","left":"30","isLinked":""}},"elements":[{"id":"ba5850a","elType":"widget","settings":{"editor":"<strong>Discover a beautiful you<\/strong> with our new\u00a0<span class=\"font-alt\" style=\"color: #7bbbdd\">Makeup Essentials<\/span>","text_color":"#111111","typography_typography":"custom","typography_font_size":{"unit":"px","size":"46","sizes":[]},"typography_font_size_tablet":{"unit":"px","size":"36","sizes":[]},"typography_font_size_mobile":{"unit":"px","size":"28","sizes":[]},"typography_font_weight":"300","typography_line_height":{"unit":"px","size":"56","sizes":[]},"typography_line_height_tablet":{"unit":"px","size":"46","sizes":[]},"typography_line_height_mobile":{"unit":"px","size":"38","sizes":[]},"scroll_y":"-80"},"elements":[],"widgetType":"text-editor"},{"id":"3070949","elType":"widget","settings":{"typography_typography":"custom","align":"left","text_larger":"yes","editor":"<p>It is a long established fact that a reader will be distracted by the readable content of a page when looking at its layout. The point of using <a href=\"#\"><strong>Lorem Ipsum<\/strong><\/a> is that it has a more-or-less normal distribution of letters, as opposed to using, making it look.<\/p>\n","scroll_y":"-80","_css_classes":"text-larger"},"elements":[],"widgetType":"text-editor"},{"id":"806157","elType":"section","settings":{"structure":"30","margin":{"unit":"px","top":"0","right":"0","bottom":"15","left":"0","isLinked":""}},"elements":[{"id":"2125412","elType":"column","settings":{"_column_size":"33","_inline_size_tablet":"50","_inline_size_mobile":"50","column_sticky_offset":"50","scroll_y":"-80"},"elements":[{"id":"8992522","elType":"widget","settings":{"icon_type":"icon","alignment":"left","btn_text":"","image_size":"custom","subtitle":"","title":"Lasting\nFormulas","btn_position":"hover","image":{"id":"1051","url":"#"},"title_size":"small","image_alignment":"left","image_custom_dimension":{"width":"45","height":"45"},"content":"","icon_text":"53","scroll_y":"-80"},"elements":[],"widgetType":"wd_infobox"}],"isInner":"1"},{"id":"2041047","elType":"column","settings":{"_column_size":"33","_inline_size_tablet":"50","_inline_size_mobile":"50","column_sticky_offset":"50","scroll_y":"-80"},"elements":[{"id":"9668168","elType":"widget","settings":{"icon_type":"icon","alignment":"left","btn_text":"","image_size":"custom","subtitle":"","title":"Face skin\nProtection","btn_position":"hover","image":{"id":"1051","url":"#"},"title_size":"small","image_alignment":"left","image_custom_dimension":{"width":"45","height":"45"},"content":"","icon_text":"53","scroll_y":"-80"},"elements":[],"widgetType":"wd_infobox"}],"isInner":""},{"id":"9057302","elType":"column","settings":{"_column_size":"33","hide_mobile":"hidden-phone","hide_tablet":"hidden-tablet","column_sticky_offset":"50","scroll_y":"-80"},"elements":[{"id":"1449477","elType":"widget","settings":{"icon_type":"icon","alignment":"left","btn_text":"","image_size":"custom","subtitle":"","title":"Eye care\nProducts","btn_position":"hover","image":{"id":"1051","url":"#"},"title_size":"small","image_alignment":"left","image_custom_dimension":{"width":"45","height":"45"},"content":"","icon_text":"53","scroll_y":"-80"},"elements":[],"widgetType":"wd_infobox"}],"isInner":""}],"isInner":"1"},{"id":"5310165","elType":"widget","settings":{"color":"primary","_element_width":"auto","text":"SHOP NOW","_margin":{"unit":"px","top":"0","right":"15","bottom":"10","left":"0","isLinked":""},"scroll_y":"-80"},"elements":[],"widgetType":"wd_button"},{"id":"4661044","elType":"widget","settings":{"style":"bordered","_element_width":"auto","text":"READ MORE","_margin":{"unit":"px","top":"0","right":"0","bottom":"10","left":"0","isLinked":""},"scroll_y":"-80"},"elements":[],"widgetType":"wd_button"}],"isInner":""}],"isInner":""},{"id":"9304926","elType":"section","settings":{"wd_section_stretch":"stretch","content_position":"middle","background_position":"center bottom","row_reverse_mobile":"1","border_width":{"top":"0","left":"0","right":"0","bottom":"1","unit":"px","isLinked":""},"border_border":"solid","border_color":"#eaeaea","structure":"20","margin":{"unit":"px","top":"0","right":"0","bottom":"55","left":"0","isLinked":""},"margin_mobile":{"unit":"px","top":"0","right":"0","bottom":"40","left":"0","isLinked":""},"padding":{"unit":"px","top":"0","right":"15","bottom":"65","left":"15","isLinked":""},"padding_mobile":{"unit":"px","top":"0","right":"15","bottom":"45","left":"15","isLinked":""}},"elements":[{"id":"370507","elType":"column","settings":{"_column_size":"50","woodmart_text_align":"center","align":"center","column_sticky_offset":"50","scroll_y":"-80","margin_mobile":{"unit":"px","top":"0","right":"0","bottom":"20","left":"0","isLinked":""}},"elements":[{"id":"a0e61bd","elType":"widget","settings":{"editor":"<p style=\"text-align: center\"><strong>Enjoy the best quality,<\/strong> cosmetics made by <span style=\"color: #7bbbdd\">WoodMart<\/span><\/p>","text_color":"#111111","typography_typography":"custom","typography_font_size":{"unit":"px","size":"46","sizes":[]},"typography_font_size_tablet":{"unit":"px","size":"36","sizes":[]},"typography_font_size_mobile":{"unit":"px","size":"28","sizes":[]},"typography_font_weight":"300","typography_line_height":{"unit":"px","size":"56","sizes":[]},"typography_line_height_tablet":{"unit":"px","size":"46","sizes":[]},"typography_line_height_mobile":{"unit":"px","size":"38","sizes":[]},"scroll_y":"-80"},"elements":[],"widgetType":"text-editor"},{"id":"5161556","elType":"widget","settings":{"typography_typography":"custom","align":"center","text_larger":"yes","editor":"<p>There are many variations of passages of\u00a0<a href=\"https:\/\/#\"><strong>Lorem Ipsum available<\/strong><\/a>, but the majority have suffered alteration in some form, by injected humour, or randomised words which don\u2019t look even slightly believable.<\/p>\n","wd_content_align":"center","wd_content_width":{"unit":"px","size":"500","sizes":[]},"scroll_y":"-80","_padding_tablet":{"unit":"%","top":"","right":"","bottom":"","left":"","isLinked":"1"},"_css_classes":"text-larger"},"elements":[],"widgetType":"text-editor"},{"id":"9638226","elType":"widget","settings":{"woodmart_color_scheme":"dark","size":"large","date":"2021-05-01 00:00","scroll_y":"-80"},"elements":[],"widgetType":"wd_countdown_timer"},{"id":"4076648","elType":"widget","settings":{"color":"primary","_element_width":"auto","text":"SHOP NOW","_margin":{"unit":"px","top":"0","right":"15","bottom":"10","left":"0","isLinked":""},"scroll_y":"-80"},"elements":[],"widgetType":"wd_button"},{"id":"9670676","elType":"widget","settings":{"style":"bordered","_element_width":"auto","text":"READ MORE","_margin":{"unit":"px","top":"0","right":"0","bottom":"10","left":"0","isLinked":""},"scroll_y":"-80"},"elements":[],"widgetType":"wd_button"}],"isInner":""},{"id":"3467771","elType":"column","settings":{"_column_size":"50","column_sticky_offset":"50","scroll_y":"-80"},"elements":[{"id":"8570013","elType":"widget","settings":{"align":"center","image_size":"full","image":{"id":"77","url":"#"},"image_custom_dimension":[],"scroll_y":"-80"},"elements":[],"widgetType":"image"}],"isInner":""}],"isInner":""},{"id":"724ba66","elType":"section","settings":{"margin":{"unit":"px","top":"0","right":"0","bottom":"10","left":"0","isLinked":""}},"elements":[{"id":"0faf7b6","elType":"column","settings":{"_column_size":"100","column_sticky_offset":"50","scroll_y":"-80"},"elements":[{"id":"50acaec","elType":"widget","settings":{"subtitle":"Commodo integer","title":"ORGANIC INGREDIENTS","after_title":"<p>Majority have suffered alteration in some form, by injected humour, or randomised words which don\u2019t look even slightly believable.<\/p>","width":{"unit":"%","size":"46","sizes":[]},"width_tablet":{"unit":"%","size":"65","sizes":[]},"width_mobile":{"unit":"%","size":"100","sizes":[]},"size":"large","subtitle_color":"#7BBBDD","subtitle_typography_typography":"custom","subtitle_typography_font_family":"Satisfy","subtitle_typography_font_size":{"unit":"px","size":"26","sizes":[]},"title_typography_font_weight":"400","scroll_y":"-80"},"elements":[],"widgetType":"wd_title"}],"isInner":""}],"isInner":""},{"id":"7425602","elType":"section","settings":{"wd_section_stretch":"stretch","border_width":{"top":"0","left":"0","right":"0","bottom":"1","unit":"px","isLinked":""},"border_border":"solid","border_color":"#eaeaea","structure":"30","margin":{"unit":"px","top":"0","right":"0","bottom":"55","left":"0","isLinked":""},"margin_mobile":{"unit":"px","top":"0","right":"0","bottom":"45","left":"0","isLinked":""},"padding":{"unit":"px","top":"0","right":"15","bottom":"65","left":"15","isLinked":""},"padding_mobile":{"unit":"px","top":"0","right":"15","bottom":"45","left":"15","isLinked":""}},"elements":[{"id":"1872985","elType":"column","settings":{"_column_size":"33","column_sticky_offset":"50","scroll_y":"-80","margin_mobile":{"unit":"px","top":"0","right":"0","bottom":"30","left":"0","isLinked":""},"padding":{"unit":"%","top":"0","right":"10","bottom":"0","left":"10","isLinked":""}},"elements":[{"id":"4470070","elType":"widget","settings":{"align":"left","image_size":"custom","image":{"id":"78","url":"#"},"image_custom_dimension":{"width":"430","height":"300"},"scroll_y":"-80"},"elements":[],"widgetType":"image"},{"id":"9088827","elType":"widget","settings":{"alignment":"left","btn_text":"","image_size":"custom","subtitle":"","title":"SALTS &amp; SUGARS","btn_position":"hover","icon_text_size":"large","image_alignment":"left","icon_text":"1.","content":"The generated Lorem Ipsum is therefore always free from repetition humour.","scroll_y":"-80"},"elements":[],"widgetType":"wd_infobox"}],"isInner":""},{"id":"1784371","elType":"column","settings":{"_column_size":"33","column_sticky_offset":"50","scroll_y":"-80","margin_mobile":{"unit":"px","top":"0","right":"0","bottom":"30","left":"0","isLinked":""},"padding":{"unit":"%","top":"0","right":"10","bottom":"0","left":"10","isLinked":""}},"elements":[{"id":"2761671","elType":"widget","settings":{"align":"left","image_size":"custom","image":{"id":"78","url":"#"},"image_custom_dimension":{"width":"430","height":"300"},"scroll_y":"-80"},"elements":[],"widgetType":"image"},{"id":"8047958","elType":"widget","settings":{"alignment":"left","btn_text":"","image_size":"custom","subtitle":"","title":"NATURAL TINCTURES","btn_position":"hover","icon_text_size":"large","image_alignment":"left","icon_text":"2.","content":"The generated Lorem Ipsum is therefore always free from repetition humour.","scroll_y":"-80"},"elements":[],"widgetType":"wd_infobox"}],"isInner":""},{"id":"2622458","elType":"column","settings":{"_column_size":"33","column_sticky_offset":"50","scroll_y":"-80","padding":{"unit":"%","top":"0","right":"10","bottom":"0","left":"10","isLinked":""}},"elements":[{"id":"3561558","elType":"widget","settings":{"align":"left","image_size":"custom","image":{"id":"78","url":"#"},"image_custom_dimension":{"width":"430","height":"300"},"scroll_y":"-80"},"elements":[],"widgetType":"image"},{"id":"2477103","elType":"widget","settings":{"alignment":"left","btn_text":"","image_size":"custom","subtitle":"","title":"ESSENTIAL OILS","btn_position":"hover","icon_text_size":"large","image_alignment":"left","icon_text":"3.","content":"The generated Lorem Ipsum is therefore always free from repetition humour.","scroll_y":"-80"},"elements":[],"widgetType":"wd_infobox"}],"isInner":""}],"isInner":""},{"id":"8600106","elType":"section","settings":{"margin":{"unit":"px","top":"0","right":"0","bottom":"60","left":"0","isLinked":""},"margin_mobile":{"unit":"px","top":"0","right":"0","bottom":"40","left":"0","isLinked":""}},"elements":[{"id":"1978059","elType":"column","settings":{"_column_size":"100","column_sticky_offset":"50","scroll_y":"-80"},"elements":[{"id":"3a4d0d4","elType":"widget","settings":{"subtitle":"Commodo integer","title":"OUR ARTICLE","after_title":"<p>Majority have suffered alteration in some form, by injected humour, or randomised words which don\u2019t look even slightly believable.<\/p>","width":{"unit":"%","size":"46","sizes":[]},"width_tablet":{"unit":"%","size":"65","sizes":[]},"size":"large","subtitle_color":"#7BBBDD","subtitle_typography_typography":"custom","subtitle_typography_font_family":"Satisfy","subtitle_typography_font_size":{"unit":"px","size":"26","sizes":[]},"title_typography_font_weight":"400","scroll_y":"-80"},"elements":[],"widgetType":"wd_title"},{"id":"54864","elType":"widget","settings":{"blog_spacing":"20","items_per_page":"4","blog_design":"carousel","order":"ASC","slides_per_view":{"size":"3","unit":"px","sizes":[]},"hide_pagination_control":"yes","scroll_y":"-80"},"elements":[],"widgetType":"wd_blog"}],"isInner":""}],"isInner":""},{"id":"8068819","elType":"section","settings":{"wd_section_stretch":"stretch-content","gap":"no","margin":{"unit":"px","top":"0","right":"0","bottom":"-40","left":"0","isLinked":""},"padding":{"unit":"px","top":"0","right":"0","bottom":"0","left":"0","isLinked":"1"}},"elements":[{"id":"9368596","elType":"column","settings":{"_column_size":"100","column_sticky_offset":"50","scroll_y":"-80"},"elements":[{"id":"6270318","elType":"widget","settings":{"data_source":"ajax","design":"slider","per_row":{"size":"6","unit":"px","sizes":[]},"hide_pagination_control":"yes","hide_prev_next_buttons":"yes","username":"msmadeleine_","number":{"size":"6","unit":"px","sizes":[]},"scroll_y":"-80"},"elements":[],"widgetType":"wd_instagram"}],"isInner":""}],"isInner":""}]]]></wp:meta_value>
		</wp:postmeta>
							<wp:postmeta>
			<wp:meta_key>_elementor_edit_mode</wp:meta_key>
			<wp:meta_value><![CDATA[builder]]></wp:meta_value>
		</wp:postmeta>
							<wp:postmeta>
			<wp:meta_key>_elementor_version</wp:meta_key>
			<wp:meta_value><![CDATA[2.9.11]]></wp:meta_value>
		</wp:postmeta>
							<wp:postmeta>
			<wp:meta_key>_elementor_template_type</wp:meta_key>
			<wp:meta_value><![CDATA[wp-page]]></wp:meta_value>
		</wp:postmeta>
							<wp:postmeta>
			<wp:meta_key>_elementor_controls_usage</wp:meta_key>
			<wp:meta_value><![CDATA[a:14:{s:17:"slider_revolution";a:3:{s:5:"count";i:1;s:15:"control_percent";i:2;s:8:"controls";a:2:{s:7:"content";a:1:{s:15:"content_section";a:2:{s:9:"shortcode";i:1;s:14:"revslidertitle";i:1;}}s:8:"advanced";a:1:{s:8:"wd_extra";a:1:{s:8:"scroll_y";i:1;}}}}s:6:"column";a:3:{s:5:"count";i:22;s:15:"control_percent";i:1;s:8:"controls";a:3:{s:8:"advanced";a:3:{s:8:"wd_extra";a:2:{s:20:"column_sticky_offset";i:22;s:8:"scroll_y";i:22;}s:16:"section_advanced";a:7:{s:7:"z_index";i:1;s:6:"margin";i:1;s:13:"margin_tablet";i:1;s:7:"padding";i:4;s:14:"padding_tablet";i:1;s:14:"padding_mobile";i:1;s:13:"margin_mobile";i:3;}s:19:"_section_responsive";a:2:{s:11:"hide_mobile";i:1;s:11:"hide_tablet";i:1;}}s:6:"layout";a:1:{s:6:"layout";a:5:{s:21:"space_between_widgets";i:3;s:12:"_inline_size";i:2;s:19:"_inline_size_tablet";i:2;s:19:"_inline_size_mobile";i:2;s:5:"align";i:2;}}s:5:"style";a:1:{s:14:"wd_extra_style";a:1:{s:15:"wd_color_scheme";i:1;}}}}s:7:"section";a:3:{s:5:"count";i:12;s:15:"control_percent";i:1;s:8:"controls";a:3:{s:6:"layout";a:3:{s:15:"wd_extra_layout";a:1:{s:18:"wd_section_stretch";i:6;}s:14:"section_layout";a:2:{s:3:"gap";i:4;s:16:"content_position";i:4;}s:17:"section_structure";a:1:{s:9:"structure";i:7;}}s:8:"advanced";a:1:{s:16:"section_advanced";a:4:{s:6:"margin";i:12;s:7:"padding";i:5;s:13:"margin_mobile";i:6;s:14:"padding_mobile";i:3;}}s:5:"style";a:2:{s:14:"section_border";a:3:{s:12:"border_width";i:3;s:13:"border_border";i:3;s:12:"border_color";i:3;}s:18:"section_background";a:5:{s:21:"background_background";i:1;s:16:"background_color";i:1;s:15:"background_size";i:1;s:17:"background_repeat";i:1;s:19:"background_position";i:1;}}}}s:9:"wd_banner";a:3:{s:5:"count";i:3;s:15:"control_percent";i:7;s:8:"controls";a:3:{s:7:"content";a:2:{s:21:"image_content_section";a:3:{s:10:"image_size";i:3;s:22:"image_custom_dimension";i:3;s:5:"image";i:3;}s:15:"content_section";a:4:{s:5:"title";i:3;s:8:"subtitle";i:3;s:7:"content";i:3;s:8:"btn_text";i:3;}}s:5:"style";a:4:{s:20:"button_style_section";a:4:{s:12:"btn_position";i:3;s:9:"btn_color";i:3;s:9:"btn_style";i:3;s:8:"btn_size";i:3;}s:21:"general_style_section";a:3:{s:5:"hover";i:3;s:21:"woodmart_color_scheme";i:3;s:10:"title_size";i:3;}s:20:"layout_style_section";a:4:{s:5:"width";i:3;s:14:"text_alignment";i:3;s:20:"horizontal_alignment";i:3;s:18:"vertical_alignment";i:3;}s:22:"subtitle_style_section";a:1:{s:14:"subtitle_color";i:3;}}s:8:"advanced";a:1:{s:8:"wd_extra";a:1:{s:8:"scroll_y";i:3;}}}}s:10:"wd_infobox";a:3:{s:5:"count";i:9;s:15:"control_percent";i:3;s:8:"controls";a:3:{s:7:"content";a:2:{s:20:"icon_content_section";a:5:{s:9:"icon_type";i:6;s:10:"image_size";i:9;s:5:"image";i:3;s:22:"image_custom_dimension";i:3;s:9:"icon_text";i:3;}s:15:"content_section";a:4:{s:8:"btn_text";i:9;s:8:"subtitle";i:9;s:5:"title";i:9;s:7:"content";i:9;}}s:5:"style";a:4:{s:22:"button_content_section";a:3:{s:9:"btn_color";i:3;s:9:"btn_style";i:3;s:12:"btn_position";i:6;}s:22:"subtitle_style_section";a:1:{s:14:"subtitle_color";i:3;}s:21:"general_style_section";a:3:{s:9:"alignment";i:6;s:10:"title_size";i:3;s:15:"image_alignment";i:6;}s:18:"icon_style_section";a:1:{s:14:"icon_text_size";i:3;}}s:8:"advanced";a:3:{s:19:"_section_background";a:2:{s:22:"_background_background";i:3;s:17:"_background_color";i:3;}s:8:"wd_extra";a:1:{s:8:"scroll_y";i:9;}s:14:"_section_style";a:2:{s:7:"_margin";i:3;s:8:"_padding";i:3;}}}}s:8:"wd_title";a:3:{s:5:"count";i:6;s:15:"control_percent";i:4;s:8:"controls";a:3:{s:7:"content";a:1:{s:23:"general_content_section";a:3:{s:8:"subtitle";i:6;s:5:"title";i:6;s:11:"after_title";i:6;}}s:5:"style";a:3:{s:21:"general_style_section";a:4:{s:4:"size";i:6;s:5:"width";i:2;s:12:"width_tablet";i:2;s:12:"width_mobile";i:1;}s:22:"subtitle_style_section";a:4:{s:14:"subtitle_color";i:4;s:30:"subtitle_typography_typography";i:4;s:31:"subtitle_typography_font_family";i:4;s:29:"subtitle_typography_font_size";i:4;}s:19:"title_style_section";a:2:{s:27:"title_typography_typography";i:4;s:28:"title_typography_font_weight";i:6;}}s:8:"advanced";a:2:{s:14:"_section_style";a:1:{s:7:"_margin";i:2;}s:8:"wd_extra";a:1:{s:8:"scroll_y";i:6;}}}}s:9:"wd_button";a:3:{s:5:"count";i:6;s:15:"control_percent";i:2;s:8:"controls";a:3:{s:5:"style";a:1:{s:21:"general_style_section";a:2:{s:5:"color";i:4;s:5:"style";i:4;}}s:7:"content";a:1:{s:23:"general_content_section";a:1:{s:4:"text";i:6;}}s:8:"advanced";a:3:{s:8:"wd_extra";a:1:{s:8:"scroll_y";i:6;}s:17:"_section_position";a:1:{s:14:"_element_width";i:4;}s:14:"_section_style";a:1:{s:7:"_margin";i:4;}}}}s:11:"wd_products";a:3:{s:5:"count";i:2;s:15:"control_percent";i:3;s:8:"controls";a:3:{s:5:"style";a:2:{s:20:"layout_style_section";a:2:{s:6:"layout";i:2;s:14:"items_per_page";i:2;}s:22:"carousel_style_section";a:2:{s:15:"slides_per_view";i:2;s:23:"hide_pagination_control";i:2;}}s:7:"content";a:1:{s:23:"general_content_section";a:1:{s:7:"orderby";i:2;}}s:8:"advanced";a:1:{s:8:"wd_extra";a:1:{s:8:"scroll_y";i:2;}}}}s:21:"wd_product_categories";a:3:{s:5:"count";i:1;s:15:"control_percent";i:3;s:8:"controls";a:3:{s:7:"content";a:1:{s:23:"general_content_section";a:3:{s:7:"orderby";i:1;s:3:"ids";i:1;s:6:"number";i:1;}}s:5:"style";a:1:{s:20:"layout_style_section";a:3:{s:5:"style";i:1;s:7:"spacing";i:1;s:7:"columns";i:1;}}s:8:"advanced";a:1:{s:8:"wd_extra";a:1:{s:8:"scroll_y";i:1;}}}}s:5:"image";a:3:{s:5:"count";i:5;s:15:"control_percent";i:2;s:8:"controls";a:2:{s:7:"content";a:1:{s:13:"section_image";a:4:{s:5:"align";i:5;s:10:"image_size";i:5;s:5:"image";i:5;s:22:"image_custom_dimension";i:5;}}s:8:"advanced";a:1:{s:8:"wd_extra";a:1:{s:8:"scroll_y";i:5;}}}}s:11:"text-editor";a:3:{s:5:"count";i:4;s:15:"control_percent";i:3;s:8:"controls";a:3:{s:7:"content";a:1:{s:14:"section_editor";a:1:{s:6:"editor";i:4;}}s:5:"style";a:1:{s:13:"section_style";a:12:{s:10:"text_color";i:2;s:21:"typography_typography";i:4;s:20:"typography_font_size";i:2;s:27:"typography_font_size_tablet";i:2;s:27:"typography_font_size_mobile";i:2;s:22:"typography_font_weight";i:2;s:22:"typography_line_height";i:2;s:29:"typography_line_height_tablet";i:2;s:29:"typography_line_height_mobile";i:2;s:5:"align";i:2;s:16:"wd_content_align";i:1;s:16:"wd_content_width";i:1;}}s:8:"advanced";a:2:{s:8:"wd_extra";a:1:{s:8:"scroll_y";i:4;}s:14:"_section_style";a:2:{s:12:"_css_classes";i:2;s:15:"_padding_tablet";i:1;}}}}s:18:"wd_countdown_timer";a:3:{s:5:"count";i:1;s:15:"control_percent";i:2;s:8:"controls";a:3:{s:5:"style";a:1:{s:21:"general_style_section";a:2:{s:21:"woodmart_color_scheme";i:1;s:4:"size";i:1;}}s:7:"content";a:1:{s:23:"general_content_section";a:1:{s:4:"date";i:1;}}s:8:"advanced";a:1:{s:8:"wd_extra";a:1:{s:8:"scroll_y";i:1;}}}}s:7:"wd_blog";a:3:{s:5:"count";i:1;s:15:"control_percent";i:3;s:8:"controls";a:3:{s:5:"style";a:2:{s:21:"general_style_section";a:3:{s:12:"blog_spacing";i:1;s:14:"items_per_page";i:1;s:11:"blog_design";i:1;}s:22:"carousel_style_section";a:2:{s:15:"slides_per_view";i:1;s:23:"hide_pagination_control";i:1;}}s:7:"content";a:1:{s:23:"general_content_section";a:1:{s:5:"order";i:1;}}s:8:"advanced";a:1:{s:8:"wd_extra";a:1:{s:8:"scroll_y";i:1;}}}}s:12:"wd_instagram";a:3:{s:5:"count";i:1;s:15:"control_percent";i:4;s:8:"controls";a:3:{s:7:"content";a:1:{s:23:"general_content_section";a:2:{s:11:"data_source";i:1;s:8:"username";i:1;}}s:5:"style";a:1:{s:22:"layout_content_section";a:5:{s:6:"design";i:1;s:7:"per_row";i:1;s:23:"hide_pagination_control";i:1;s:22:"hide_prev_next_buttons";i:1;s:6:"number";i:1;}}s:8:"advanced";a:1:{s:8:"wd_extra";a:1:{s:8:"scroll_y";i:1;}}}}}]]></wp:meta_value>
		</wp:postmeta>
						</item>
					<item>
		<title>
				001-cream		</title>
		<link>http://dummy.xtemos.com/woodmart-elementor/demos/home-cosmetics/001-cream/</link>
		<pubDate>Tue, 03 Oct 2017 12:55:30 +0000</pubDate>
		<dc:creator><![CDATA[erwin]]></dc:creator>
		<guid isPermaLink="false">http://dummy.xtemos.com/woodmart-elementor/demos/wp-content/uploads/sites/2/2017/10/001-cream.svg</guid>
		<description></description>
		<content:encoded><![CDATA[]]></content:encoded>
		<excerpt:encoded><![CDATA[]]></excerpt:encoded>
		<wp:post_id>1051</wp:post_id>
		<wp:post_date>2017-10-03 12:55:30</wp:post_date>
		<wp:post_date_gmt>2017-10-03 12:55:30</wp:post_date_gmt>
		<wp:comment_status>open</wp:comment_status>
		<wp:ping_status>closed</wp:ping_status>
		<wp:post_name>001-cream</wp:post_name>
		<wp:status>inherit</wp:status>
		<wp:post_parent>1043</wp:post_parent>
		<wp:menu_order>0</wp:menu_order>
		<wp:post_type>attachment</wp:post_type>
		<wp:post_password></wp:post_password>
		<wp:is_sticky>0</wp:is_sticky>
						<wp:attachment_url>http://dummy.xtemos.com/woodmart-elementor/demos/wp-content/uploads/sites/2/2017/10/001-cream.svg</wp:attachment_url>
												<wp:postmeta>
			<wp:meta_key>_wp_attached_file</wp:meta_key>
			<wp:meta_value><![CDATA[2017/10/001-cream.svg]]></wp:meta_value>
		</wp:postmeta>
							<wp:postmeta>
			<wp:meta_key>_elementor_inline_svg</wp:meta_key>
			<wp:meta_value><![CDATA[<?xml version="1.0" encoding="iso-8859-1"?>
<!-- Generator: Adobe Illustrator 19.0.0, SVG Export Plug-In . SVG Version: 6.00 Build 0)  -->
<svg version="1.1" id="Capa_1" xmlns="http://www.w3.org/2000/svg" xmlns:xlink="http://www.w3.org/1999/xlink" x="0px" y="0px"
	 viewBox="0 0 511.999 511.999" style="enable-background:new 0 0 511.999 511.999;" fill="#9BCBE3" xml:space="preserve">
<g>
	<g>
		<path d="M453.276,204.123H348.233c-4.143,0-7.5,3.357-7.5,7.5c0,4.143,3.357,7.5,7.5,7.5h105.043c4.143,0,7.5-3.357,7.5-7.5
			C460.776,207.48,457.419,204.123,453.276,204.123z"/>
	</g>
</g>
<g>
	<g>
		<path d="M113.956,198.917c-13.385,0-24.274,10.888-24.274,24.274c0,13.385,10.889,24.274,24.274,24.274
			s24.274-10.889,24.274-24.274S127.34,198.917,113.956,198.917z M113.957,232.464c-5.113,0-9.273-4.16-9.273-9.273
			s4.16-9.273,9.273-9.273s9.273,4.159,9.273,9.273C123.23,228.304,119.07,232.464,113.957,232.464z"/>
	</g>
</g>
<g>
	<g>
		<path d="M222.07,166.005c-15.906,0-28.845,12.94-28.845,28.845c0,15.905,12.94,28.845,28.845,28.845
			c15.906,0,28.845-12.94,28.845-28.845S237.975,166.005,222.07,166.005z M222.069,208.694c-7.634,0-13.845-6.21-13.845-13.845
			s6.21-13.845,13.845-13.845s13.845,6.21,13.845,13.845S229.703,208.694,222.069,208.694z"/>
	</g>
</g>
<g>
	<g>
		<circle cx="153.024" cy="139.055" r="10.645"/>
	</g>
</g>
<g>
	<g>
		<path d="M437.201,376.433h-72.894c-4.143,0-7.5,3.357-7.5,7.5c0,4.143,3.357,7.5,7.5,7.5h72.894c4.143,0,7.5-3.357,7.5-7.5
			C444.702,379.79,441.343,376.433,437.201,376.433z"/>
	</g>
</g>
<g>
	<g>
		<path d="M426.071,309.47l-15.129-21.146c-2.346-3.28-6.154-5.239-10.188-5.239c-4.034,0-7.842,1.959-10.188,5.239l-15.128,21.146
			c-10.129,14.159-7.289,34.087,6.332,44.427c5.577,4.232,12.243,6.362,18.246,6.471c0.188,0.005,0.414,0.015,0.702,0.015
			c0.188,0,0.318,0,0.66-0.011c0.1-0.003,0.25-0.007,0.297-0.009C427.363,359.382,440.818,330.085,426.071,309.47z M410.668,341.948
			c-0.001,0-0.001,0-0.001,0.001c-14.972,11.361-34.474-7.749-23.029-23.75l13.116-18.334L413.87,318.2
			C419.321,325.819,417.885,336.472,410.668,341.948z"/>
	</g>
</g>
<g>
	<g>
		<path d="M437.201,404.006h-72.894c-4.143,0-7.5,3.357-7.5,7.5c0,4.143,3.357,7.5,7.5,7.5h72.894c4.143,0,7.5-3.357,7.5-7.5
			C444.702,407.363,441.343,404.006,437.201,404.006z"/>
	</g>
</g>
<g>
	<g>
		<path d="M458.778,155.569c4.288-13.538-5.886-27.328-20.022-27.328h-5.5v-27.972c0-9.92-4.472-18.811-11.5-24.777v-33.49h23.085
			c11.579,0,21.001-9.421,21.001-21.001C465.841,9.421,456.42,0,444.841,0h-66.529c-36.51,0-50.297,29.832-56.845,35.847
			c-7.271,9.045-5.835,22.254,3.215,29.524c6.269,5.039,13.248,4.648,13.148,4.631c6.4-0.001,12.369-2.86,16.377-7.846l11.241-13.99
			c3.147-3.918,7.836-6.165,12.862-6.165h1.442v33.49c-7.028,5.966-11.5,14.857-11.5,24.777v27.972h-5.5
			c-11.579,0-21.001,9.421-21.001,21.001c0,2.205,0.346,4.329,0.979,6.327c-29.837,3.12-53.174,28.418-53.174,59.068v12.807
			c0,4.143,3.357,7.5,7.5,7.5c4.143,0,7.5-3.357,7.5-7.5v-12.807c0-24.48,19.916-44.396,44.396-44.396c10.901,0,90.04,0,103.605,0
			c24.48,0,44.396,19.916,44.396,44.396v237.955c0,24.48-19.916,44.396-44.396,44.396H348.953c-11.821,0-22.976-4.713-31.227-12.927
			c8.565-4.453,15.45-11.019,20.254-18.613c0.835,0.039,82.581,0.021,124.752,0.025c9.388,0,17.026-7.638,17.026-17.026v-19.441
			c0-4.143-3.357-7.5-7.5-7.5c-4.143,0-7.5,3.357-7.5,7.5v19.44c0,1.117-0.908,2.025-2.025,2.025H344.526
			c4.096-15.353,0.846-31.462-7.773-43.923V249.491c0-1.117,0.908-2.026,2.025-2.026h123.954c1.117,0,2.025,0.909,2.025,2.026
			v144.515c0,4.143,3.357,7.5,7.5,7.5c4.143,0,7.5-3.357,7.5-7.5V249.491c0-9.389-7.638-17.027-17.026-17.027H338.777
			c-9.388,0-17.026,7.638-17.026,17.027v142.602c-5.254-3.357-11.075-5.767-17.194-7.106V262.445c0-4.143-3.357-7.5-7.5-7.5
			c-4.143,0-7.5,3.357-7.5,7.5v89.839c-8.117-22.792-30.058-36.688-53.228-35.229c4.908-35.771-23.948-63.888-57.657-78.346
			c-4.978-2.135-10.608-1.554-15.061,1.559c-4.404,3.078-6.859,8.101-6.569,13.439c0.827,15.15-15.355,14.536-31.939,36.032
			c-6.942,8.999-10.36,18.326-10.23,27.854c-37.207-5.84-69.539,28.677-59.486,66.238c-22.108-0.954-43.173,12.029-51.684,33.566
			c-11.07,28.016,4.033,59.242,31.34,69.532c15.277,5.756,31.164,10.613,47.221,14.437c4.027,0.962,8.073-1.529,9.033-5.559
			s-1.529-8.074-5.559-9.033c-15.442-3.677-30.719-8.347-45.406-13.882c-9.698-3.653-17.694-11.242-21.938-20.82
			c-13.461-30.384,15.72-61.741,46.855-51.292c2.978,1.001,6.266,0.038,8.234-2.412s2.2-5.868,0.581-8.562
			c-18.476-30.731,11.816-67.148,45.051-55.761c0.923,0.315,1.849,0.619,2.777,0.919c5.862,1.893,11.365-3.707,9.417-9.519
			c-6.534-19.514,10.724-33.836,27.432-45.741c9.283-6.615,13.877-15.888,13.281-26.813c-0.005-0.085-0.011-0.191,0.184-0.327
			c0.272-0.189,0.477-0.102,0.555-0.068c31.286,13.422,57.591,39.93,46.523,71.445c-2.027,5.771,3.366,11.436,9.239,9.667
			c33.442-10.079,61.537,26.452,43.658,56.198c-3.581,5.96,2.216,13.193,8.817,10.974c31.286-10.514,61.22,21.65,46.435,52.805
			c-4.264,8.808-11.604,15.548-20.793,19.031c-1.069,0.405-2.145,0.783-3.217,1.178l-0.421,0.153
			c-0.007,0.002-0.012,0.006-0.019,0.008c-41.586,15.279-85.249,23.045-129.861,23.045c-17.878,0-35.932-1.284-53.663-3.817
			c-4.088-0.575-7.899,2.264-8.485,6.364c-0.586,4.1,2.264,7.899,6.364,8.485c18.432,2.633,37.199,3.968,55.784,3.968
			c44.495,0,88.092-7.418,129.746-22.049c11.263,13.897,28.088,22.037,46.085,22.037h103.605
			c32.749,0.002,59.394-26.643,59.394-59.394V214.637C511.953,183.987,488.616,158.689,458.778,155.569z M378.311,27.001
			c-9.595,0-18.546,4.289-24.557,11.769c-10.62,12.232-11.088,16.232-15.927,16.232c-0.001,0-0.002,0-0.003,0
			c-5.895-0.567-7.422-6.331-4.665-9.758l11.241-13.99c8.3-10.329,20.66-16.254,33.91-16.254h66.529c3.309,0,6,2.691,6,6
			c0,3.309-2.691,6-6,6h-30.585C402.592,27.001,388.698,27.001,378.311,27.001z M406.184,83.641
			c0.566,0.185,1.148,0.413,1.528,0.578c6.196,2.697,10.542,8.872,10.542,16.05v27.972h-35.001v-27.972
			C383.253,88.453,394.852,79.937,406.184,83.641z M394.754,68.323V42.002h12v26.321C402.854,67.59,398.655,67.59,394.754,68.323z
			 M438.755,155.241h-76.003c-3.309,0-6-2.691-6-6s2.691-6,6-6c17.594,0,59.401,0,76.003,0c3.309,0,6,2.691,6,6
			S442.064,155.241,438.755,155.241z"/>
	</g>
</g>
<g>
</g>
<g>
</g>
<g>
</g>
<g>
</g>
<g>
</g>
<g>
</g>
<g>
</g>
<g>
</g>
<g>
</g>
<g>
</g>
<g>
</g>
<g>
</g>
<g>
</g>
<g>
</g>
<g>
</g>
</svg>
]]></wp:meta_value>
		</wp:postmeta>
						</item>
				</channel>
</rss>
	