{"name":"Header Grocery","id":"header_213132","structure":{"id":"root","type":"root","content":[{"id":"top-bar","type":"row","content":[{"id":"column5","type":"column","content":[{"id":"nxx3vznj40uh88udcmsc","type":"text","params":{"content":{"id":"content","value":"<a href=\"#\"><img style=\"margin: -4px 10px 0 0;\" src=\"https://woodmart.xtemos.com/wp-content/uploads/2020/06/svg-wood-food-market-phone.svg\" alt=\"phone-icon\" />(+035) 527-1710-70</a>","type":"editor"},"inline":{"id":"inline","value":false,"type":"switcher"},"css_class":{"id":"css_class","value":"","type":"text"}}},{"id":"y4ro7npestv02kyrww49","type":"text","params":{"content":{"id":"content","value":"<a href=\"mailto:grocery@google.com\"><img style=\"margin-right: 10px;\" src=\"https://woodmart.xtemos.com/wp-content/uploads/2020/06/envelope.svg\" alt=\"email-icon\" />google@gmail.com</a>","type":"editor"},"inline":{"id":"inline","value":false,"type":"switcher"},"css_class":{"id":"css_class","value":"","type":"text"}}},{"id":"ns98bzyi8sorpj6l25il","type":"text","params":{"content":{"id":"content","value":"<a href=\"#\"><img style=\"margin-right: 10px;\" src=\"https://woodmart.xtemos.com/wp-content/uploads/2020/06/svg-wood-food-market-pointer.svg\" alt=\"map-icon\" />Choose an address</a>","type":"editor"},"inline":{"id":"inline","value":false,"type":"switcher"},"css_class":{"id":"css_class","value":"","type":"text"}}}]},{"id":"column6","type":"column","content":[]},{"id":"column7","type":"column","content":[{"id":"6kgdkbvf12frej4dofvj","type":"mainmenu","params":{"menu_style":{"id":"menu_style","value":"default","type":"selector"},"menu_align":{"id":"menu_align","value":"left","type":"selector"},"full_screen":{"id":"full_screen","value":false,"type":"switcher"},"icon_type":{"id":"icon_type","value":"default","type":"selector"},"custom_icon":{"id":"custom_icon","value":"","type":"image"}}}]},{"id":"column_mobile1","type":"column","content":[]}],"params":{"flex_layout":{"id":"flex_layout","value":"flex-middle","type":"selector"},"height":{"id":"height","value":40,"type":"slider"},"mobile_height":{"id":"mobile_height","value":38,"type":"slider"},"hide_desktop":{"id":"hide_desktop","value":false,"type":"switcher"},"hide_mobile":{"id":"hide_mobile","value":true,"type":"switcher"},"sticky":{"id":"sticky","value":false,"type":"switcher"},"sticky_height":{"id":"sticky_height","value":40,"type":"slider"},"color_scheme":{"id":"color_scheme","value":"dark","type":"selector"},"shadow":{"id":"shadow","value":false,"type":"switcher"},"background":{"id":"background","value":[],"type":"bg"},"border":{"id":"border","value":{"sides":["bottom"],"applyFor":"boxed"},"type":"border"}}},{"id":"general-header","type":"row","content":[{"id":"column8","type":"column","content":[{"id":"gs8bcnxektjsro21n657","type":"logo","params":{"image":{"id":"image","value":"","type":"image"},"width":{"id":"width","value":245,"type":"slider"},"sticky_image":{"id":"sticky_image","value":"","type":"image"},"sticky_width":{"id":"sticky_width","value":250,"type":"slider"}}}]},{"id":"column9","type":"column","content":[{"id":"d6tcdhggjbqbrs217tl1","type":"space","params":{"width":{"id":"width","value":20,"type":"slider"},"css_class":{"id":"css_class","value":"","type":"text"}}},{"id":"9x1ytaxq7aphtb3npidp","type":"search","params":{"display":{"id":"display","value":"form","type":"selector"},"search_style":{"id":"search_style","value":"default","type":"selector"},"categories_dropdown":{"id":"categories_dropdown","value":true,"type":"switcher"},"ajax":{"id":"ajax","value":true,"type":"switcher"},"ajax_result_count":{"id":"ajax_result_count","value":20,"type":"slider"},"post_type":{"id":"post_type","value":"product","type":"selector"},"icon_type":{"id":"icon_type","value":"default","type":"selector"},"custom_icon":{"id":"custom_icon","value":"","type":"image"}}},{"id":"xz1bvzdvon98hk4mp7lp","type":"space","params":{"width":{"id":"width","value":20,"type":"slider"},"css_class":{"id":"css_class","value":"","type":"text"}}}]},{"id":"column10","type":"column","content":[{"id":"vssfpylqqax9pvkfnxoz","type":"account","params":{"display":{"id":"display","value":"icon","type":"selector"},"icon_type":{"id":"icon_type","value":"default","type":"selector"},"custom_icon":{"id":"custom_icon","value":"","type":"image"},"with_username":{"id":"with_username","value":false,"type":"switcher"},"login_dropdown":{"id":"login_dropdown","value":true,"type":"switcher"},"form_display":{"id":"form_display","value":"side","type":"selector"}}},{"id":"a22wdkiy3r40yw2paskq","type":"wishlist","params":{"design":{"id":"design","value":"icon","type":"selector"},"hide_product_count":{"id":"hide_product_count","value":true,"type":"switcher"},"icon_type":{"id":"icon_type","value":"default","type":"selector"},"custom_icon":{"id":"custom_icon","value":"","type":"image"}}},{"id":"1wiilvy3twds3pyv1iqd","type":"compare","params":{"design":{"id":"design","value":"icon","type":"selector"},"hide_product_count":{"id":"hide_product_count","value":false,"type":"switcher"},"icon_type":{"id":"icon_type","value":"default","type":"selector"},"custom_icon":{"id":"custom_icon","value":"","type":"image"}}},{"id":"nedhm962r512y1xz9j06","type":"cart","params":{"position":{"id":"position","value":"side","type":"selector"},"style":{"id":"style","value":"2","type":"selector"},"icon_type":{"id":"icon_type","value":"bag","type":"selector"},"custom_icon":{"id":"custom_icon","value":"","type":"image"}}}]},{"id":"column_mobile2","type":"column","content":[{"id":"g1k0m1tib7raxrwkm1t3","type":"burger","params":{"style":{"id":"style","value":"icon","type":"selector"},"icon_type":{"id":"icon_type","value":"default","type":"selector"},"custom_icon":{"id":"custom_icon","value":"","type":"image"},"position":{"id":"position","value":"left","type":"selector"},"search_form":{"id":"search_form","value":true,"type":"switcher"},"categories_menu":{"id":"categories_menu","value":false,"type":"switcher"},"menu_id":{"id":"menu_id","value":"mobile-categories","type":"select"},"tabs_swap":{"id":"tabs_swap","value":false,"type":"switcher"}}}]},{"id":"column_mobile3","type":"column","content":[{"id":"lt7vdqgaccmapftzurvt","type":"logo","params":{"image":{"id":"image","value":"","type":"image"},"width":{"id":"width","value":179,"type":"slider"},"sticky_image":{"id":"sticky_image","value":"","type":"image"},"sticky_width":{"id":"sticky_width","value":179,"type":"slider"}}}]},{"id":"column_mobile4","type":"column","content":[{"id":"trk5sfmvib0ch1s1qbtc","type":"cart","params":{"position":{"id":"position","value":"side","type":"selector"},"style":{"id":"style","value":"5","type":"selector"},"icon_type":{"id":"icon_type","value":"bag","type":"selector"},"custom_icon":{"id":"custom_icon","value":"","type":"image"}}}]}],"params":{"flex_layout":{"id":"flex_layout","value":"flex-middle","type":"selector"},"height":{"id":"height","value":85,"type":"slider"},"mobile_height":{"id":"mobile_height","value":60,"type":"slider"},"hide_desktop":{"id":"hide_desktop","value":false,"type":"switcher"},"hide_mobile":{"id":"hide_mobile","value":false,"type":"switcher"},"sticky":{"id":"sticky","value":false,"type":"switcher"},"sticky_height":{"id":"sticky_height","value":60,"type":"slider"},"color_scheme":{"id":"color_scheme","value":"dark","type":"selector"},"shadow":{"id":"shadow","value":false,"type":"switcher"},"background":{"id":"background","value":"","type":"bg"},"border":{"id":"border","value":{"width":"1","color":{"r":232,"g":232,"b":232,"a":1},"applyFor":"fullwidth","style":"solid","sides":["bottom"]},"type":"border"}}},{"id":"header-bottom","type":"row","content":[{"id":"column11","type":"column","content":[{"id":"yrweoo5og1bql91o1juh","type":"menu","params":{"menu_id":{"id":"menu_id","value":"top-bar-right","type":"select"},"menu_style":{"id":"menu_style","value":"default","type":"selector"},"menu_align":{"id":"menu_align","value":"left","type":"selector"}}}]},{"id":"column12","type":"column","content":[]},{"id":"column13","type":"column","content":[{"id":"1g7wl3ufrhgz2t297r20","type":"text","params":{"content":{"id":"content","value":"<ul class=\"inline-list inline-list-with-border main-nav-style\">\n \t<li><a class=\"color-primary\" href=\"https://woodmart.xtemos.com/shop/\">SPECIAL OFFER</a></li>\n \t<li><a href=\"https://1.envato.market/QdJGa\" target=\"_blank\" rel=\"noopener\">PURCHASE THEME</a></li>\n</ul>","type":"editor"},"inline":{"id":"inline","value":false,"type":"switcher"},"css_class":{"id":"css_class","value":"","type":"text"}}}]},{"id":"column_mobile5","type":"column","content":[]}],"params":{"flex_layout":{"id":"flex_layout","value":"flex-middle","type":"selector"},"height":{"id":"height","value":52,"type":"slider"},"mobile_height":{"id":"mobile_height","value":52,"type":"slider"},"hide_desktop":{"id":"hide_desktop","value":false,"type":"switcher"},"hide_mobile":{"id":"hide_mobile","value":true,"type":"switcher"},"sticky":{"id":"sticky","value":true,"type":"switcher"},"sticky_height":{"id":"sticky_height","value":52,"type":"slider"},"color_scheme":{"id":"color_scheme","value":"light","type":"selector"},"shadow":{"id":"shadow","value":false,"type":"switcher"},"background":{"id":"background","value":{"background-color":{"r":209,"g":44,"b":44,"a":1}},"type":"bg"},"border":{"id":"border","value":{"width":"0","style":"solid","applyFor":"fullwidth","sides":["bottom"]},"type":"border"}}}]},"settings":{"overlap":{"id":"overlap","value":false,"type":"switcher"},"boxed":{"id":"boxed","value":false,"type":"switcher"},"full_width":{"id":"full_width","value":false,"type":"switcher"},"dropdowns_dark":{"id":"dropdowns_dark","value":false,"type":"switcher"},"sticky_shadow":{"id":"sticky_shadow","value":true,"type":"switcher"},"hide_on_scroll":{"id":"hide_on_scroll","value":true,"type":"switcher"},"sticky_effect":{"id":"sticky_effect","value":"slide","type":"selector"},"sticky_clone":{"id":"sticky_clone","value":true,"type":"switcher"},"sticky_height":{"id":"sticky_height","value":60,"type":"slider"}}}