<?xml version="1.0" encoding="UTF-8" ?>
<!-- This is a WordPress eXtended RSS file generated by WordPress as an export of your site. -->
<!-- It contains information about your site's posts, pages, comments, categories, and other content. -->
<!-- You may use this file to transfer that content from one site to another. -->
<!-- This file is not intended to serve as a complete backup of your site. -->

<!-- To import this information into a WordPress site follow these steps: -->
<!-- 1. Log in to that site as an administrator. -->
<!-- 2. Go to Tools: Import in the WordPress admin panel. -->
<!-- 3. Install the "WordPress" importer from the list. -->
<!-- 4. Activate & Run Importer. -->
<!-- 5. Upload this file using the form provided on that page. -->
<!-- 6. You will first be asked to map the authors in this export file to users -->
<!--    on the site. For each author, you may choose to map to an -->
<!--    existing user on the site or to create a new user. -->
<!-- 7. WordPress will then import each of the posts, pages, comments, categories, etc. -->
<!--    contained in this file into your site. -->

	<!-- generator="WordPress/5.4.2" created="2020-07-07 14:50" -->
<rss version="2.0"
	xmlns:excerpt="http://wordpress.org/export/1.2/excerpt/"
	xmlns:content="http://purl.org/rss/1.0/modules/content/"
	xmlns:wfw="http://wellformedweb.org/CommentAPI/"
	xmlns:dc="http://purl.org/dc/elements/1.1/"
	xmlns:wp="http://wordpress.org/export/1.2/"
>

<channel>
	<title>Woodmart dummy demos</title>
	<link>http://dummy.xtemos.com/woodmart-elementor/demos</link>
	<description>Just another Woodmart Dummy Content Sites site</description>
	<pubDate>Tue, 07 Jul 2020 14:50:19 +0000</pubDate>
	<language>en-US</language>
	<wp:wxr_version>1.2</wp:wxr_version>
	<wp:base_site_url>http://dummy.xtemos.com/woodmart-elementor/</wp:base_site_url>
	<wp:base_blog_url>http://dummy.xtemos.com/woodmart-elementor/demos</wp:base_blog_url>

		<wp:author><wp:author_id>2</wp:author_id><wp:author_login>erwin</wp:author_login><wp:author_email>ss@asas.as</wp:author_email><wp:author_display_name><![CDATA[erwin]]></wp:author_display_name><wp:author_first_name><![CDATA[]]></wp:author_first_name><wp:author_last_name><![CDATA[]]></wp:author_last_name></wp:author>

				
	<generator>https://wordpress.org/?v=5.4.2</generator>

		<item>
		<title>
				wood-gallery-placeholder		</title>
		<link>http://dummy.xtemos.com/woodmart-elementor/demos/home-base/wood-gallery-placeholder/</link>
		<pubDate>Wed, 14 Jun 2017 11:33:24 +0000</pubDate>
		<dc:creator><![CDATA[admin]]></dc:creator>
		<guid isPermaLink="false">http://dummy.xtemos.com/woodmart-elementor/demos/wp-content/uploads/sites/2/2017/06/wood-gallery-placeholder.jpg</guid>
		<description></description>
		<content:encoded><![CDATA[]]></content:encoded>
		<excerpt:encoded><![CDATA[]]></excerpt:encoded>
		<wp:post_id>78</wp:post_id>
		<wp:post_date>2017-06-14 11:33:24</wp:post_date>
		<wp:post_date_gmt>2017-06-14 11:33:24</wp:post_date_gmt>
		<wp:comment_status>open</wp:comment_status>
		<wp:ping_status>closed</wp:ping_status>
		<wp:post_name>wood-gallery-placeholder</wp:post_name>
		<wp:status>inherit</wp:status>
		<wp:post_parent>57</wp:post_parent>
		<wp:menu_order>0</wp:menu_order>
		<wp:post_type>attachment</wp:post_type>
		<wp:post_password></wp:post_password>
		<wp:is_sticky>0</wp:is_sticky>
						<wp:attachment_url>http://dummy.xtemos.com/woodmart-elementor/demos/wp-content/uploads/sites/2/2017/06/wood-gallery-placeholder.jpg</wp:attachment_url>
												<wp:postmeta>
			<wp:meta_key>_wp_attached_file</wp:meta_key>
			<wp:meta_value><![CDATA[2017/06/wood-gallery-placeholder.jpg]]></wp:meta_value>
		</wp:postmeta>
						</item>
					<item>
		<title>
				wood-gallery-placeholder-2		</title>
		<link>http://dummy.xtemos.com/woodmart-elementor/demos/home-base/wood-gallery-placeholder-2/</link>
		<pubDate>Wed, 14 Jun 2017 11:33:26 +0000</pubDate>
		<dc:creator><![CDATA[admin]]></dc:creator>
		<guid isPermaLink="false">http://dummy.xtemos.com/woodmart-elementor/demos/wp-content/uploads/sites/2/2017/06/wood-gallery-placeholder-2.jpg</guid>
		<description></description>
		<content:encoded><![CDATA[]]></content:encoded>
		<excerpt:encoded><![CDATA[]]></excerpt:encoded>
		<wp:post_id>79</wp:post_id>
		<wp:post_date>2017-06-14 11:33:26</wp:post_date>
		<wp:post_date_gmt>2017-06-14 11:33:26</wp:post_date_gmt>
		<wp:comment_status>open</wp:comment_status>
		<wp:ping_status>closed</wp:ping_status>
		<wp:post_name>wood-gallery-placeholder-2</wp:post_name>
		<wp:status>inherit</wp:status>
		<wp:post_parent>57</wp:post_parent>
		<wp:menu_order>0</wp:menu_order>
		<wp:post_type>attachment</wp:post_type>
		<wp:post_password></wp:post_password>
		<wp:is_sticky>0</wp:is_sticky>
						<wp:attachment_url>http://dummy.xtemos.com/woodmart-elementor/demos/wp-content/uploads/sites/2/2017/06/wood-gallery-placeholder-2.jpg</wp:attachment_url>
												<wp:postmeta>
			<wp:meta_key>_wp_attached_file</wp:meta_key>
			<wp:meta_value><![CDATA[2017/06/wood-gallery-placeholder-2.jpg]]></wp:meta_value>
		</wp:postmeta>
						</item>
					<item>
		<title>
				wood-gallery-placeholder-3		</title>
		<link>http://dummy.xtemos.com/woodmart-elementor/demos/home-base/wood-gallery-placeholder-3/</link>
		<pubDate>Wed, 14 Jun 2017 11:33:28 +0000</pubDate>
		<dc:creator><![CDATA[admin]]></dc:creator>
		<guid isPermaLink="false">http://dummy.xtemos.com/woodmart-elementor/demos/wp-content/uploads/sites/2/2017/06/wood-gallery-placeholder-3.jpg</guid>
		<description></description>
		<content:encoded><![CDATA[]]></content:encoded>
		<excerpt:encoded><![CDATA[]]></excerpt:encoded>
		<wp:post_id>80</wp:post_id>
		<wp:post_date>2017-06-14 11:33:28</wp:post_date>
		<wp:post_date_gmt>2017-06-14 11:33:28</wp:post_date_gmt>
		<wp:comment_status>open</wp:comment_status>
		<wp:ping_status>closed</wp:ping_status>
		<wp:post_name>wood-gallery-placeholder-3</wp:post_name>
		<wp:status>inherit</wp:status>
		<wp:post_parent>57</wp:post_parent>
		<wp:menu_order>0</wp:menu_order>
		<wp:post_type>attachment</wp:post_type>
		<wp:post_password></wp:post_password>
		<wp:is_sticky>0</wp:is_sticky>
						<wp:attachment_url>http://dummy.xtemos.com/woodmart-elementor/demos/wp-content/uploads/sites/2/2017/06/wood-gallery-placeholder-3.jpg</wp:attachment_url>
												<wp:postmeta>
			<wp:meta_key>_wp_attached_file</wp:meta_key>
			<wp:meta_value><![CDATA[2017/06/wood-gallery-placeholder-3.jpg]]></wp:meta_value>
		</wp:postmeta>
						</item>
					<item>
		<title>
				wood-gallery-placeholder-4		</title>
		<link>http://dummy.xtemos.com/woodmart-elementor/demos/home-base/wood-gallery-placeholder-4/</link>
		<pubDate>Wed, 14 Jun 2017 11:33:30 +0000</pubDate>
		<dc:creator><![CDATA[admin]]></dc:creator>
		<guid isPermaLink="false">http://dummy.xtemos.com/woodmart-elementor/demos/wp-content/uploads/sites/2/2017/06/wood-gallery-placeholder-4.jpg</guid>
		<description></description>
		<content:encoded><![CDATA[]]></content:encoded>
		<excerpt:encoded><![CDATA[]]></excerpt:encoded>
		<wp:post_id>81</wp:post_id>
		<wp:post_date>2017-06-14 11:33:30</wp:post_date>
		<wp:post_date_gmt>2017-06-14 11:33:30</wp:post_date_gmt>
		<wp:comment_status>open</wp:comment_status>
		<wp:ping_status>closed</wp:ping_status>
		<wp:post_name>wood-gallery-placeholder-4</wp:post_name>
		<wp:status>inherit</wp:status>
		<wp:post_parent>57</wp:post_parent>
		<wp:menu_order>0</wp:menu_order>
		<wp:post_type>attachment</wp:post_type>
		<wp:post_password></wp:post_password>
		<wp:is_sticky>0</wp:is_sticky>
						<wp:attachment_url>http://dummy.xtemos.com/woodmart-elementor/demos/wp-content/uploads/sites/2/2017/06/wood-gallery-placeholder-4.jpg</wp:attachment_url>
												<wp:postmeta>
			<wp:meta_key>_wp_attached_file</wp:meta_key>
			<wp:meta_value><![CDATA[2017/06/wood-gallery-placeholder-4.jpg]]></wp:meta_value>
		</wp:postmeta>
						</item>
					<item>
		<title>
				wood-portfolio-placeholder		</title>
		<link>http://dummy.xtemos.com/woodmart-elementor/demos/wood-portfolio-placeholder/</link>
		<pubDate>Wed, 14 Jun 2017 14:02:43 +0000</pubDate>
		<dc:creator><![CDATA[admin]]></dc:creator>
		<guid isPermaLink="false">http://dummy.xtemos.com/woodmart-elementor/demos/wp-content/uploads/sites/2/2017/06/wood-portfolio-placeholder.jpg</guid>
		<description></description>
		<content:encoded><![CDATA[]]></content:encoded>
		<excerpt:encoded><![CDATA[]]></excerpt:encoded>
		<wp:post_id>117</wp:post_id>
		<wp:post_date>2017-06-14 14:02:43</wp:post_date>
		<wp:post_date_gmt>2017-06-14 14:02:43</wp:post_date_gmt>
		<wp:comment_status>open</wp:comment_status>
		<wp:ping_status>closed</wp:ping_status>
		<wp:post_name>wood-portfolio-placeholder</wp:post_name>
		<wp:status>inherit</wp:status>
		<wp:post_parent>0</wp:post_parent>
		<wp:menu_order>0</wp:menu_order>
		<wp:post_type>attachment</wp:post_type>
		<wp:post_password></wp:post_password>
		<wp:is_sticky>0</wp:is_sticky>
						<wp:attachment_url>http://dummy.xtemos.com/woodmart-elementor/demos/wp-content/uploads/sites/2/2017/06/wood-portfolio-placeholder.jpg</wp:attachment_url>
												<wp:postmeta>
			<wp:meta_key>_wp_attached_file</wp:meta_key>
			<wp:meta_value><![CDATA[2017/06/wood-portfolio-placeholder.jpg]]></wp:meta_value>
		</wp:postmeta>
						</item>
					<item>
		<title>
				Our team		</title>
		<link>http://dummy.xtemos.com/woodmart-elementor/demos/our-team/</link>
		<pubDate>Tue, 27 Jun 2017 07:50:48 +0000</pubDate>
		<dc:creator><![CDATA[erwin]]></dc:creator>
		<guid isPermaLink="false">http://dummy.xtemos.com/woodmart-elementor/demos/?page_id=665</guid>
		<description></description>
		<content:encoded><![CDATA[<h4>
					There are no secrets to success. It is the result of preparation, hard work, and learning from failure.				</h4>
					By Colin Powell				
					SOME WORDS ABOUT US				
				<h4>
					PROFESSIONALS ONLY				</h4>
					Convallis ullamcorper aliquet ultrices orci cum vestibulum lobortis erat.				
						<img src="http://dummy.xtemos.com/woodmart-elementor/demos/wp-content/uploads/sites/2/elementor/thumbs/wood-portfolio-placeholder-oqf427c0ixsokheg2eruwjbjknluy3i1ervma0tlrk.jpg" title="wood-portfolio-placeholder" alt="wood-portfolio-placeholder" />					
									<h4>
						MARK JANCE					</h4>
						CEO / FOUNDER					
															<a href="#">
									<i></i>
								</a>
															<a href="#">
									<i></i>
								</a>
															<a href="#">
									<i></i>
								</a>
						<img src="http://dummy.xtemos.com/woodmart-elementor/demos/wp-content/uploads/sites/2/elementor/thumbs/wood-portfolio-placeholder-oqf427c0ixsokheg2eruwjbjknluy3i1ervma0tlrk.jpg" title="wood-portfolio-placeholder" alt="wood-portfolio-placeholder" />					
									<h4>
						MARK JANCE					</h4>
						CEO / FOUNDER					
															<a href="#">
									<i></i>
								</a>
															<a href="#">
									<i></i>
								</a>
															<a href="#">
									<i></i>
								</a>
						<img src="http://dummy.xtemos.com/woodmart-elementor/demos/wp-content/uploads/sites/2/elementor/thumbs/wood-portfolio-placeholder-oqf427c0ixsokheg2eruwjbjknluy3i1ervma0tlrk.jpg" title="wood-portfolio-placeholder" alt="wood-portfolio-placeholder" />					
									<h4>
						MARK JANCE					</h4>
						CEO / FOUNDER					
															<a href="#">
									<i></i>
								</a>
															<a href="#">
									<i></i>
								</a>
															<a href="#">
									<i></i>
								</a>
						<img src="http://dummy.xtemos.com/woodmart-elementor/demos/wp-content/uploads/sites/2/elementor/thumbs/wood-portfolio-placeholder-oqf427c0ixsokheg2eruwjbjknluy3i1ervma0tlrk.jpg" title="wood-portfolio-placeholder" alt="wood-portfolio-placeholder" />					
									<h4>
						MARK JANCE					</h4>
						CEO / FOUNDER					
															<a href="#">
									<i></i>
								</a>
															<a href="#">
									<i></i>
								</a>
															<a href="#">
									<i></i>
								</a>
						<img src="http://dummy.xtemos.com/woodmart-elementor/demos/wp-content/uploads/sites/2/elementor/thumbs/wood-portfolio-placeholder-oqf427c0ixsokheg2eruwjbjknluy3i1ervma0tlrk.jpg" title="wood-portfolio-placeholder" alt="wood-portfolio-placeholder" />					
									<h4>
						MARK JANCE					</h4>
						CEO / FOUNDER					
															<a href="#">
									<i></i>
								</a>
															<a href="#">
									<i></i>
								</a>
															<a href="#">
									<i></i>
								</a>
						<img src="http://dummy.xtemos.com/woodmart-elementor/demos/wp-content/uploads/sites/2/elementor/thumbs/wood-portfolio-placeholder-oqf427c0ixsokheg2eruwjbjknluy3i1ervma0tlrk.jpg" title="wood-portfolio-placeholder" alt="wood-portfolio-placeholder" />					
									<h4>
						MARK JANCE					</h4>
						CEO / FOUNDER					
															<a href="#">
									<i></i>
								</a>
															<a href="#">
									<i></i>
								</a>
															<a href="#">
									<i></i>
								</a>
						<img src="http://dummy.xtemos.com/woodmart-elementor/demos/wp-content/uploads/sites/2/elementor/thumbs/wood-portfolio-placeholder-oqf427c0ixsokheg2eruwjbjknluy3i1ervma0tlrk.jpg" title="wood-portfolio-placeholder" alt="wood-portfolio-placeholder" />					
									<h4>
						MARK JANCE					</h4>
						CEO / FOUNDER					
															<a href="#">
									<i></i>
								</a>
															<a href="#">
									<i></i>
								</a>
															<a href="#">
									<i></i>
								</a>
						<img src="http://dummy.xtemos.com/woodmart-elementor/demos/wp-content/uploads/sites/2/elementor/thumbs/wood-portfolio-placeholder-oqf427c0ixsokheg2eruwjbjknluy3i1ervma0tlrk.jpg" title="wood-portfolio-placeholder" alt="wood-portfolio-placeholder" />					
									<h4>
						MARK JANCE					</h4>
						CEO / FOUNDER					
															<a href="#">
									<i></i>
								</a>
															<a href="#">
									<i></i>
								</a>
															<a href="#">
									<i></i>
								</a>
					SOME WORDS ABOUT US				
				<h4>
					AND HOW WE WORK				</h4>
					Convallis ullamcorper aliquet ultrices orci cum vestibulum lobortis erat.				
													<a data-height="1200" data-index="0" data-elementor-open-lightbox="no">
							<img src="http://dummy.xtemos.com/woodmart-elementor/demos/wp-content/uploads/sites/2/2017/06/wood-gallery-placeholder-4.jpg">							
													</a>
													<a data-height="1200" data-index="1" data-elementor-open-lightbox="no">
							<img src="http://dummy.xtemos.com/woodmart-elementor/demos/wp-content/uploads/sites/2/2017/06/wood-gallery-placeholder-3.jpg">							
													</a>
													<a data-height="1200" data-index="2" data-elementor-open-lightbox="no">
							<img src="http://dummy.xtemos.com/woodmart-elementor/demos/wp-content/uploads/sites/2/2017/06/wood-gallery-placeholder-2.jpg">							
													</a>
													<a data-height="1200" data-index="3" data-elementor-open-lightbox="no">
							<img src="http://dummy.xtemos.com/woodmart-elementor/demos/wp-content/uploads/sites/2/2017/06/wood-gallery-placeholder.jpg">							
													</a>]]></content:encoded>
		<excerpt:encoded><![CDATA[]]></excerpt:encoded>
		<wp:post_id>665</wp:post_id>
		<wp:post_date>2017-06-27 07:50:48</wp:post_date>
		<wp:post_date_gmt>2017-06-27 07:50:48</wp:post_date_gmt>
		<wp:comment_status>closed</wp:comment_status>
		<wp:ping_status>closed</wp:ping_status>
		<wp:post_name>our-team</wp:post_name>
		<wp:status>publish</wp:status>
		<wp:post_parent>0</wp:post_parent>
		<wp:menu_order>0</wp:menu_order>
		<wp:post_type>page</wp:post_type>
		<wp:post_password></wp:post_password>
		<wp:is_sticky>0</wp:is_sticky>
														<wp:postmeta>
			<wp:meta_key>_wp_page_template</wp:meta_key>
			<wp:meta_value><![CDATA[default]]></wp:meta_value>
		</wp:postmeta>
							<wp:postmeta>
			<wp:meta_key>_woodmart_header</wp:meta_key>
			<wp:meta_value><![CDATA[simple]]></wp:meta_value>
		</wp:postmeta>
							<wp:postmeta>
			<wp:meta_key>_woodmart_header_color_scheme</wp:meta_key>
			<wp:meta_value><![CDATA[light]]></wp:meta_value>
		</wp:postmeta>
							<wp:postmeta>
			<wp:meta_key>_woodmart_main_layout</wp:meta_key>
			<wp:meta_value><![CDATA[full-width]]></wp:meta_value>
		</wp:postmeta>
							<wp:postmeta>
			<wp:meta_key>_woodmart_header-overlap</wp:meta_key>
			<wp:meta_value><![CDATA[on]]></wp:meta_value>
		</wp:postmeta>
							<wp:postmeta>
			<wp:meta_key>_woodmart_title_off</wp:meta_key>
			<wp:meta_value><![CDATA[on]]></wp:meta_value>
		</wp:postmeta>
							<wp:postmeta>
			<wp:meta_key>_woodmart_top_bar_off</wp:meta_key>
			<wp:meta_value><![CDATA[on]]></wp:meta_value>
		</wp:postmeta>
							<wp:postmeta>
			<wp:meta_key>_woodmart_whb_header</wp:meta_key>
			<wp:meta_value><![CDATA[header_576762]]></wp:meta_value>
		</wp:postmeta>
							<wp:postmeta>
			<wp:meta_key>_elementor_data</wp:meta_key>
			<wp:meta_value><![CDATA[[{"id":"2934300","elType":"section","settings":{"wd_section_stretch":"stretch","background_background":"classic","background_image":{"url":"http:\/\/dummy.xtemos.com\/woodmart-elementor\/demos\/wp-content\/uploads\/sites\/2\/2017\/06\/wood-main-dark-bg.jpg?id=246","id":""},"background_size":"cover","background_repeat":"no-repeat","padding":{"unit":"%","top":"21","right":"0","bottom":"26","left":"0","isLinked":""},"padding_tablet":{"unit":"%","top":"31","right":"0","bottom":"35","left":"0","isLinked":""}},"elements":[{"id":"8998288","elType":"column","settings":{"_column_size":"100","padding":{"unit":"px","top":"0","right":"25","bottom":"0","left":"25","isLinked":""},"column_sticky_offset":"50","scroll_y":"-80"},"elements":[{"id":"2747016","elType":"widget","settings":{"subtitle":"","after_title":"By Colin Powell","image_size":"custom","width":{"size":"61","unit":"%"},"color":"white","size":"large","title":"There are no secrets to success. It is the result of preparation, hard work, and learning from failure.","width_tablet":{"unit":"%","size":"77","sizes":[]},"width_mobile":{"unit":"%","size":"100","sizes":[]},"scroll_y":"-80"},"elements":[],"widgetType":"wd_title"}],"isInner":""}],"isInner":""},{"id":"2340887","elType":"section","settings":{"background_background":"classic","background_color":"#FFFFFF","margin":{"unit":"px","top":"-110","right":"-15","bottom":"50","left":"-15","isLinked":""},"margin_tablet":{"unit":"px","top":"0","right":"0","bottom":"60","left":"0","isLinked":""},"margin_mobile":{"unit":"px","top":"0","right":"0","bottom":"50","left":"0","isLinked":""},"padding":{"unit":"%","top":"4","right":"9","bottom":"0","left":"9","isLinked":""},"padding_tablet":{"unit":"%","top":"","right":"","bottom":"","left":"","isLinked":"1"}},"elements":[{"id":"9109563","elType":"column","settings":{"_column_size":"100","column_sticky_offset":"50","scroll_y":"-80"},"elements":[{"id":"124258","elType":"widget","settings":{"subtitle":"SOME WORDS ABOUT US","after_title":"Convallis ullamcorper aliquet ultrices orci cum vestibulum lobortis erat.","image_size":"custom","size":"large","title":"PROFESSIONALS ONLY","scroll_y":"-80"},"elements":[],"widgetType":"wd_title"},{"id":"1de6d65","elType":"section","settings":{"gap":"extended","structure":"40"},"elements":[{"id":"7ce014f","elType":"column","settings":{"_column_size":"25","_inline_size_tablet":"50","space_between_widgets":"30","column_sticky_offset":"50","scroll_y":"-80"},"elements":[{"id":"5096069","elType":"widget","settings":{"content":"","name":"MARK JANCE","position":"CEO \/ FOUNDER","image":{"id":"117","url":""},"align":"center","woodmart_color_scheme":"light","layout":"hover","size":"small","style":"colored","img":"1896","facebook":"#","twitter":"#","google_plus":"#","instagram":"#","image_size":"custom","image_custom_dimension":{"width":"400","height":"600"},"linkedin":"","skype":"","scroll_y":"-80"},"elements":[],"widgetType":"wd_team_member"},{"id":"8517458","elType":"widget","settings":{"content":"","name":"MARK JANCE","position":"CEO \/ FOUNDER","image":{"id":"117","url":""},"align":"center","woodmart_color_scheme":"light","layout":"hover","size":"small","style":"colored","img":"1896","facebook":"#","twitter":"#","google_plus":"#","instagram":"#","image_size":"custom","image_custom_dimension":{"width":"400","height":"600"},"linkedin":"","skype":"","scroll_y":"-80"},"elements":[],"widgetType":"wd_team_member"}],"isInner":"1"},{"id":"d2bf9b6","elType":"column","settings":{"_column_size":"25","_inline_size_tablet":"50","space_between_widgets":"30","column_sticky_offset":"50","scroll_y":"-80"},"elements":[{"id":"6914623","elType":"widget","settings":{"content":"","name":"MARK JANCE","position":"CEO \/ FOUNDER","image":{"id":"117","url":""},"align":"center","woodmart_color_scheme":"light","layout":"hover","size":"small","style":"colored","img":"1896","facebook":"#","twitter":"#","google_plus":"#","instagram":"#","image_size":"custom","image_custom_dimension":{"width":"400","height":"600"},"linkedin":"","skype":"","scroll_y":"-80"},"elements":[],"widgetType":"wd_team_member"},{"id":"1922949","elType":"widget","settings":{"content":"","name":"MARK JANCE","position":"CEO \/ FOUNDER","image":{"id":"117","url":""},"align":"center","woodmart_color_scheme":"light","layout":"hover","size":"small","style":"colored","img":"1896","facebook":"#","twitter":"#","google_plus":"#","instagram":"#","image_size":"custom","image_custom_dimension":{"width":"400","height":"600"},"linkedin":"","skype":"","scroll_y":"-80"},"elements":[],"widgetType":"wd_team_member"}],"isInner":"1"},{"id":"c47c3f0","elType":"column","settings":{"_column_size":"25","_inline_size_tablet":"50","space_between_widgets":"30","column_sticky_offset":"50","scroll_y":"-80"},"elements":[{"id":"6614158","elType":"widget","settings":{"content":"","name":"MARK JANCE","position":"CEO \/ FOUNDER","image":{"id":"117","url":""},"align":"center","woodmart_color_scheme":"light","layout":"hover","size":"small","style":"colored","img":"1896","facebook":"#","twitter":"#","google_plus":"#","instagram":"#","image_size":"custom","image_custom_dimension":{"width":"400","height":"600"},"linkedin":"","skype":"","scroll_y":"-80"},"elements":[],"widgetType":"wd_team_member"},{"id":"6884140","elType":"widget","settings":{"content":"","name":"MARK JANCE","position":"CEO \/ FOUNDER","image":{"id":"117","url":""},"align":"center","woodmart_color_scheme":"light","layout":"hover","size":"small","style":"colored","img":"1896","facebook":"#","twitter":"#","google_plus":"#","instagram":"#","image_size":"custom","image_custom_dimension":{"width":"400","height":"600"},"linkedin":"","skype":"","scroll_y":"-80"},"elements":[],"widgetType":"wd_team_member"}],"isInner":"1"},{"id":"b4c0e99","elType":"column","settings":{"_column_size":"25","_inline_size_tablet":"50","space_between_widgets":"30","column_sticky_offset":"50","scroll_y":"-80"},"elements":[{"id":"5847241","elType":"widget","settings":{"content":"","name":"MARK JANCE","position":"CEO \/ FOUNDER","image":{"id":"117","url":""},"align":"center","woodmart_color_scheme":"light","layout":"hover","size":"small","style":"colored","img":"1896","facebook":"#","twitter":"#","google_plus":"#","instagram":"#","image_size":"custom","image_custom_dimension":{"width":"400","height":"600"},"linkedin":"","skype":"","scroll_y":"-80"},"elements":[],"widgetType":"wd_team_member"},{"id":"8244212","elType":"widget","settings":{"content":"","name":"MARK JANCE","position":"CEO \/ FOUNDER","image":{"id":"117","url":""},"align":"center","woodmart_color_scheme":"light","layout":"hover","size":"small","style":"colored","img":"1896","facebook":"#","twitter":"#","google_plus":"#","instagram":"#","image_size":"custom","image_custom_dimension":{"width":"400","height":"600"},"linkedin":"","skype":"","scroll_y":"-80"},"elements":[],"widgetType":"wd_team_member"}],"isInner":"1"}],"isInner":"1"}],"isInner":""}],"isInner":""},{"id":"2881949","elType":"section","settings":{"wd_section_stretch":"stretch-content","gap":"no","margin":{"unit":"px","top":"0","right":"0","bottom":"-40","left":"0","isLinked":""},"padding":{"unit":"px","top":"0","right":"0","bottom":"0","left":"0","isLinked":""}},"elements":[{"id":"2886785","elType":"column","settings":{"_column_size":"100","column_sticky_offset":"50","scroll_y":"-80"},"elements":[{"id":"4858436","elType":"widget","settings":{"subtitle":"SOME WORDS ABOUT US","after_title":"Convallis ullamcorper aliquet ultrices orci cum vestibulum lobortis erat.","image_size":"custom","size":"large","title":"AND HOW WE WORK","scroll_y":"-80"},"elements":[],"widgetType":"wd_title"},{"id":"3021077","elType":"widget","settings":{"ids_size":"full","ids":[{"id":"81","url":""},{"id":"80","url":""},{"id":"79","url":""},{"id":"78","url":""}],"view":"carousel","spacing":"0","slides_per_view":{"size":"4","unit":"px","sizes":[]},"hide_pagination_control":"yes","hide_prev_next_buttons":"yes","caption":"","ids_custom_dimension":[],"scroll_y":"-80"},"elements":[],"widgetType":"wd_images_gallery"}],"isInner":""}],"isInner":""}]]]></wp:meta_value>
		</wp:postmeta>
							<wp:postmeta>
			<wp:meta_key>_elementor_edit_mode</wp:meta_key>
			<wp:meta_value><![CDATA[builder]]></wp:meta_value>
		</wp:postmeta>
							<wp:postmeta>
			<wp:meta_key>_elementor_version</wp:meta_key>
			<wp:meta_value><![CDATA[2.9.11]]></wp:meta_value>
		</wp:postmeta>
							<wp:postmeta>
			<wp:meta_key>_elementor_template_type</wp:meta_key>
			<wp:meta_value><![CDATA[wp-page]]></wp:meta_value>
		</wp:postmeta>
							<wp:postmeta>
			<wp:meta_key>_elementor_controls_usage</wp:meta_key>
			<wp:meta_value><![CDATA[a:5:{s:8:"wd_title";a:3:{s:5:"count";i:3;s:15:"control_percent";i:2;s:8:"controls";a:3:{s:7:"content";a:1:{s:23:"general_content_section";a:3:{s:8:"subtitle";i:3;s:11:"after_title";i:3;s:5:"title";i:3;}}s:5:"style";a:2:{s:19:"title_style_section";a:1:{s:10:"image_size";i:3;}s:21:"general_style_section";a:5:{s:5:"width";i:1;s:5:"color";i:1;s:4:"size";i:3;s:12:"width_tablet";i:1;s:12:"width_mobile";i:1;}}s:8:"advanced";a:1:{s:8:"wd_extra";a:1:{s:8:"scroll_y";i:3;}}}}s:6:"column";a:3:{s:5:"count";i:7;s:15:"control_percent";i:1;s:8:"controls";a:2:{s:8:"advanced";a:2:{s:16:"section_advanced";a:1:{s:7:"padding";i:1;}s:8:"wd_extra";a:2:{s:20:"column_sticky_offset";i:7;s:8:"scroll_y";i:7;}}s:6:"layout";a:1:{s:6:"layout";a:2:{s:19:"_inline_size_tablet";i:4;s:21:"space_between_widgets";i:4;}}}}s:7:"section";a:3:{s:5:"count";i:4;s:15:"control_percent";i:1;s:8:"controls";a:3:{s:6:"layout";a:3:{s:15:"wd_extra_layout";a:1:{s:18:"wd_section_stretch";i:2;}s:14:"section_layout";a:1:{s:3:"gap";i:2;}s:17:"section_structure";a:1:{s:9:"structure";i:1;}}s:5:"style";a:1:{s:18:"section_background";a:5:{s:21:"background_background";i:2;s:16:"background_image";i:1;s:15:"background_size";i:1;s:17:"background_repeat";i:1;s:16:"background_color";i:1;}}s:8:"advanced";a:1:{s:16:"section_advanced";a:5:{s:7:"padding";i:3;s:14:"padding_tablet";i:2;s:6:"margin";i:2;s:13:"margin_tablet";i:1;s:13:"margin_mobile";i:1;}}}}s:14:"wd_team_member";a:3:{s:5:"count";i:8;s:15:"control_percent";i:7;s:8:"controls";a:3:{s:7:"content";a:2:{s:23:"general_content_section";a:6:{s:7:"content";i:8;s:4:"name";i:8;s:8:"position";i:8;s:5:"image";i:8;s:10:"image_size";i:8;s:22:"image_custom_dimension";i:8;}s:21:"links_content_section";a:2:{s:8:"linkedin";i:8;s:5:"skype";i:8;}}s:5:"style";a:2:{s:21:"general_style_section";a:3:{s:5:"align";i:8;s:21:"woodmart_color_scheme";i:8;s:6:"layout";i:8;}s:21:"buttons_style_section";a:2:{s:4:"size";i:8;s:5:"style";i:8;}}s:8:"advanced";a:1:{s:8:"wd_extra";a:1:{s:8:"scroll_y";i:8;}}}}s:17:"wd_images_gallery";a:3:{s:5:"count";i:1;s:15:"control_percent";i:5;s:8:"controls";a:3:{s:7:"content";a:2:{s:23:"general_content_section";a:3:{s:8:"ids_size";i:1;s:3:"ids";i:1;s:20:"ids_custom_dimension";i:1;}s:20:"click_action_section";a:1:{s:7:"caption";i:1;}}s:5:"style";a:2:{s:20:"layout_style_section";a:2:{s:4:"view";i:1;s:7:"spacing";i:1;}s:22:"carousel_style_section";a:3:{s:15:"slides_per_view";i:1;s:23:"hide_pagination_control";i:1;s:22:"hide_prev_next_buttons";i:1;}}s:8:"advanced";a:1:{s:8:"wd_extra";a:1:{s:8:"scroll_y";i:1;}}}}}]]></wp:meta_value>
		</wp:postmeta>
						</item>
				</channel>
</rss>
	