<?xml version="1.0" encoding="UTF-8" ?>
<!-- This is a WordPress eXtended RSS file generated by WordPress as an export of your site. -->
<!-- It contains information about your site's posts, pages, comments, categories, and other content. -->
<!-- You may use this file to transfer that content from one site to another. -->
<!-- This file is not intended to serve as a complete backup of your site. -->

<!-- To import this information into a WordPress site follow these steps: -->
<!-- 1. Log in to that site as an administrator. -->
<!-- 2. Go to Tools: Import in the WordPress admin panel. -->
<!-- 3. Install the "WordPress" importer from the list. -->
<!-- 4. Activate & Run Importer. -->
<!-- 5. Upload this file using the form provided on that page. -->
<!-- 6. You will first be asked to map the authors in this export file to users -->
<!--    on the site. For each author, you may choose to map to an -->
<!--    existing user on the site or to create a new user. -->
<!-- 7. WordPress will then import each of the posts, pages, comments, categories, etc. -->
<!--    contained in this file into your site. -->

	<!-- generator="WordPress/5.4.2" created="2020-07-08 08:37" -->
<rss version="2.0"
	xmlns:excerpt="http://wordpress.org/export/1.2/excerpt/"
	xmlns:content="http://purl.org/rss/1.0/modules/content/"
	xmlns:wfw="http://wellformedweb.org/CommentAPI/"
	xmlns:dc="http://purl.org/dc/elements/1.1/"
	xmlns:wp="http://wordpress.org/export/1.2/"
>

<channel>
	<title>Woodmart dummy demos</title>
	<link>http://dummy.xtemos.com/woodmart-elementor/demos</link>
	<description>Just another Woodmart Dummy Content Sites site</description>
	<pubDate>Wed, 08 Jul 2020 08:37:26 +0000</pubDate>
	<language>en-US</language>
	<wp:wxr_version>1.2</wp:wxr_version>
	<wp:base_site_url>http://dummy.xtemos.com/woodmart-elementor/</wp:base_site_url>
	<wp:base_blog_url>http://dummy.xtemos.com/woodmart-elementor/demos</wp:base_blog_url>

		<wp:author><wp:author_id>2</wp:author_id><wp:author_login>erwin</wp:author_login><wp:author_email>ss@asas.as</wp:author_email><wp:author_display_name><![CDATA[erwin]]></wp:author_display_name><wp:author_first_name><![CDATA[]]></wp:author_first_name><wp:author_last_name><![CDATA[]]></wp:author_last_name></wp:author>

				
	<generator>https://wordpress.org/?v=5.4.2</generator>

		<item>
		<title>
				wood-time-icon		</title>
		<link>http://dummy.xtemos.com/woodmart-elementor/demos/?attachment_id=46</link>
		<pubDate>Wed, 14 Jun 2017 08:21:57 +0000</pubDate>
		<dc:creator><![CDATA[admin]]></dc:creator>
		<guid isPermaLink="false">http://dummy.xtemos.com/woodmart-elementor/demos/wp-content/uploads/sites/2/2017/06/wood-time-icon.svg</guid>
		<description></description>
		<content:encoded><![CDATA[]]></content:encoded>
		<excerpt:encoded><![CDATA[]]></excerpt:encoded>
		<wp:post_id>46</wp:post_id>
		<wp:post_date>2017-06-14 08:21:57</wp:post_date>
		<wp:post_date_gmt>2017-06-14 08:21:57</wp:post_date_gmt>
		<wp:comment_status>open</wp:comment_status>
		<wp:ping_status>closed</wp:ping_status>
		<wp:post_name>wood-time-icon</wp:post_name>
		<wp:status>inherit</wp:status>
		<wp:post_parent>45</wp:post_parent>
		<wp:menu_order>0</wp:menu_order>
		<wp:post_type>attachment</wp:post_type>
		<wp:post_password></wp:post_password>
		<wp:is_sticky>0</wp:is_sticky>
						<wp:attachment_url>http://dummy.xtemos.com/woodmart-elementor/demos/wp-content/uploads/sites/2/2017/06/wood-time-icon.svg</wp:attachment_url>
												<wp:postmeta>
			<wp:meta_key>_wp_attached_file</wp:meta_key>
			<wp:meta_value><![CDATA[2017/06/wood-time-icon.svg]]></wp:meta_value>
		</wp:postmeta>
							<wp:postmeta>
			<wp:meta_key>_elementor_inline_svg</wp:meta_key>
			<wp:meta_value><![CDATA[<?xml version="1.0" encoding="iso-8859-1"?>
<!-- Generator: Adobe Illustrator 19.0.0, SVG Export Plug-In . SVG Version: 6.00 Build 0)  -->
<svg version="1.1" id="Capa_1" xmlns="http://www.w3.org/2000/svg" xmlns:xlink="http://www.w3.org/1999/xlink" x="0px" y="0px"
	 viewBox="0 0 60 60" style="enable-background:new 0 0 60 60;" xml:space="preserve">
<g>
	<path d="M30,0C13.458,0,0,13.458,0,30s13.458,30,30,30s30-13.458,30-30S46.542,0,30,0z M30,58C14.561,58,2,45.439,2,30
		S14.561,2,30,2s28,12.561,28,28S45.439,58,30,58z"/>
	<path d="M30,6c-0.552,0-1,0.447-1,1v23H14c-0.552,0-1,0.447-1,1s0.448,1,1,1h16c0.552,0,1-0.447,1-1V7C31,6.447,30.552,6,30,6z"/>
</g>
<g>
</g>
<g>
</g>
<g>
</g>
<g>
</g>
<g>
</g>
<g>
</g>
<g>
</g>
<g>
</g>
<g>
</g>
<g>
</g>
<g>
</g>
<g>
</g>
<g>
</g>
<g>
</g>
<g>
</g>
</svg>
]]></wp:meta_value>
		</wp:postmeta>
						</item>
					<item>
		<title>
				Privacy Policy		</title>
		<link>http://dummy.xtemos.com/woodmart-elementor/demos/privacy-policy/</link>
		<pubDate>Fri, 06 Jul 2018 13:15:50 +0000</pubDate>
		<dc:creator><![CDATA[erwin]]></dc:creator>
		<guid isPermaLink="false">http://dummy.xtemos.com/woodmart-elementor/demos/?page_id=1629</guid>
		<description></description>
		<content:encoded><![CDATA[

	
	
































											<h4 class="info-box-title box-title-style-default" data-elementor-setting-key="title">
								WHO WE ARE						</h4>
						<p>Our website address is: <a href="https://woodmart.xtemos.com/">https://woodmart.xtemos.com</a>.</p>
		<p>Thank you for visiting XTemos Studio. We are a company, creating products to enhance your website building experience. Please read this Privacy Policy, providing consent to document in order to have permission to use our services.</p>		
				<h4>
					WHAT PERSONAL DATA WE COLLECT AND WHY WE COLLECT IT				</h4>
				<h4>
					<u>1.</u> COMMENTS				</h4>
		<p>When visitors leave comments on the site we collect the data shown in the comments form, and also the visitor’s IP address and browser user agent string to help spam detection.</p><p>An anonymized string created from your email address (also called a hash) may be provided to the Gravatar service to see if you are using it. The Gravatar service privacy policy is available here: <a href="https://automattic.com/privacy/">https://automattic.com/privacy/</a>. After approval of your comment, your profile picture is visible to the public in the context of your comment.</p>		
				<h4>
					<u>2.</u> MEDIA				</h4>
		<p>If you upload images to the website, you should avoid uploading images with embedded location data (EXIF GPS) included. Visitors to the website can download and extract any location data from images on the website.</p>		
				<h4>
					<u>3.</u> CONTACT FORMS				</h4>
		<p>If you leave a comment on our site you may opt-in to saving your name, email address and website in cookies. These are for your convenience so that you do not have to fill in your details again when you leave another comment. These cookies will last for one year.</p><p>If you have an account and you log in to this site, we will set a temporary cookie to determine if your browser accepts cookies. This cookie contains no personal data and is discarded when you close your browser.</p><p>When you log in, we will also set up several cookies to save your login information and your screen display choices. Login cookies last for two days, and screen options cookies last for a year. If you select “Remember Me”, your login will persist for two weeks. If you log out of your account, the login cookies will be removed.</p><p>If you edit or publish an article, an additional cookie will be saved in your browser. This cookie includes no personal data and simply indicates the post ID of the article you just edited. It expires after 1 day.</p>		
				<h4>
					<u>4.</u> EMBEDDED CONTENT FROM OTHER WEBSITES				</h4>
		<p>Articles on this site may include embedded content (e.g. videos, images, articles, etc.). Embedded content from other websites behaves in the exact same way as if the visitor has visited the other website.</p><p>These websites may collect data about you, use cookies, embed additional third-party tracking, and monitor your interaction with that embedded content, including tracing your interaction with the embedded content if you have an account and are logged in to that website.</p>		
				<h4>
					<u>5.</u> HOW LONG WE RETAIN YOUR DATA				</h4>
		<p>If you leave a comment, the comment and its metadata are retained indefinitely. This is so we can recognize and approve any follow-up comments automatically instead of holding them in a moderation queue.</p><p>For users that register on our website (if any), we also store the personal information they provide in their user profile. All users can see, edit, or delete their personal information at any time (except they cannot change their username). Website administrators can also see and edit that information.</p>		
				<h4>
					<u>6.</u> WHAT RIGHTS YOU HAVE OVER YOUR DATA				</h4>
		<p>If you have an account on this site, or have left comments, you can request to receive an exported file of the personal data we hold about you, including any data you have provided to us. You can also request that we erase any personal data we hold about you. This does not include any data we are obliged to keep for administrative, legal, or security purposes.</p>		
				<h4>
					<u>7.</u> WHERE WE SEND YOUR DATA				</h4>
		<p>Visitor comments may be checked through an automated spam detection service.</p>]]></content:encoded>
		<excerpt:encoded><![CDATA[]]></excerpt:encoded>
		<wp:post_id>1629</wp:post_id>
		<wp:post_date>2018-07-06 13:15:50</wp:post_date>
		<wp:post_date_gmt>2018-07-06 13:15:50</wp:post_date_gmt>
		<wp:comment_status>closed</wp:comment_status>
		<wp:ping_status>closed</wp:ping_status>
		<wp:post_name>privacy-policy</wp:post_name>
		<wp:status>publish</wp:status>
		<wp:post_parent>0</wp:post_parent>
		<wp:menu_order>0</wp:menu_order>
		<wp:post_type>page</wp:post_type>
		<wp:post_password></wp:post_password>
		<wp:is_sticky>0</wp:is_sticky>
														<wp:postmeta>
			<wp:meta_key>_wp_page_template</wp:meta_key>
			<wp:meta_value><![CDATA[default]]></wp:meta_value>
		</wp:postmeta>
							<wp:postmeta>
			<wp:meta_key>_woodmart_whb_header</wp:meta_key>
			<wp:meta_value><![CDATA[none]]></wp:meta_value>
		</wp:postmeta>
							<wp:postmeta>
			<wp:meta_key>_woodmart_main_layout</wp:meta_key>
			<wp:meta_value><![CDATA[full-width]]></wp:meta_value>
		</wp:postmeta>
							<wp:postmeta>
			<wp:meta_key>_elementor_data</wp:meta_key>
			<wp:meta_value><![CDATA[[{"id":"7678713","elType":"section","settings":{"wd_section_stretch":"stretch","background_background":"classic","background_color":"#f8f8f8","margin":{"unit":"px","top":"-40","right":"0","bottom":"70","left":"0","isLinked":""},"margin_mobile":{"unit":"px","top":"-40","right":"0","bottom":"50","left":"0","isLinked":""},"padding":{"unit":"px","top":"70","right":"15","bottom":"70","left":"15","isLinked":""},"padding_mobile":{"unit":"px","top":"50","right":"15","bottom":"50","left":"15","isLinked":""}},"elements":[{"id":"654389","elType":"column","settings":{"_column_size":"100","_inline_size":"","_inline_size_tablet":"100","column_sticky_offset":"50","scroll_y":"-80"},"elements":[{"id":"6784355","elType":"widget","settings":{"icon_type":"icon","btn_text":"","image_size":"custom","subtitle":"","title":"WHO WE ARE","btn_position":"hover","image":{"id":"46","url":"#"},"title_size":"extra-large","image_custom_dimension":{"width":"80","height":"80"},"link":{"url":"","is_external":"","nofollow":"","custom_attributes":""},"content":"<p>Our website address is:\u00a0<a href=\"https:\/\/woodmart.xtemos.com\/\">https:\/\/woodmart.xtemos.com<\/a>.<\/p>","icon_text":"53","title_typography_typography":"custom","title_typography_font_size":{"unit":"px","size":"36","sizes":[]},"title_typography_font_size_mobile":{"unit":"px","size":"26","sizes":[]},"title_typography_font_weight":"600","content_typography_typography":"custom","content_typography_font_size":{"unit":"px","size":"15","sizes":[]},"content_typography_font_size_tablet":{"unit":"px","size":"14","sizes":[]},"scroll_y":"-80"},"elements":[],"widgetType":"wd_infobox"},{"id":"e765ec3","elType":"widget","settings":{"editor":"<p>Thank you for visiting XTemos Studio. We are a company, creating products to enhance your website building experience. Please read this Privacy Policy, providing consent to document in order to have permission to use our services.<\/p>","typography_typography":"custom","typography_font_size":{"unit":"px","size":"15","sizes":[]},"typography_font_size_tablet":{"unit":"px","size":"14","sizes":[]},"wd_content_align":"center","wd_content_width":{"unit":"%","size":"49","sizes":[]},"wd_content_width_tablet":{"unit":"%","size":"50","sizes":[]},"wd_content_width_mobile":{"unit":"%","size":"100","sizes":[]},"scroll_y":"-80"},"elements":[],"widgetType":"text-editor"}],"isInner":""}],"isInner":""},{"id":"9b075ad","elType":"section","settings":[],"elements":[{"id":"97512a5","elType":"column","settings":{"_column_size":"100","_inline_size":"","column_sticky_offset":"50","scroll_y":"-80"},"elements":[{"id":"427bdc9","elType":"widget","settings":{"subtitle":"","title":"WHAT PERSONAL DATA WE COLLECT AND WHY WE COLLECT IT","after_title":"","_margin":{"unit":"px","top":"0","right":"0","bottom":"10","left":"0","isLinked":""},"scroll_y":"-80"},"elements":[],"widgetType":"wd_title"},{"id":"f276a84","elType":"section","settings":{"border_border":"solid","border_width":{"unit":"px","top":"1","right":"1","bottom":"1","left":"1","isLinked":"1"},"border_color":"#E7E7E7","margin":{"unit":"px","top":"0","right":"0","bottom":"25","left":"0","isLinked":""},"padding":{"unit":"px","top":"20","right":"30","bottom":"20","left":"30","isLinked":""}},"elements":[{"id":"5484ddc","elType":"column","settings":{"_column_size":"100","_inline_size":"","column_sticky_offset":"50","scroll_y":"-80"},"elements":[{"id":"b9c662b","elType":"widget","settings":{"subtitle":"","title":"<u>1.<\/u> COMMENTS","after_title":"","size":"small","align":"left","scroll_y":"-80"},"elements":[],"widgetType":"wd_title"},{"id":"43a375d","elType":"widget","settings":{"editor":"<p>When visitors leave comments on the site we collect the data shown in the comments form, and also the visitor\u2019s IP address and browser user agent string to help spam detection.<\/p><p>An anonymized string created from your email address (also called a hash) may be provided to the Gravatar service to see if you are using it. The Gravatar service privacy policy is available here:\u00a0<a href=\"https:\/\/automattic.com\/privacy\/\">https:\/\/automattic.com\/privacy\/<\/a>. After approval of your comment, your profile picture is visible to the public in the context of your comment.<\/p>","typography_typography":"custom","typography_font_size":{"unit":"px","size":"15.4","sizes":[]},"typography_font_size_tablet":{"unit":"px","size":"14","sizes":[]},"scroll_y":"-80"},"elements":[],"widgetType":"text-editor"}],"isInner":"1"}],"isInner":"1"},{"id":"e21ecab","elType":"section","settings":{"border_border":"solid","border_width":{"unit":"px","top":"1","right":"1","bottom":"1","left":"1","isLinked":"1"},"border_color":"#E7E7E7","margin":{"unit":"px","top":"0","right":"0","bottom":"25","left":"0","isLinked":""},"padding":{"unit":"px","top":"20","right":"30","bottom":"20","left":"30","isLinked":""}},"elements":[{"id":"ed9d427","elType":"column","settings":{"_column_size":"100","_inline_size":"","column_sticky_offset":"50","scroll_y":"-80"},"elements":[{"id":"408c669","elType":"widget","settings":{"subtitle":"","title":"<u>2.<\/u> MEDIA","after_title":"","size":"small","align":"left","scroll_y":"-80"},"elements":[],"widgetType":"wd_title"},{"id":"2b619f0","elType":"widget","settings":{"editor":"<p>If you upload images to the website, you should avoid uploading images with embedded location data (EXIF GPS) included. Visitors to the website can download and extract any location data from images on the website.<\/p>","typography_typography":"custom","typography_font_size":{"unit":"px","size":"15.4","sizes":[]},"typography_font_size_tablet":{"unit":"px","size":"14","sizes":[]},"scroll_y":"-80"},"elements":[],"widgetType":"text-editor"}],"isInner":"1"}],"isInner":"1"},{"id":"1d3ba05","elType":"section","settings":{"border_border":"solid","border_width":{"unit":"px","top":"1","right":"1","bottom":"1","left":"1","isLinked":"1"},"border_color":"#E7E7E7","margin":{"unit":"px","top":"0","right":"0","bottom":"25","left":"0","isLinked":""},"padding":{"unit":"px","top":"20","right":"30","bottom":"20","left":"30","isLinked":""}},"elements":[{"id":"2425184","elType":"column","settings":{"_column_size":"100","_inline_size":"","column_sticky_offset":"50","scroll_y":"-80"},"elements":[{"id":"da36fdc","elType":"widget","settings":{"subtitle":"","title":"<u>3.<\/u> CONTACT FORMS","after_title":"","size":"small","align":"left","scroll_y":"-80"},"elements":[],"widgetType":"wd_title"},{"id":"84e368f","elType":"widget","settings":{"editor":"<p>If you leave a comment on our site you may opt-in to saving your name, email address and website in cookies. These are for your convenience so that you do not have to fill in your details again when you leave another comment. These cookies will last for one year.<\/p><p>If you have an account and you log in to this site, we will set a temporary cookie to determine if your browser accepts cookies. This cookie contains no personal data and is discarded when you close your browser.<\/p><p>When you log in, we will also set up several cookies to save your login information and your screen display choices. Login cookies last for two days, and screen options cookies last for a year. If you select \u201cRemember Me\u201d, your login will persist for two weeks. If you log out of your account, the login cookies will be removed.<\/p><p>If you edit or publish an article, an additional cookie will be saved in your browser. This cookie includes no personal data and simply indicates the post ID of the article you just edited. It expires after 1 day.<\/p>","typography_typography":"custom","typography_font_size":{"unit":"px","size":"15.4","sizes":[]},"typography_font_size_tablet":{"unit":"px","size":"14","sizes":[]},"scroll_y":"-80"},"elements":[],"widgetType":"text-editor"}],"isInner":"1"}],"isInner":"1"},{"id":"985580e","elType":"section","settings":{"border_border":"solid","border_width":{"unit":"px","top":"1","right":"1","bottom":"1","left":"1","isLinked":"1"},"border_color":"#E7E7E7","margin":{"unit":"px","top":"0","right":"0","bottom":"25","left":"0","isLinked":""},"padding":{"unit":"px","top":"20","right":"30","bottom":"20","left":"30","isLinked":""}},"elements":[{"id":"fa89c21","elType":"column","settings":{"_column_size":"100","_inline_size":"","column_sticky_offset":"50","scroll_y":"-80"},"elements":[{"id":"5896847","elType":"widget","settings":{"subtitle":"","title":"<u>4.<\/u> EMBEDDED CONTENT FROM OTHER WEBSITES","after_title":"","size":"small","align":"left","scroll_y":"-80"},"elements":[],"widgetType":"wd_title"},{"id":"ebc1b69","elType":"widget","settings":{"editor":"<p>Articles on this site may include embedded content (e.g. videos, images, articles, etc.). Embedded content from other websites behaves in the exact same way as if the visitor has visited the other website.<\/p><p>These websites may collect data about you, use cookies, embed additional third-party tracking, and monitor your interaction with that embedded content, including tracing your interaction with the embedded content if you have an account and are logged in to that website.<\/p>","typography_typography":"custom","typography_font_size":{"unit":"px","size":"15.4","sizes":[]},"typography_font_size_tablet":{"unit":"px","size":"14","sizes":[]},"scroll_y":"-80"},"elements":[],"widgetType":"text-editor"}],"isInner":"1"}],"isInner":"1"},{"id":"267c681","elType":"section","settings":{"border_border":"solid","border_width":{"unit":"px","top":"1","right":"1","bottom":"1","left":"1","isLinked":"1"},"border_color":"#E7E7E7","margin":{"unit":"px","top":"0","right":"0","bottom":"25","left":"0","isLinked":""},"padding":{"unit":"px","top":"20","right":"30","bottom":"20","left":"30","isLinked":""}},"elements":[{"id":"74071f8","elType":"column","settings":{"_column_size":"100","_inline_size":"","column_sticky_offset":"50","scroll_y":"-80"},"elements":[{"id":"98c08b9","elType":"widget","settings":{"subtitle":"","title":"<u>5.<\/u> HOW LONG WE RETAIN YOUR DATA","after_title":"","size":"small","align":"left","scroll_y":"-80"},"elements":[],"widgetType":"wd_title"},{"id":"9493e4f","elType":"widget","settings":{"editor":"<p>If you leave a comment, the comment and its metadata are retained indefinitely. This is so we can recognize and approve any follow-up comments automatically instead of holding them in a moderation queue.<\/p><p>For users that register on our website (if any), we also store the personal information they provide in their user profile. All users can see, edit, or delete their personal information at any time (except they cannot change their username). Website administrators can also see and edit that information.<\/p>","typography_typography":"custom","typography_font_size":{"unit":"px","size":"15.4","sizes":[]},"typography_font_size_tablet":{"unit":"px","size":"14","sizes":[]},"scroll_y":"-80"},"elements":[],"widgetType":"text-editor"}],"isInner":"1"}],"isInner":"1"},{"id":"e4eefcd","elType":"section","settings":{"border_border":"solid","border_width":{"unit":"px","top":"1","right":"1","bottom":"1","left":"1","isLinked":"1"},"border_color":"#E7E7E7","margin":{"unit":"px","top":"0","right":"0","bottom":"25","left":"0","isLinked":""},"padding":{"unit":"px","top":"20","right":"30","bottom":"20","left":"30","isLinked":""}},"elements":[{"id":"d89aa44","elType":"column","settings":{"_column_size":"100","_inline_size":"","column_sticky_offset":"50","scroll_y":"-80"},"elements":[{"id":"ef198fa","elType":"widget","settings":{"subtitle":"","title":"<u>6.<\/u> WHAT RIGHTS YOU HAVE OVER YOUR DATA","after_title":"","size":"small","align":"left","scroll_y":"-80"},"elements":[],"widgetType":"wd_title"},{"id":"ac6ff73","elType":"widget","settings":{"editor":"<p>If you have an account on this site, or have left comments, you can request to receive an exported file of the personal data we hold about you, including any data you have provided to us. You can also request that we erase any personal data we hold about you. This does not include any data we are obliged to keep for administrative, legal, or security purposes.<\/p>","typography_typography":"custom","typography_font_size":{"unit":"px","size":"15.4","sizes":[]},"typography_font_size_tablet":{"unit":"px","size":"14","sizes":[]},"scroll_y":"-80"},"elements":[],"widgetType":"text-editor"}],"isInner":"1"}],"isInner":"1"},{"id":"fee1359","elType":"section","settings":{"border_border":"solid","border_width":{"unit":"px","top":"1","right":"1","bottom":"1","left":"1","isLinked":"1"},"border_color":"#E7E7E7","padding":{"unit":"px","top":"20","right":"30","bottom":"20","left":"30","isLinked":""}},"elements":[{"id":"2f227c9","elType":"column","settings":{"_column_size":"100","_inline_size":"","column_sticky_offset":"50","scroll_y":"-80"},"elements":[{"id":"0ec877b","elType":"widget","settings":{"subtitle":"","title":"<u>7.<\/u> WHERE WE SEND YOUR DATA","after_title":"","size":"small","align":"left","scroll_y":"-80"},"elements":[],"widgetType":"wd_title"},{"id":"04a5a64","elType":"widget","settings":{"editor":"<p>Visitor comments may be checked through an automated spam detection service.<\/p>","typography_typography":"custom","typography_font_size":{"unit":"px","size":"15.4","sizes":[]},"typography_font_size_tablet":{"unit":"px","size":"14","sizes":[]},"scroll_y":"-80"},"elements":[],"widgetType":"text-editor"}],"isInner":"1"}],"isInner":"1"}],"isInner":""}],"isInner":""}]]]></wp:meta_value>
		</wp:postmeta>
							<wp:postmeta>
			<wp:meta_key>_elementor_edit_mode</wp:meta_key>
			<wp:meta_value><![CDATA[builder]]></wp:meta_value>
		</wp:postmeta>
							<wp:postmeta>
			<wp:meta_key>_elementor_version</wp:meta_key>
			<wp:meta_value><![CDATA[2.9.11]]></wp:meta_value>
		</wp:postmeta>
							<wp:postmeta>
			<wp:meta_key>_elementor_template_type</wp:meta_key>
			<wp:meta_value><![CDATA[wp-page]]></wp:meta_value>
		</wp:postmeta>
							<wp:postmeta>
			<wp:meta_key>_elementor_controls_usage</wp:meta_key>
			<wp:meta_value><![CDATA[a:5:{s:10:"wd_infobox";a:3:{s:5:"count";i:1;s:15:"control_percent";i:5;s:8:"controls";a:3:{s:7:"content";a:2:{s:20:"icon_content_section";a:4:{s:9:"icon_type";i:1;s:10:"image_size";i:1;s:5:"image";i:1;s:22:"image_custom_dimension";i:1;}s:23:"general_content_section";a:5:{s:8:"btn_text";i:1;s:8:"subtitle";i:1;s:5:"title";i:1;s:4:"link";i:1;s:7:"content";i:1;}}s:5:"style";a:4:{s:22:"button_content_section";a:1:{s:12:"btn_position";i:1;}s:21:"general_style_section";a:1:{s:10:"title_size";i:1;}s:19:"title_style_section";a:4:{s:27:"title_typography_typography";i:1;s:26:"title_typography_font_size";i:1;s:33:"title_typography_font_size_mobile";i:1;s:28:"title_typography_font_weight";i:1;}s:21:"content_style_section";a:3:{s:29:"content_typography_typography";i:1;s:28:"content_typography_font_size";i:1;s:35:"content_typography_font_size_tablet";i:1;}}s:8:"advanced";a:1:{s:8:"wd_extra";a:1:{s:8:"scroll_y";i:1;}}}}s:11:"text-editor";a:3:{s:5:"count";i:8;s:15:"control_percent";i:2;s:8:"controls";a:3:{s:7:"content";a:1:{s:14:"section_editor";a:1:{s:6:"editor";i:8;}}s:5:"style";a:1:{s:13:"section_style";a:7:{s:21:"typography_typography";i:8;s:20:"typography_font_size";i:8;s:27:"typography_font_size_tablet";i:8;s:16:"wd_content_align";i:1;s:16:"wd_content_width";i:1;s:23:"wd_content_width_tablet";i:1;s:23:"wd_content_width_mobile";i:1;}}s:8:"advanced";a:1:{s:8:"wd_extra";a:1:{s:8:"scroll_y";i:8;}}}}s:6:"column";a:3:{s:5:"count";i:9;s:15:"control_percent";i:1;s:8:"controls";a:2:{s:6:"layout";a:1:{s:6:"layout";a:1:{s:19:"_inline_size_tablet";i:1;}}s:8:"advanced";a:1:{s:8:"wd_extra";a:2:{s:20:"column_sticky_offset";i:9;s:8:"scroll_y";i:9;}}}}s:7:"section";a:3:{s:5:"count";i:9;s:15:"control_percent";i:0;s:8:"controls";a:3:{s:6:"layout";a:1:{s:15:"wd_extra_layout";a:1:{s:18:"wd_section_stretch";i:1;}}s:5:"style";a:2:{s:18:"section_background";a:2:{s:21:"background_background";i:1;s:16:"background_color";i:1;}s:14:"section_border";a:3:{s:13:"border_border";i:7;s:12:"border_width";i:7;s:12:"border_color";i:7;}}s:8:"advanced";a:1:{s:16:"section_advanced";a:4:{s:6:"margin";i:7;s:13:"margin_mobile";i:1;s:7:"padding";i:8;s:14:"padding_mobile";i:1;}}}}s:8:"wd_title";a:3:{s:5:"count";i:8;s:15:"control_percent";i:2;s:8:"controls";a:3:{s:7:"content";a:1:{s:23:"general_content_section";a:3:{s:8:"subtitle";i:8;s:5:"title";i:8;s:11:"after_title";i:8;}}s:8:"advanced";a:2:{s:14:"_section_style";a:1:{s:7:"_margin";i:1;}s:8:"wd_extra";a:1:{s:8:"scroll_y";i:8;}}s:5:"style";a:1:{s:21:"general_style_section";a:2:{s:4:"size";i:7;s:5:"align";i:7;}}}}}]]></wp:meta_value>
		</wp:postmeta>
						</item>
				</channel>
</rss>
	