<?xml version="1.0" encoding="UTF-8" ?>
<!-- This is a WordPress eXtended RSS file generated by WordPress as an export of your site. -->
<!-- It contains information about your site's posts, pages, comments, categories, and other content. -->
<!-- You may use this file to transfer that content from one site to another. -->
<!-- This file is not intended to serve as a complete backup of your site. -->

<!-- To import this information into a WordPress site follow these steps: -->
<!-- 1. Log in to that site as an administrator. -->
<!-- 2. Go to Tools: Import in the WordPress admin panel. -->
<!-- 3. Install the "WordPress" importer from the list. -->
<!-- 4. Activate & Run Importer. -->
<!-- 5. Upload this file using the form provided on that page. -->
<!-- 6. You will first be asked to map the authors in this export file to users -->
<!--    on the site. For each author, you may choose to map to an -->
<!--    existing user on the site or to create a new user. -->
<!-- 7. WordPress will then import each of the posts, pages, comments, categories, etc. -->
<!--    contained in this file into your site. -->

<!-- generator="WordPress/5.4.2" created="2020-06-23 12:06" -->
<rss version="2.0"
	xmlns:excerpt="http://wordpress.org/export/1.2/excerpt/"
	xmlns:content="http://purl.org/rss/1.0/modules/content/"
	xmlns:wfw="http://wellformedweb.org/CommentAPI/"
	xmlns:dc="http://purl.org/dc/elements/1.1/"
	xmlns:wp="http://wordpress.org/export/1.2/"
>

<channel>
	<title>Woodmart dummy demos</title>
	<link>http://dummy.xtemos.com/woodmart-elementor/demos</link>
	<description>Just another Woodmart Dummy Content Sites site</description>
	<pubDate>Tue, 23 Jun 2020 12:06:08 +0000</pubDate>
	<language>en-US</language>
	<wp:wxr_version>1.2</wp:wxr_version>
	<wp:base_site_url>http://dummy.xtemos.com/woodmart-elementor/</wp:base_site_url>
	<wp:base_blog_url>http://dummy.xtemos.com/woodmart-elementor/demos</wp:base_blog_url>

	<wp:author><wp:author_id>2</wp:author_id><wp:author_login>erwin</wp:author_login><wp:author_email>ss@asas.as</wp:author_email><wp:author_display_name><![CDATA[erwin]]></wp:author_display_name><wp:author_first_name><![CDATA[]]></wp:author_first_name><wp:author_last_name><![CDATA[]]></wp:author_last_name></wp:author>


	<generator>https://wordpress.org/?v=5.4.2</generator>

<br />
<b>Notice</b>:  Undefined index: ignor_page_id in <b>/var/www/vhosts/dummy.xtemos.com/httpdocs/woodmart-elementor/wp-content/plugins/xz-export/export-api.php</b> on line <b>495</b><br />
	<item>
		<title>Home boxed</title>
		<link>http://dummy.xtemos.com/woodmart-elementor/demos/home-boxed/</link>
		<pubDate>Sat, 24 Jun 2017 12:45:01 +0000</pubDate>
		<dc:creator><![CDATA[erwin]]></dc:creator>
		<guid isPermaLink="false">http://dummy.xtemos.com/woodmart-elementor/demos/?page_id=584</guid>
		<description></description>
		<content:encoded><![CDATA[[rev_slider alias="layout-boxed"][/rev_slider]		
															01.													
											<h4 class="info-box-title box-title-style-default" data-elementor-setting-key="title">
								CHOOSE PRODUCTS						</h4>
						<p>Due card providers to our credit card prov iders condit.</p>
															02.													
											<h4 class="info-box-title box-title-style-default" data-elementor-setting-key="title">
								PAYMENT &amp; DELIVERY						</h4>
						<p>Due card providers to our credit card prov iders condit.</p>
															03.													
											<h4 class="info-box-title box-title-style-default" data-elementor-setting-key="title">
								HAPPY CUSTOMER						</h4>
						<p>Due card providers to our credit card prov iders condit.</p>
				<h4>
					 TRENDING PRODUCTS				</h4>
			<a href="#">
					VIEW ALL PRODUCTS				
							</a>
							<img src="http://dummy.xtemos.com/woodmart-elementor/demos/wp-content/uploads/sites/2/2017/06/wood-page-banner.jpg">						
								FOSCARINI							
													<h4 data-elementor-setting-key="title">
								TOLOMEO<br />
FLOOR LAMP							</h4>
							<p>Ut noner velit praesent sagit,<br />
parturient vestibulum.</p>
			<a href="#">
					SHOP NOW				
							</a>
							<img src="http://dummy.xtemos.com/woodmart-elementor/demos/wp-content/uploads/sites/2/2017/06/wood-page-banner.jpg">						
								ANDERSEN							
													<h4 data-elementor-setting-key="title">
								MARION<br />
SIDE TABLE							</h4>
							<p>Tempus a justo lobortis dis,<br />
suspend porta antere.</p>
			<a href="#">
					SHOP NOW				
							</a>
				<h4>
					NEW PRODUCTS				</h4>
			<ul><li>
		<a href="http://dummy.xtemos.com/woodmart-elementor/demos/product/wooden-single-drawer/" title="Wooden single drawer">
			<img width="700" height="800" src="http://dummy.xtemos.com/woodmart-elementor/demos/wp-content/uploads/sites/2/2017/06/wood-product-paceholder.jpg" alt="" />		</a>
			<a href="http://dummy.xtemos.com/woodmart-elementor/demos/product/wooden-single-drawer/" title="Wooden single drawer">
				Wooden single drawer			</a>
													&pound;399.00
	</li>
<li>
		<a href="http://dummy.xtemos.com/woodmart-elementor/demos/product/smart-watches-wood-edition/" title="Smart watches wood edition">
			<img width="700" height="800" src="http://dummy.xtemos.com/woodmart-elementor/demos/wp-content/uploads/sites/2/2017/06/wood-product-paceholder.jpg" alt="" />		</a>
			<a href="http://dummy.xtemos.com/woodmart-elementor/demos/product/smart-watches-wood-edition/" title="Smart watches wood edition">
				Smart watches wood edition			</a>
													&pound;599.00
	</li>
<li>
		<a href="http://dummy.xtemos.com/woodmart-elementor/demos/product/panton-tunior-chair/" title="Panton tunior chair">
			<img width="700" height="800" src="http://dummy.xtemos.com/woodmart-elementor/demos/wp-content/uploads/sites/2/2017/06/wood-product-paceholder.jpg" alt="" />		</a>
			<a href="http://dummy.xtemos.com/woodmart-elementor/demos/product/panton-tunior-chair/" title="Panton tunior chair">
				Panton tunior chair			</a>
													&pound;199.00
	</li>
</ul>		
				<h4>
					FEATURED				</h4>
			<ul><li>
		<a href="http://dummy.xtemos.com/woodmart-elementor/demos/product/wooden-single-drawer/" title="Wooden single drawer">
			<img width="700" height="800" src="http://dummy.xtemos.com/woodmart-elementor/demos/wp-content/uploads/sites/2/2017/06/wood-product-paceholder.jpg" alt="" />		</a>
			<a href="http://dummy.xtemos.com/woodmart-elementor/demos/product/wooden-single-drawer/" title="Wooden single drawer">
				Wooden single drawer			</a>
													&pound;399.00
	</li>
<li>
		<a href="http://dummy.xtemos.com/woodmart-elementor/demos/product/smart-watches-wood-edition/" title="Smart watches wood edition">
			<img width="700" height="800" src="http://dummy.xtemos.com/woodmart-elementor/demos/wp-content/uploads/sites/2/2017/06/wood-product-paceholder.jpg" alt="" />		</a>
			<a href="http://dummy.xtemos.com/woodmart-elementor/demos/product/smart-watches-wood-edition/" title="Smart watches wood edition">
				Smart watches wood edition			</a>
													&pound;599.00
	</li>
<li>
		<a href="http://dummy.xtemos.com/woodmart-elementor/demos/product/panton-tunior-chair/" title="Panton tunior chair">
			<img width="700" height="800" src="http://dummy.xtemos.com/woodmart-elementor/demos/wp-content/uploads/sites/2/2017/06/wood-product-paceholder.jpg" alt="" />		</a>
			<a href="http://dummy.xtemos.com/woodmart-elementor/demos/product/panton-tunior-chair/" title="Panton tunior chair">
				Panton tunior chair			</a>
													&pound;199.00
	</li>
</ul>		
				<h4>
					RECENT TWEETS				</h4>
						<ul>
							<li>
							<img width="px" height="px" src="http://pbs.twimg.com/profile_images/1115747006603907073/RQeWXP1I_normal.png" alt="Tweet Avatar">
						RT <a href="https://twitter.com/mariapiademarzo" target="_blank" rel="nofollow noopener noreferrer">@mariapiademarzo</a>: Wanna know what fonts are trending this year? <a href="https://t.co/IfY3aB7Ufn" target="_blank" rel="nofollow noopener noreferrer">https://t.co/IfY3aB7Ufn</a> via <a href="https://twitter.com/Envato" target="_blank" rel="nofollow noopener noreferrer">@Envato</a>						
							<a href="https://twitter.com/envato/status/1273857941355954177" target="_blank" rel="noopener noreferrer">
								4 days ago							</a>
				</li>
								<li>
							<img width="px" height="px" src="http://pbs.twimg.com/profile_images/1115747006603907073/RQeWXP1I_normal.png" alt="Tweet Avatar">
						RT <a href="https://twitter.com/pablolarah" target="_blank" rel="nofollow noopener noreferrer">@pablolarah</a>: Creating a Podcast Guide By Helen Alexander at <a href="https://twitter.com/envato" target="_blank" rel="nofollow noopener noreferrer">@envato</a>     
<a href="https://twitter.com/search?q=%23podcast" target="_blank" rel="nofollow noopener noreferrer">#podcast</a>   
<a href="https://twitter.com/search?q=%23howtocreateapodcast" target="_blank" rel="nofollow noopener noreferrer">#howtocreateapodcast</a>… <a href="https://t.co/DX8HdDcMGh" target="_blank" rel="nofollow noopener noreferrer">https://t.co/DX8HdDcMGh</a>						
							<a href="https://twitter.com/envato/status/1273857624958595072" target="_blank" rel="noopener noreferrer">
								4 days ago							</a>
				</li>
							</ul>
				<h4>
					INSTAGRAM				</h4>
								<a href="//www.instagram.com/p/CBwW2KlDiFQ/" target="_blank" rel="noopener noreferrer"></a>
																	<img src="//instagram.fckc1-1.fna.fbcdn.net/v/t51.2885-15/e35/s320x320/105962240_289194715601864_8005374099652506640_n.jpg?_nc_ht=instagram.fckc1-1.fna.fbcdn.net&#038;_nc_cat=108&#038;_nc_ohc=yqantR3NKtgAX8Mq9u9&#038;oh=62f7774f4efda5d5c3218a37c94e5351&#038;oe=5F19CB35" />																
								<a href="//www.instagram.com/p/CBwVRWrDY7i/" target="_blank" rel="noopener noreferrer"></a>
																	<img src="//instagram.fckc1-1.fna.fbcdn.net/v/t51.2885-15/e35/s320x320/104283347_142611427425117_5071680066474421786_n.jpg?_nc_ht=instagram.fckc1-1.fna.fbcdn.net&#038;_nc_cat=109&#038;_nc_ohc=rJuuFpwCR_kAX93Uy4k&#038;oh=5b10c56266d3ee9512bb004851f17342&#038;oe=5F1B164C" />																
								<a href="//www.instagram.com/p/CBsHbAaDa0g/" target="_blank" rel="noopener noreferrer"></a>
																	<img src="//instagram.fckc1-1.fna.fbcdn.net/v/t51.2885-15/e35/s320x320/104436530_1201177480223515_3974428564520518590_n.jpg?_nc_ht=instagram.fckc1-1.fna.fbcdn.net&#038;_nc_cat=107&#038;_nc_ohc=S3R9ajR8pvcAX96-2CT&#038;oh=65a9b95005c988938bbc3235448dc7e5&#038;oe=5F1D1350" />																
								<a href="//www.instagram.com/p/CBpvaopDayV/" target="_blank" rel="noopener noreferrer"></a>
																	<img src="//instagram.fckc1-1.fna.fbcdn.net/v/t51.2885-15/e35/s320x320/104176367_890362504804923_4471110202786906214_n.jpg?_nc_ht=instagram.fckc1-1.fna.fbcdn.net&#038;_nc_cat=103&#038;_nc_ohc=KqcsGJqWVdoAX8SNAOz&#038;oh=98f1a597919d95e29935f9dd51df3703&#038;oe=5F1D3FBF" />																
								<a href="//www.instagram.com/p/CBm7WEhjIvc/" target="_blank" rel="noopener noreferrer"></a>
																	<img src="//instagram.fckc1-1.fna.fbcdn.net/v/t51.2885-15/e35/s320x320/104433652_218043519156801_798687274859778955_n.jpg?_nc_ht=instagram.fckc1-1.fna.fbcdn.net&#038;_nc_cat=109&#038;_nc_ohc=7MNanWj8BXIAX-imrEb&#038;oh=acb0051702d193e9bbf00cb84246cac2&#038;oe=5F1C10DB" />																
								<a href="//www.instagram.com/p/CBjxh3kDKl1/" target="_blank" rel="noopener noreferrer"></a>
																	<img src="//instagram.fckc1-1.fna.fbcdn.net/v/t51.2885-15/e35/s320x320/103963727_1054348904979920_481834598273296892_n.jpg?_nc_ht=instagram.fckc1-1.fna.fbcdn.net&#038;_nc_cat=108&#038;_nc_ohc=wQv1kpikTToAX-CDJiQ&#038;oh=095c1ea434c06ce487c6c16078f8d044&#038;oe=5F19A33F" />																
								<a href="//www.instagram.com/p/CBhve1HjmCk/" target="_blank" rel="noopener noreferrer"></a>
																	<img src="//instagram.fckc1-1.fna.fbcdn.net/v/t51.2885-15/e35/s320x320/103856661_170682197825648_5611471811290566193_n.jpg?_nc_ht=instagram.fckc1-1.fna.fbcdn.net&#038;_nc_cat=108&#038;_nc_ohc=QjnfHNSQfWMAX_t27Cd&#038;oh=d492cb62aa836857d3b83fa3dd9958d4&#038;oe=5F1C0EF1" />																
								<a href="//www.instagram.com/p/CBhG3PWDNe0/" target="_blank" rel="noopener noreferrer"></a>
																	<img src="//instagram.fckc1-1.fna.fbcdn.net/v/t51.2885-15/e35/s320x320/82391294_694212831137363_2692866883482151370_n.jpg?_nc_ht=instagram.fckc1-1.fna.fbcdn.net&#038;_nc_cat=111&#038;_nc_ohc=dqAjiP7SgBkAX_v2OOX&#038;oh=a22102424f2b41c56d8cca995df634fb&#038;oe=5F19D482" />																
								<a href="//www.instagram.com/p/CBXCH9oD-K4/" target="_blank" rel="noopener noreferrer"></a>
																	<img src="//instagram.fckc1-1.fna.fbcdn.net/v/t51.2885-15/e35/s320x320/103283019_2369278260043951_4024575983316196445_n.jpg?_nc_ht=instagram.fckc1-1.fna.fbcdn.net&#038;_nc_cat=107&#038;_nc_ohc=nTket9UEJQcAX_dVwAL&#038;oh=fee103415404387c72b9ecfb6ec14376&#038;oe=5F1BE9F5" />]]></content:encoded>
		<excerpt:encoded><![CDATA[]]></excerpt:encoded>
		<wp:post_id>584</wp:post_id>
		<wp:post_date>2017-06-24 12:45:01</wp:post_date>
		<wp:post_date_gmt>2017-06-24 12:45:01</wp:post_date_gmt>
		<wp:comment_status>closed</wp:comment_status>
		<wp:ping_status>closed</wp:ping_status>
		<wp:post_name>home-boxed</wp:post_name>
		<wp:status>publish</wp:status>
		<wp:post_parent>0</wp:post_parent>
		<wp:menu_order>0</wp:menu_order>
		<wp:post_type>page</wp:post_type>
		<wp:post_password></wp:post_password>
		<wp:is_sticky>0</wp:is_sticky>
		<wp:postmeta>
			<wp:meta_key>_wp_page_template</wp:meta_key>
			<wp:meta_value><![CDATA[default]]></wp:meta_value>
		</wp:postmeta>
		<wp:postmeta>
			<wp:meta_key>_woodmart_main_layout</wp:meta_key>
			<wp:meta_value><![CDATA[full-width]]></wp:meta_value>
		</wp:postmeta>
		<wp:postmeta>
			<wp:meta_key>_woodmart_header_color_scheme</wp:meta_key>
			<wp:meta_value><![CDATA[inherit]]></wp:meta_value>
		</wp:postmeta>
		<wp:postmeta>
			<wp:meta_key>_woodmart_title_off</wp:meta_key>
			<wp:meta_value><![CDATA[on]]></wp:meta_value>
		</wp:postmeta>
		<wp:postmeta>
			<wp:meta_key>_elementor_data</wp:meta_key>
			<wp:meta_value><![CDATA[[{"id":"2518332","elType":"section","settings":{"gap":"no","margin":{"unit":"px","top":"-40","right":"0","bottom":"50","left":"0","isLinked":""}},"elements":[{"id":"7170899","elType":"column","settings":{"_column_size":"100","column_sticky_offset":"50","scroll_y":"-80"},"elements":[{"id":"4860162","elType":"widget","settings":{"shortcode":"[rev_slider alias=\"layout-boxed\"][\/rev_slider]","revslidertitle":"layout-boxed","scroll_y":"-80"},"elements":[],"widgetType":"slider_revolution"}],"isInner":""}],"isInner":""},{"id":"4791334","elType":"section","settings":{"structure":"30","border_border":"solid","border_width":{"unit":"px","top":"0","right":"0","bottom":"1","left":"0","isLinked":""},"border_color":"#EBEBEB","margin":{"unit":"px","top":"0","right":"0","bottom":"50","left":"0","isLinked":""},"padding":{"unit":"px","top":"0","right":"15","bottom":"50","left":"15","isLinked":""}},"elements":[{"id":"4759428","elType":"column","settings":{"_column_size":"33","_inline_size_tablet":"100","_inline_size_mobile":"100","column_sticky_offset":"50","scroll_y":"-80"},"elements":[{"id":"2140548","elType":"widget","settings":{"alignment":"left","btn_text":"","image_size":"custom","subtitle":"","title":"CHOOSE PRODUCTS","btn_position":"hover","icon_text_size":"large","title_size":"small","image_alignment":"left","icon_text":"01.","content":"Due card providers to our credit card prov iders\u00a0condit.","_padding":{"unit":"%","top":"0","right":"10","bottom":"0","left":"0","isLinked":""},"scroll_y":"-80","_margin_tablet":{"unit":"px","top":"0","right":"0","bottom":"20","left":"0","isLinked":""}},"elements":[],"widgetType":"wd_infobox"}],"isInner":""},{"id":"4886109","elType":"column","settings":{"_column_size":"33","_inline_size_tablet":"100","_inline_size_mobile":"100","column_sticky_offset":"50","scroll_y":"-80"},"elements":[{"id":"4716871","elType":"widget","settings":{"alignment":"left","btn_text":"","image_size":"custom","subtitle":"","title":"PAYMENT &amp; DELIVERY","btn_position":"hover","icon_text_size":"large","title_size":"small","image_alignment":"left","icon_text":"02.","content":"Due card providers to our credit card prov iders\u00a0condit.","_padding":{"unit":"%","top":"0","right":"10","bottom":"0","left":"0","isLinked":""},"scroll_y":"-80","_margin_tablet":{"unit":"px","top":"0","right":"0","bottom":"20","left":"0","isLinked":""}},"elements":[],"widgetType":"wd_infobox"}],"isInner":""},{"id":"1904875","elType":"column","settings":{"_column_size":"33","_inline_size_tablet":"100","_inline_size_mobile":"100","column_sticky_offset":"50","scroll_y":"-80"},"elements":[{"id":"3193058","elType":"widget","settings":{"alignment":"left","btn_text":"","image_size":"custom","subtitle":"","title":"HAPPY CUSTOMER","btn_position":"hover","icon_text_size":"large","title_size":"small","image_alignment":"left","icon_text":"03.","content":"Due card providers to our credit card prov iders\u00a0condit.","_padding":{"unit":"%","top":"0","right":"10","bottom":"0","left":"0","isLinked":""},"scroll_y":"-80"},"elements":[],"widgetType":"wd_infobox"}],"isInner":""}],"isInner":""},{"id":"9343174","elType":"section","settings":{"content_position":"bottom","structure":"20"},"elements":[{"id":"3580185","elType":"column","settings":{"_column_size":"50","column_sticky_offset":"50","scroll_y":"-80"},"elements":[{"id":"9198972","elType":"widget","settings":{"subtitle":"","after_title":"","image_size":"custom","subtitle_font":"alt","style":"simple","color":"primary","size":"medium","align":"left","title":" TRENDING PRODUCTS","scroll_y":"-80"},"elements":[],"widgetType":"wd_title"}],"isInner":""},{"id":"4092040","elType":"column","settings":{"_column_size":"50","hide_mobile":"hidden-phone","column_sticky_offset":"50","scroll_y":"-80"},"elements":[{"id":"5798763","elType":"widget","settings":{"color":"primary","style":"link","align":"right","text":"VIEW ALL PRODUCTS","scroll_y":"-80"},"elements":[],"widgetType":"wd_button"}],"isInner":""}],"isInner":""},{"id":"6841776","elType":"section","settings":{"margin":{"unit":"px","top":"0","right":"0","bottom":"60","left":"0","isLinked":""},"margin_mobile":{"unit":"px","top":"0","right":"0","bottom":"45","left":"0","isLinked":""}},"elements":[{"id":"128519","elType":"column","settings":{"_column_size":"100","column_sticky_offset":"50","scroll_y":"-80"},"elements":[{"id":"7218031","elType":"widget","settings":{"title":"","spacing":"20","items_per_page":"8","pagination":"more-btn","columns":{"size":"4","unit":"px","sizes":[]},"order":"ASC","scroll_y":"-80"},"elements":[],"widgetType":"wd_products"}],"isInner":""}],"isInner":""},{"id":"9457618","elType":"section","settings":{"content_position":"top","structure":"20","margin":{"unit":"px","top":"0","right":"0","bottom":"60","left":"0","isLinked":""},"margin_mobile":{"unit":"px","top":"0","right":"0","bottom":"45","left":"0","isLinked":""}},"elements":[{"id":"5374817","elType":"column","settings":{"_column_size":"50","column_sticky_offset":"50","scroll_y":"-80","_inline_size_tablet":"100"},"elements":[{"id":"4537279","elType":"widget","settings":{"align":"left","image_size":"full","title":"TOLOMEO\r\nFLOOR LAMP","subtitle":"FOSCARINI","content":"Ut noner velit praesent sagit,\r\nparturient vestibulum.","btn_text":"SHOP NOW","hover":"parallax","woodmart_color_scheme":"dark","image_custom_dimension":[],"image":{"id":"585","url":"#"},"btn_color":"black","btn_size":"small","title_size":"large","text_alignment":"right","horizontal_alignment":"right","vertical_alignment":"middle","alignment":"right","scroll_y":"-80","title_typography_typography":"custom","title_typography_font_size_mobile":{"unit":"px","size":"18","sizes":[]},"title_typography_line_height_mobile":{"unit":"px","size":"18","sizes":[]}},"elements":[],"widgetType":"wd_banner"}],"isInner":""},{"id":"1977691","elType":"column","settings":{"_column_size":"50","column_sticky_offset":"50","scroll_y":"-80","_inline_size_tablet":"100"},"elements":[{"id":"8771","elType":"widget","settings":{"align":"left","image_size":"full","title":"MARION\r\nSIDE TABLE","subtitle":"ANDERSEN","content":"Tempus a justo lobortis dis,\r\nsuspend porta antere.","btn_text":"SHOP NOW","hover":"parallax","woodmart_color_scheme":"dark","image_custom_dimension":[],"image":{"id":"585","url":"#"},"btn_color":"black","btn_size":"small","title_size":"large","text_alignment":"right","horizontal_alignment":"right","vertical_alignment":"middle","alignment":"right","scroll_y":"-80","title_typography_typography":"custom","title_typography_font_size_mobile":{"unit":"px","size":"18","sizes":[]}},"elements":[],"widgetType":"wd_banner"}],"isInner":""}],"isInner":""},{"id":"4009344","elType":"section","settings":{"structure":"40"},"elements":[{"id":"9536223","elType":"column","settings":{"_column_size":"25","_inline_size_tablet":"50","_inline_size_mobile":"100","column_sticky_offset":"50","scroll_y":"-80","margin_tablet":{"unit":"px","top":"0","right":"0","bottom":"30","left":"0","isLinked":""}},"elements":[{"id":"1249937","elType":"widget","settings":{"subtitle":"","after_title":"","image_size":"custom","size":"small","align":"left","title":"NEW PRODUCTS","scroll_y":"-80"},"elements":[],"widgetType":"wd_title"},{"id":"3419139","elType":"widget","settings":{"scroll_y":"-80"},"elements":[],"widgetType":"wd_products_widget"}],"isInner":""},{"id":"4255072","elType":"column","settings":{"_column_size":"25","_inline_size_tablet":"50","_inline_size_mobile":"100","column_sticky_offset":"50","scroll_y":"-80","margin_tablet":{"unit":"px","top":"0","right":"0","bottom":"30","left":"0","isLinked":""}},"elements":[{"id":"1609781","elType":"widget","settings":{"subtitle":"","after_title":"","image_size":"custom","size":"small","align":"left","title":"FEATURED","scroll_y":"-80"},"elements":[],"widgetType":"wd_title"},{"id":"9790015","elType":"widget","settings":{"scroll_y":"-80"},"elements":[],"widgetType":"wd_products_widget"}],"isInner":""},{"id":"5610571","elType":"column","settings":{"_column_size":"25","_inline_size_tablet":"50","_inline_size_mobile":"100","column_sticky_offset":"50","scroll_y":"-80","margin_mobile":{"unit":"px","top":"0","right":"0","bottom":"20","left":"0","isLinked":""}},"elements":[{"id":"3554394","elType":"widget","settings":{"subtitle":"","after_title":"","image_size":"custom","size":"small","align":"left","title":"RECENT TWEETS","scroll_y":"-80"},"elements":[],"widgetType":"wd_title"},{"id":"9849776","elType":"widget","settings":{"name":"envato","num_tweets":"2","show_avatar":"1","exclude_replies":"1","consumer_key":"S6kU5b4RcOj0ImsNCoXDBbcou","consumer_secret":"VoabFR670SRJFoqyl4xezJjayV77IDvWg2rn7M1wYnIgr4CIwW","access_token":"273402566-iG3x1mejOXB081J853qsfkYZMCH68fcoSIDHTuKp","accesstoken_secret":"rmVZ49BJJyVCAA0ieTKe2pHPWPAPbVXc9X8vEJtC00cgq","scroll_y":"-80"},"elements":[],"widgetType":"wd_twitter"}],"isInner":""},{"id":"2929750","elType":"column","settings":{"_column_size":"25","_inline_size_tablet":"50","_inline_size_mobile":"100","column_sticky_offset":"50","scroll_y":"-80"},"elements":[{"id":"3803882","elType":"widget","settings":{"subtitle":"","after_title":"","image_size":"custom","size":"small","align":"left","title":"INSTAGRAM","scroll_y":"-80"},"elements":[],"widgetType":"wd_title"},{"id":"830090","elType":"widget","settings":{"data_source":"ajax","target":"_blank","per_row":{"size":"3","unit":"px","sizes":[]},"spacing":"1","hide_mask":"1","username":"ozdesignfurniture","number":{"size":"9","unit":"px","sizes":[]},"scroll_y":"-80"},"elements":[],"widgetType":"wd_instagram"}],"isInner":""}],"isInner":""}]]]></wp:meta_value>
		</wp:postmeta>
		<wp:postmeta>
			<wp:meta_key>_elementor_edit_mode</wp:meta_key>
			<wp:meta_value><![CDATA[builder]]></wp:meta_value>
		</wp:postmeta>
		<wp:postmeta>
			<wp:meta_key>_elementor_version</wp:meta_key>
			<wp:meta_value><![CDATA[2.9.11]]></wp:meta_value>
		</wp:postmeta>
		<wp:postmeta>
			<wp:meta_key>_elementor_template_type</wp:meta_key>
			<wp:meta_value><![CDATA[wp-page]]></wp:meta_value>
		</wp:postmeta>
		<wp:postmeta>
			<wp:meta_key>_elementor_controls_usage</wp:meta_key>
			<wp:meta_value><![CDATA[a:11:{s:17:"slider_revolution";a:3:{s:5:"count";i:1;s:15:"control_percent";i:2;s:8:"controls";a:2:{s:7:"content";a:1:{s:15:"content_section";a:2:{s:9:"shortcode";i:1;s:14:"revslidertitle";i:1;}}s:8:"advanced";a:1:{s:8:"wd_extra";a:1:{s:8:"scroll_y";i:1;}}}}s:6:"column";a:3:{s:5:"count";i:13;s:15:"control_percent";i:1;s:8:"controls";a:2:{s:8:"advanced";a:3:{s:8:"wd_extra";a:2:{s:20:"column_sticky_offset";i:13;s:8:"scroll_y";i:13;}s:19:"_section_responsive";a:1:{s:11:"hide_mobile";i:1;}s:16:"section_advanced";a:2:{s:13:"margin_tablet";i:2;s:13:"margin_mobile";i:1;}}s:6:"layout";a:1:{s:6:"layout";a:2:{s:19:"_inline_size_tablet";i:9;s:19:"_inline_size_mobile";i:7;}}}}s:7:"section";a:3:{s:5:"count";i:6;s:15:"control_percent";i:0;s:8:"controls";a:3:{s:6:"layout";a:2:{s:14:"section_layout";a:2:{s:3:"gap";i:1;s:16:"content_position";i:2;}s:17:"section_structure";a:1:{s:9:"structure";i:4;}}s:8:"advanced";a:1:{s:16:"section_advanced";a:3:{s:6:"margin";i:4;s:7:"padding";i:1;s:13:"margin_mobile";i:2;}}s:5:"style";a:1:{s:14:"section_border";a:3:{s:13:"border_border";i:1;s:12:"border_width";i:1;s:12:"border_color";i:1;}}}}s:10:"wd_infobox";a:3:{s:5:"count";i:3;s:15:"control_percent";i:4;s:8:"controls";a:3:{s:5:"style";a:2:{s:21:"general_style_section";a:3:{s:9:"alignment";i:3;s:10:"title_size";i:3;s:15:"image_alignment";i:3;}s:22:"button_content_section";a:1:{s:12:"btn_position";i:3;}}s:7:"content";a:2:{s:23:"general_content_section";a:4:{s:8:"btn_text";i:3;s:8:"subtitle";i:3;s:5:"title";i:3;s:7:"content";i:3;}s:20:"icon_content_section";a:3:{s:10:"image_size";i:3;s:14:"icon_text_size";i:3;s:9:"icon_text";i:3;}}s:8:"advanced";a:2:{s:14:"_section_style";a:2:{s:8:"_padding";i:3;s:14:"_margin_tablet";i:2;}s:8:"wd_extra";a:1:{s:8:"scroll_y";i:3;}}}}s:8:"wd_title";a:3:{s:5:"count";i:5;s:15:"control_percent";i:2;s:8:"controls";a:3:{s:7:"content";a:1:{s:23:"general_content_section";a:3:{s:8:"subtitle";i:5;s:11:"after_title";i:5;s:5:"title";i:5;}}s:5:"style";a:2:{s:19:"title_style_section";a:2:{s:10:"image_size";i:5;s:5:"style";i:1;}s:21:"general_style_section";a:3:{s:5:"color";i:1;s:4:"size";i:5;s:5:"align";i:5;}}s:8:"advanced";a:1:{s:8:"wd_extra";a:1:{s:8:"scroll_y";i:5;}}}}s:9:"wd_button";a:3:{s:5:"count";i:1;s:15:"control_percent";i:2;s:8:"controls";a:3:{s:5:"style";a:2:{s:21:"general_style_section";a:2:{s:5:"color";i:1;s:5:"style";i:1;}s:20:"layout_style_section";a:1:{s:5:"align";i:1;}}s:7:"content";a:1:{s:23:"general_content_section";a:1:{s:4:"text";i:1;}}s:8:"advanced";a:1:{s:8:"wd_extra";a:1:{s:8:"scroll_y";i:1;}}}}s:11:"wd_products";a:3:{s:5:"count";i:1;s:15:"control_percent";i:3;s:8:"controls";a:3:{s:5:"style";a:1:{s:20:"layout_style_section";a:4:{s:7:"spacing";i:1;s:14:"items_per_page";i:1;s:10:"pagination";i:1;s:7:"columns";i:1;}}s:7:"content";a:1:{s:23:"general_content_section";a:1:{s:5:"order";i:1;}}s:8:"advanced";a:1:{s:8:"wd_extra";a:1:{s:8:"scroll_y";i:1;}}}}s:9:"wd_banner";a:3:{s:5:"count";i:2;s:15:"control_percent";i:6;s:8:"controls";a:3:{s:7:"content";a:3:{s:21:"image_content_section";a:3:{s:10:"image_size";i:2;s:22:"image_custom_dimension";i:2;s:5:"image";i:2;}s:15:"content_section";a:4:{s:5:"title";i:2;s:8:"subtitle";i:2;s:7:"content";i:2;s:8:"btn_text";i:2;}s:20:"layout_style_section";a:3:{s:14:"text_alignment";i:2;s:20:"horizontal_alignment";i:2;s:18:"vertical_alignment";i:2;}}s:5:"style";a:3:{s:21:"general_style_section";a:3:{s:5:"hover";i:2;s:21:"woodmart_color_scheme";i:2;s:10:"title_size";i:2;}s:20:"button_style_section";a:2:{s:9:"btn_color";i:2;s:8:"btn_size";i:2;}s:19:"title_style_section";a:3:{s:27:"title_typography_typography";i:2;s:33:"title_typography_font_size_mobile";i:2;s:35:"title_typography_line_height_mobile";i:1;}}s:8:"advanced";a:1:{s:8:"wd_extra";a:1:{s:8:"scroll_y";i:2;}}}}s:18:"wd_products_widget";a:3:{s:5:"count";i:2;s:15:"control_percent";i:0;s:8:"controls";a:1:{s:8:"advanced";a:1:{s:8:"wd_extra";a:1:{s:8:"scroll_y";i:2;}}}}s:10:"wd_twitter";a:3:{s:5:"count";i:1;s:15:"control_percent";i:5;s:8:"controls";a:2:{s:7:"content";a:1:{s:23:"general_content_section";a:8:{s:4:"name";i:1;s:10:"num_tweets";i:1;s:11:"show_avatar";i:1;s:15:"exclude_replies";i:1;s:12:"consumer_key";i:1;s:15:"consumer_secret";i:1;s:12:"access_token";i:1;s:18:"accesstoken_secret";i:1;}}s:8:"advanced";a:1:{s:8:"wd_extra";a:1:{s:8:"scroll_y";i:1;}}}}s:12:"wd_instagram";a:3:{s:5:"count";i:1;s:15:"control_percent";i:4;s:8:"controls";a:3:{s:7:"content";a:2:{s:23:"general_content_section";a:2:{s:11:"data_source";i:1;s:8:"username";i:1;}s:15:"content_section";a:1:{s:6:"target";i:1;}}s:5:"style";a:1:{s:22:"layout_content_section";a:4:{s:7:"per_row";i:1;s:7:"spacing";i:1;s:9:"hide_mask";i:1;s:6:"number";i:1;}}s:8:"advanced";a:1:{s:8:"wd_extra";a:1:{s:8:"scroll_y";i:1;}}}}}]]></wp:meta_value>
		</wp:postmeta>
	</item>
	<item>
		<title>wood-page-banner</title>
		<link>http://dummy.xtemos.com/woodmart-elementor/demos/home-boxed/wood-page-banner/</link>
		<pubDate>Sat, 24 Jun 2017 12:32:58 +0000</pubDate>
		<dc:creator><![CDATA[erwin]]></dc:creator>
		<guid isPermaLink="false">http://dummy.xtemos.com/woodmart-elementor/demos/wp-content/uploads/sites/2/2017/06/wood-page-banner.jpg</guid>
		<description></description>
		<content:encoded><![CDATA[]]></content:encoded>
		<excerpt:encoded><![CDATA[]]></excerpt:encoded>
		<wp:post_id>585</wp:post_id>
		<wp:post_date>2017-06-24 12:32:58</wp:post_date>
		<wp:post_date_gmt>2017-06-24 12:32:58</wp:post_date_gmt>
		<wp:comment_status>open</wp:comment_status>
		<wp:ping_status>closed</wp:ping_status>
		<wp:post_name>wood-page-banner</wp:post_name>
		<wp:status>inherit</wp:status>
		<wp:post_parent>584</wp:post_parent>
		<wp:menu_order>0</wp:menu_order>
		<wp:post_type>attachment</wp:post_type>
		<wp:post_password></wp:post_password>
		<wp:is_sticky>0</wp:is_sticky>
		<wp:attachment_url>http://dummy.xtemos.com/woodmart-elementor/demos/wp-content/uploads/sites/2/2017/06/wood-page-banner.jpg</wp:attachment_url>
		<wp:postmeta>
			<wp:meta_key>_wp_attached_file</wp:meta_key>
			<wp:meta_value><![CDATA[2017/06/wood-page-banner.jpg]]></wp:meta_value>
		</wp:postmeta>
	</item>
</channel>
</rss>
