<?xml version="1.0" encoding="UTF-8" ?>
<!-- This is a WordPress eXtended RSS file generated by WordPress as an export of your site. -->
<!-- It contains information about your site's posts, pages, comments, categories, and other content. -->
<!-- You may use this file to transfer that content from one site to another. -->
<!-- This file is not intended to serve as a complete backup of your site. -->

<!-- To import this information into a WordPress site follow these steps: -->
<!-- 1. Log in to that site as an administrator. -->
<!-- 2. Go to Tools: Import in the WordPress admin panel. -->
<!-- 3. Install the "WordPress" importer from the list. -->
<!-- 4. Activate & Run Importer. -->
<!-- 5. Upload this file using the form provided on that page. -->
<!-- 6. You will first be asked to map the authors in this export file to users -->
<!--    on the site. For each author, you may choose to map to an -->
<!--    existing user on the site or to create a new user. -->
<!-- 7. WordPress will then import each of the posts, pages, comments, categories, etc. -->
<!--    contained in this file into your site. -->

	<!-- generator="WordPress/5.4.2" created="2020-07-11 11:20" -->
<rss version="2.0"
	xmlns:excerpt="http://wordpress.org/export/1.2/excerpt/"
	xmlns:content="http://purl.org/rss/1.0/modules/content/"
	xmlns:wfw="http://wellformedweb.org/CommentAPI/"
	xmlns:dc="http://purl.org/dc/elements/1.1/"
	xmlns:wp="http://wordpress.org/export/1.2/"
>

<channel>
	<title>Woodmart dummy demos</title>
	<link>http://dummy.xtemos.com/woodmart-elementor/demos</link>
	<description>Just another Woodmart Dummy Content Sites site</description>
	<pubDate>Sat, 11 Jul 2020 11:20:59 +0000</pubDate>
	<language>en-US</language>
	<wp:wxr_version>1.2</wp:wxr_version>
	<wp:base_site_url>http://dummy.xtemos.com/woodmart-elementor/</wp:base_site_url>
	<wp:base_blog_url>http://dummy.xtemos.com/woodmart-elementor/demos</wp:base_blog_url>

		<wp:author><wp:author_id>2</wp:author_id><wp:author_login>erwin</wp:author_login><wp:author_email>ss@asas.as</wp:author_email><wp:author_display_name><![CDATA[erwin]]></wp:author_display_name><wp:author_first_name><![CDATA[]]></wp:author_first_name><wp:author_last_name><![CDATA[]]></wp:author_last_name></wp:author>

				
	<generator>https://wordpress.org/?v=5.4.2</generator>

		<item>
		<title>
				Home Minimalism		</title>
		<link>http://dummy.xtemos.com/woodmart-elementor/demos/home-minimalism/</link>
		<pubDate>Mon, 06 Jul 2020 13:18:48 +0000</pubDate>
		<dc:creator><![CDATA[erwin]]></dc:creator>
		<guid isPermaLink="false">http://dummy.xtemos.com/woodmart-elementor/demos/?page_id=7053</guid>
		<description></description>
		<content:encoded><![CDATA[[rev_slider alias="minimalism"][/rev_slider]		
							<img src="http://dummy.xtemos.com/woodmart-elementor/demos/wp-content/uploads/sites/2/2020/07/banner_minimalism3.jpg">						
								Hitech Innovations							
													<h4 data-elementor-setting-key="title">
								Smart Watches							</h4>
			<a href="#">
					Read More				
							</a>
							<img src="http://dummy.xtemos.com/woodmart-elementor/demos/wp-content/uploads/sites/2/2020/07/banner_minimalism3.jpg">						
								Premium Leather							
													<h4 data-elementor-setting-key="title">
								Smart Shoes							</h4>
			<a href="#">
					Read More				
							</a>
							<img src="http://dummy.xtemos.com/woodmart-elementor/demos/wp-content/uploads/sites/2/2020/07/banner_minimalism3.jpg">						
								Sound Explosion							
													<h4 data-elementor-setting-key="title">
								Smart Electronic							</h4>
			<a href="#">
					Read More				
							</a>
				<h4>
					Featured Products				</h4>]]></content:encoded>
		<excerpt:encoded><![CDATA[]]></excerpt:encoded>
		<wp:post_id>7053</wp:post_id>
		<wp:post_date>2020-07-06 13:18:48</wp:post_date>
		<wp:post_date_gmt>2020-07-06 13:18:48</wp:post_date_gmt>
		<wp:comment_status>closed</wp:comment_status>
		<wp:ping_status>closed</wp:ping_status>
		<wp:post_name>home-minimalism</wp:post_name>
		<wp:status>publish</wp:status>
		<wp:post_parent>0</wp:post_parent>
		<wp:menu_order>0</wp:menu_order>
		<wp:post_type>page</wp:post_type>
		<wp:post_password></wp:post_password>
		<wp:is_sticky>0</wp:is_sticky>
														<wp:postmeta>
			<wp:meta_key>_woodmart_whb_header</wp:meta_key>
			<wp:meta_value><![CDATA[none]]></wp:meta_value>
		</wp:postmeta>
							<wp:postmeta>
			<wp:meta_key>_woodmart_title_image</wp:meta_key>
			<wp:meta_value><![CDATA[]]></wp:meta_value>
		</wp:postmeta>
							<wp:postmeta>
			<wp:meta_key>_woodmart_title_bg_color</wp:meta_key>
			<wp:meta_value><![CDATA[]]></wp:meta_value>
		</wp:postmeta>
							<wp:postmeta>
			<wp:meta_key>_woodmart_page-title-size</wp:meta_key>
			<wp:meta_value><![CDATA[inherit]]></wp:meta_value>
		</wp:postmeta>
							<wp:postmeta>
			<wp:meta_key>_woodmart_main_layout</wp:meta_key>
			<wp:meta_value><![CDATA[full-width]]></wp:meta_value>
		</wp:postmeta>
							<wp:postmeta>
			<wp:meta_key>_elementor_edit_mode</wp:meta_key>
			<wp:meta_value><![CDATA[builder]]></wp:meta_value>
		</wp:postmeta>
							<wp:postmeta>
			<wp:meta_key>_elementor_template_type</wp:meta_key>
			<wp:meta_value><![CDATA[wp-page]]></wp:meta_value>
		</wp:postmeta>
							<wp:postmeta>
			<wp:meta_key>_elementor_version</wp:meta_key>
			<wp:meta_value><![CDATA[2.9.11]]></wp:meta_value>
		</wp:postmeta>
							<wp:postmeta>
			<wp:meta_key>_wp_page_template</wp:meta_key>
			<wp:meta_value><![CDATA[default]]></wp:meta_value>
		</wp:postmeta>
							<wp:postmeta>
			<wp:meta_key>_elementor_data</wp:meta_key>
			<wp:meta_value><![CDATA[[{"id":"8b5ceb4","elType":"section","settings":{"wd_section_stretch":"stretch-content","gap":"no","overflow":"hidden","margin":{"unit":"px","top":"-40","right":"0","bottom":"10","left":"0","isLinked":""},"padding":{"unit":"px","top":"0","right":"30","bottom":"0","left":"30","isLinked":""}},"elements":[{"id":"77d9951","elType":"column","settings":{"_column_size":"100","margin_tablet":{"unit":"px","top":"0","right":"0","bottom":"15","left":"0","isLinked":""},"column_sticky_offset":"50","scroll_y":"-80"},"elements":[{"id":"feaa260","elType":"widget","settings":{"shortcode":"[rev_slider alias=\"minimalism\"][\/rev_slider]","revslidertitle":"minimalism","scroll_y":"-80"},"elements":[],"widgetType":"slider_revolution"}],"isInner":""}],"isInner":""},{"id":"b31a472","elType":"section","settings":{"wd_section_stretch":"stretch_row_content","margin":{"unit":"px","top":"0","right":"0","bottom":"50","left":"0","isLinked":""},"margin_tablet":{"unit":"px","top":"0","right":"0","bottom":"40","left":"0","isLinked":""},"padding":{"unit":"px","top":"0","right":"30","bottom":"0","left":"30","isLinked":""}},"elements":[{"id":"6ddda00","elType":"column","settings":{"_column_size":"100","column_sticky_offset":"50","scroll_y":"-80"},"elements":[{"id":"59f38b0","elType":"widget","settings":{"slides_per_view":{"size":"3","unit":"px","sizes":[]},"slider_spacing":"20","hide_pagination_control":"yes","hide_prev_next_buttons":"yes","content_repeater":[{"_id":"7692416","image_size":"full","title":"Smart Watches","subtitle":"Hitech Innovations","content":"","btn_text":"Read More","image_custom_dimension":[],"image":{"id":"7061","url":"http:\/\/dummy.xtemos.com\/woodmart-elementor\/demos\/wp-content\/uploads\/sites\/2\/2020\/07\/banner_minimalism3.jpg"},"vertical_alignment":"middle","increase_spaces":"yes","link":{"url":"#","is_external":"","nofollow":"","custom_attributes":""},"image_type":"image","image_height":{"unit":"px","size":"300","sizes":[]},"image_height_tablet":{"unit":"px","size":"","sizes":[]},"image_height_mobile":{"unit":"px","size":"","sizes":[]},"image_bg_position":"center center","horizontal_alignment":"left","text_alignment":"left","width":{"unit":"%","size":"","sizes":[]},"width_tablet":{"unit":"%","size":"","sizes":[]},"width_mobile":{"unit":"%","size":"","sizes":[]}},{"_id":"6711078","image_size":"full","title":"Smart Shoes","subtitle":"Premium Leather","content":"","btn_text":"Read More","image_custom_dimension":[],"image":{"id":"7061","url":"http:\/\/dummy.xtemos.com\/woodmart-elementor\/demos\/wp-content\/uploads\/sites\/2\/2020\/07\/banner_minimalism3.jpg"},"vertical_alignment":"middle","increase_spaces":"yes","link":{"url":"#","is_external":"","nofollow":"","custom_attributes":""},"image_type":"image","image_height":{"unit":"px","size":"300","sizes":[]},"image_height_tablet":{"unit":"px","size":"","sizes":[]},"image_height_mobile":{"unit":"px","size":"","sizes":[]},"image_bg_position":"center center","horizontal_alignment":"left","text_alignment":"left","width":{"unit":"%","size":"","sizes":[]},"width_tablet":{"unit":"%","size":"","sizes":[]},"width_mobile":{"unit":"%","size":"","sizes":[]}},{"_id":"8470618","image_size":"full","title":"Smart Electronic","subtitle":"Sound Explosion","content":"","btn_text":"Read More","image_custom_dimension":[],"image":{"id":"7061","url":"http:\/\/dummy.xtemos.com\/woodmart-elementor\/demos\/wp-content\/uploads\/sites\/2\/2020\/07\/banner_minimalism3.jpg"},"vertical_alignment":"middle","increase_spaces":"yes","link":{"url":"#","is_external":"","nofollow":"","custom_attributes":""},"image_type":"image","image_height":{"unit":"px","size":"300","sizes":[]},"image_height_tablet":{"unit":"px","size":"","sizes":[]},"image_height_mobile":{"unit":"px","size":"","sizes":[]},"image_bg_position":"center center","horizontal_alignment":"left","text_alignment":"left","width":{"unit":"%","size":"","sizes":[]},"width_tablet":{"unit":"%","size":"","sizes":[]},"width_mobile":{"unit":"%","size":"","sizes":[]}}],"title_typography_typography":"custom","title_typography_font_size":{"unit":"px","size":"30","sizes":[]},"title_typography_font_size_tablet":{"unit":"px","size":"22","sizes":[]},"title_typography_font_size_mobile":{"unit":"px","size":"24","sizes":[]},"btn_size":"small","btn_color":"primary","btn_style":"link","scroll_y":"-80"},"elements":[],"widgetType":"wd_banner_carousel"}],"isInner":""}],"isInner":""},{"id":"06d6dd6","elType":"section","settings":{"margin":{"unit":"px","top":"0","right":"0","bottom":"30","left":"0","isLinked":""},"padding_tablet":{"unit":"px","top":"0","right":"15","bottom":"0","left":"15","isLinked":""}},"elements":[{"id":"af2f9c8","elType":"column","settings":{"_column_size":"100","column_sticky_offset":"50","scroll_y":"-80"},"elements":[{"id":"b6c2503","elType":"widget","settings":{"subtitle":"","after_title":"","image_size":"custom","style":"simple","size":"large","align":"left","title":"Featured Products","_margin":{"unit":"px","top":"0","right":"0","bottom":"10","left":"0","isLinked":""},"scroll_y":"-80"},"elements":[],"widgetType":"wd_title"},{"id":"ee2dffe","elType":"widget","settings":{"title":"","spacing":"30","items_per_page":"8","product_hover":"alt","columns":{"size":"4","unit":"px","sizes":[]},"orderby":"date","order":"DESC","scroll_y":"-80"},"elements":[],"widgetType":"wd_products"}],"isInner":""}],"isInner":""}]]]></wp:meta_value>
		</wp:postmeta>
							<wp:postmeta>
			<wp:meta_key>_woodmart_title_off</wp:meta_key>
			<wp:meta_value><![CDATA[on]]></wp:meta_value>
		</wp:postmeta>
							<wp:postmeta>
			<wp:meta_key>_elementor_controls_usage</wp:meta_key>
			<wp:meta_value><![CDATA[a:6:{s:17:"slider_revolution";a:3:{s:5:"count";i:1;s:15:"control_percent";i:2;s:8:"controls";a:2:{s:7:"content";a:1:{s:15:"content_section";a:2:{s:9:"shortcode";i:1;s:14:"revslidertitle";i:1;}}s:8:"advanced";a:1:{s:8:"wd_extra";a:1:{s:8:"scroll_y";i:1;}}}}s:6:"column";a:3:{s:5:"count";i:3;s:15:"control_percent";i:1;s:8:"controls";a:1:{s:8:"advanced";a:2:{s:16:"section_advanced";a:1:{s:13:"margin_tablet";i:1;}s:8:"wd_extra";a:2:{s:20:"column_sticky_offset";i:3;s:8:"scroll_y";i:3;}}}}s:7:"section";a:3:{s:5:"count";i:3;s:15:"control_percent";i:1;s:8:"controls";a:2:{s:6:"layout";a:2:{s:15:"wd_extra_layout";a:1:{s:18:"wd_section_stretch";i:2;}s:14:"section_layout";a:2:{s:3:"gap";i:1;s:8:"overflow";i:1;}}s:8:"advanced";a:1:{s:16:"section_advanced";a:4:{s:6:"margin";i:3;s:7:"padding";i:2;s:13:"margin_tablet";i:1;s:14:"padding_tablet";i:1;}}}}s:18:"wd_banner_carousel";a:3:{s:5:"count";i:1;s:15:"control_percent";i:5;s:8:"controls";a:3:{s:5:"style";a:3:{s:22:"carousel_style_section";a:4:{s:15:"slides_per_view";i:1;s:14:"slider_spacing";i:1;s:23:"hide_pagination_control";i:1;s:22:"hide_prev_next_buttons";i:1;}s:19:"title_style_section";a:4:{s:27:"title_typography_typography";i:1;s:26:"title_typography_font_size";i:1;s:33:"title_typography_font_size_tablet";i:1;s:33:"title_typography_font_size_mobile";i:1;}s:20:"button_style_section";a:3:{s:8:"btn_size";i:1;s:9:"btn_color";i:1;s:9:"btn_style";i:1;}}s:7:"content";a:1:{s:23:"general_content_section";a:1:{s:16:"content_repeater";i:1;}}s:8:"advanced";a:1:{s:8:"wd_extra";a:1:{s:8:"scroll_y";i:1;}}}}s:8:"wd_title";a:3:{s:5:"count";i:1;s:15:"control_percent";i:3;s:8:"controls";a:3:{s:7:"content";a:1:{s:23:"general_content_section";a:3:{s:8:"subtitle";i:1;s:11:"after_title";i:1;s:5:"title";i:1;}}s:5:"style";a:2:{s:19:"title_style_section";a:1:{s:10:"image_size";i:1;}s:21:"general_style_section";a:3:{s:5:"style";i:1;s:4:"size";i:1;s:5:"align";i:1;}}s:8:"advanced";a:2:{s:14:"_section_style";a:1:{s:7:"_margin";i:1;}s:8:"wd_extra";a:1:{s:8:"scroll_y";i:1;}}}}s:11:"wd_products";a:3:{s:5:"count";i:1;s:15:"control_percent";i:3;s:8:"controls";a:3:{s:5:"style";a:2:{s:20:"layout_style_section";a:3:{s:7:"spacing";i:1;s:14:"items_per_page";i:1;s:7:"columns";i:1;}s:29:"products_design_style_section";a:1:{s:13:"product_hover";i:1;}}s:7:"content";a:1:{s:23:"general_content_section";a:2:{s:7:"orderby";i:1;s:5:"order";i:1;}}s:8:"advanced";a:1:{s:8:"wd_extra";a:1:{s:8:"scroll_y";i:1;}}}}}]]></wp:meta_value>
		</wp:postmeta>
						</item>
					<item>
		<title>
				banner_minimalism3		</title>
		<link>http://dummy.xtemos.com/woodmart-elementor/demos/banner_minimalism3-2/</link>
		<pubDate>Mon, 06 Jul 2020 13:21:05 +0000</pubDate>
		<dc:creator><![CDATA[erwin]]></dc:creator>
		<guid isPermaLink="false">http://dummy.xtemos.com/woodmart-elementor/demos/wp-content/uploads/sites/2/2020/07/banner_minimalism3.jpg</guid>
		<description></description>
		<content:encoded><![CDATA[]]></content:encoded>
		<excerpt:encoded><![CDATA[]]></excerpt:encoded>
		<wp:post_id>7061</wp:post_id>
		<wp:post_date>2020-07-06 13:21:05</wp:post_date>
		<wp:post_date_gmt>2020-07-06 13:21:05</wp:post_date_gmt>
		<wp:comment_status>open</wp:comment_status>
		<wp:ping_status>closed</wp:ping_status>
		<wp:post_name>banner_minimalism3-2</wp:post_name>
		<wp:status>inherit</wp:status>
		<wp:post_parent>0</wp:post_parent>
		<wp:menu_order>0</wp:menu_order>
		<wp:post_type>attachment</wp:post_type>
		<wp:post_password></wp:post_password>
		<wp:is_sticky>0</wp:is_sticky>
						<wp:attachment_url>http://dummy.xtemos.com/woodmart-elementor/demos/wp-content/uploads/sites/2/2020/07/banner_minimalism3.jpg</wp:attachment_url>
												<wp:postmeta>
			<wp:meta_key>_wp_attached_file</wp:meta_key>
			<wp:meta_value><![CDATA[2020/07/banner_minimalism3.jpg]]></wp:meta_value>
		</wp:postmeta>
						</item>
					<item>
		<title>
				Pre footer - minimalism		</title>
		<link>http://dummy.xtemos.com/woodmart-elementor/demos/?cms_block=pre-footer-minimalist</link>
		<pubDate>Mon, 06 Jul 2020 13:21:47 +0000</pubDate>
		<dc:creator><![CDATA[erwin]]></dc:creator>
		<guid isPermaLink="false">http://dummy.xtemos.com/woodmart-elementor/demos/?post_type=cms_block&#038;p=7062</guid>
		<description></description>
		<content:encoded><![CDATA[GET LATEST MINIMALISM NEWS				
				<h4>
					Newsletter Subscribe				</h4>
					It only takes a second to be the first to find out about our latest news and promotions...				
			<!-- Mailchimp for WordPress v4.7.7 - https://wordpress.org/plugins/mailchimp-for-wp/ -->
<p>
	
</p>
<p>
	
</p>
<label>Leave this field empty if you're human: </label><!-- / Mailchimp for WordPress Plugin -->		
					READ OUR NEWS				
				<h4>
					Follow Us				</h4>
					It only takes a second to be the first to find out about our news and promotions...				
									<a rel="nofollow noopener noreferrer" href="https://www.facebook.com/sharer/sharer.php?u=http://dummy.xtemos.com/woodmart-elementor/demos/?post_type=cms_block&amp;p=7062" target="_blank">
						<i></i>
						Facebook
					</a>
									<a rel="nofollow noopener noreferrer" href="https://twitter.com/share?url=http://dummy.xtemos.com/woodmart-elementor/demos/?post_type=cms_block&amp;p=7062" target="_blank">
						<i></i>
						Twitter
					</a>
									<a rel="nofollow noopener noreferrer" href="https://pinterest.com/pin/create/button/?url=http://dummy.xtemos.com/woodmart-elementor/demos/?post_type=cms_block&amp;p=7062&amp;media=http://dummy.xtemos.com/woodmart-elementor/demos/wp-includes/images/media/default.png&amp;description=Elementor+%237062" target="_blank">
						<i></i>
						Pinterest
					</a>
									<a rel="nofollow noopener noreferrer" href="https://www.linkedin.com/shareArticle?mini=true&amp;url=http://dummy.xtemos.com/woodmart-elementor/demos/?post_type=cms_block&amp;p=7062" target="_blank">
						<i></i>
						linkedin
					</a>
									<a rel="nofollow noopener noreferrer" href="https://telegram.me/share/url?url=http://dummy.xtemos.com/woodmart-elementor/demos/?post_type=cms_block&amp;p=7062" target="_blank">
						<i></i>
						Telegram
					</a>]]></content:encoded>
		<excerpt:encoded><![CDATA[]]></excerpt:encoded>
		<wp:post_id>7062</wp:post_id>
		<wp:post_date>2020-07-06 13:21:47</wp:post_date>
		<wp:post_date_gmt>2020-07-06 13:21:47</wp:post_date_gmt>
		<wp:comment_status>closed</wp:comment_status>
		<wp:ping_status>closed</wp:ping_status>
		<wp:post_name>pre-footer-minimalist</wp:post_name>
		<wp:status>publish</wp:status>
		<wp:post_parent>0</wp:post_parent>
		<wp:menu_order>0</wp:menu_order>
		<wp:post_type>cms_block</wp:post_type>
		<wp:post_password></wp:post_password>
		<wp:is_sticky>0</wp:is_sticky>
														<wp:postmeta>
			<wp:meta_key>_elementor_edit_mode</wp:meta_key>
			<wp:meta_value><![CDATA[builder]]></wp:meta_value>
		</wp:postmeta>
							<wp:postmeta>
			<wp:meta_key>_elementor_template_type</wp:meta_key>
			<wp:meta_value><![CDATA[wp-post]]></wp:meta_value>
		</wp:postmeta>
							<wp:postmeta>
			<wp:meta_key>_elementor_version</wp:meta_key>
			<wp:meta_value><![CDATA[2.9.11]]></wp:meta_value>
		</wp:postmeta>
							<wp:postmeta>
			<wp:meta_key>_wp_old_slug</wp:meta_key>
			<wp:meta_value><![CDATA[elementor-7062]]></wp:meta_value>
		</wp:postmeta>
							<wp:postmeta>
			<wp:meta_key>_wp_page_template</wp:meta_key>
			<wp:meta_value><![CDATA[default]]></wp:meta_value>
		</wp:postmeta>
							<wp:postmeta>
			<wp:meta_key>_elementor_data</wp:meta_key>
			<wp:meta_value><![CDATA[[{"id":"0ea07a1","elType":"section","settings":{"wd_section_stretch":"stretch","border_width":{"top":"1","left":"0","right":"0","bottom":"0","unit":"px","isLinked":""},"border_border":"solid","border_color":"rgba(129,129,129,0.2)","background_repeat":"no-repeat","structure":"20","content_position":"middle","padding":{"unit":"px","top":"35","right":"15","bottom":"0","left":"15","isLinked":""}},"elements":[{"id":"3adab3b","elType":"column","settings":{"_column_size":"50","border_width":{"top":"0","left":"0","right":"1","bottom":"0","unit":"px","isLinked":""},"border_border":"solid","border_color":"rgba(129,129,129,0.2)","border_width_mobile":{"unit":"px","top":"0","right":"0","bottom":"0","left":"0","isLinked":"1"},"margin_mobile":{"unit":"px","top":"0","right":"0","bottom":"35","left":"0","isLinked":""},"padding":{"unit":"px","top":"30","right":"30","bottom":"30","left":"30","isLinked":"1"},"padding_mobile":{"unit":"px","top":"0","right":"15","bottom":"0","left":"15","isLinked":""},"column_sticky_offset":"50","scroll_y":"-80"},"elements":[{"id":"0c9d9a7","elType":"widget","settings":{"subtitle":"GET LATEST MINIMALISM NEWS","after_title":"It only takes a second to be the first to find out about our latest news and promotions...","image_size":"custom","size":"extra-large","title":"Newsletter Subscribe","scroll_y":"-80"},"elements":[],"widgetType":"wd_title"},{"id":"2f02f63","elType":"widget","settings":{"form_id":"74","content_width":{"unit":"px","size":"400","sizes":[]},"scroll_y":"-80"},"elements":[],"widgetType":"wd_mailchimp"}],"isInner":""},{"id":"f8898fb","elType":"column","settings":{"_column_size":"50","padding":{"unit":"px","top":"30","right":"30","bottom":"30","left":"30","isLinked":"1"},"padding_mobile":{"unit":"px","top":"0","right":"15","bottom":"0","left":"15","isLinked":""},"column_sticky_offset":"50","scroll_y":"-80"},"elements":[{"id":"80bf8aa","elType":"widget","settings":{"subtitle":"READ OUR NEWS","after_title":"It only takes a second to be the first to find out about our news and promotions...","image_size":"custom","size":"extra-large","title":"Follow Us","width":{"unit":"%","size":"75","sizes":[]},"width_tablet":{"unit":"%","size":"100","sizes":[]},"scroll_y":"-80"},"elements":[],"widgetType":"wd_title"},{"id":"5da6ea4","elType":"widget","settings":{"style":"bordered","scroll_y":"-80"},"elements":[],"widgetType":"wd_social_buttons"}],"isInner":""}],"isInner":""}]]]></wp:meta_value>
		</wp:postmeta>
							<wp:postmeta>
			<wp:meta_key>_elementor_controls_usage</wp:meta_key>
			<wp:meta_value><![CDATA[a:5:{s:8:"wd_title";a:3:{s:5:"count";i:2;s:15:"control_percent";i:3;s:8:"controls";a:3:{s:7:"content";a:1:{s:23:"general_content_section";a:3:{s:8:"subtitle";i:2;s:11:"after_title";i:2;s:5:"title";i:2;}}s:5:"style";a:2:{s:19:"title_style_section";a:1:{s:10:"image_size";i:2;}s:21:"general_style_section";a:3:{s:4:"size";i:2;s:5:"width";i:1;s:12:"width_tablet";i:1;}}s:8:"advanced";a:1:{s:8:"wd_extra";a:1:{s:8:"scroll_y";i:2;}}}}s:12:"wd_mailchimp";a:3:{s:5:"count";i:1;s:15:"control_percent";i:2;s:8:"controls";a:3:{s:7:"content";a:1:{s:23:"general_content_section";a:1:{s:7:"form_id";i:1;}}s:5:"style";a:1:{s:21:"general_style_section";a:1:{s:13:"content_width";i:1;}}s:8:"advanced";a:1:{s:8:"wd_extra";a:1:{s:8:"scroll_y";i:1;}}}}s:6:"column";a:3:{s:5:"count";i:2;s:15:"control_percent";i:1;s:8:"controls";a:2:{s:5:"style";a:1:{s:14:"section_border";a:4:{s:12:"border_width";i:1;s:13:"border_border";i:1;s:12:"border_color";i:1;s:19:"border_width_mobile";i:1;}}s:8:"advanced";a:2:{s:16:"section_advanced";a:3:{s:13:"margin_mobile";i:1;s:7:"padding";i:2;s:14:"padding_mobile";i:2;}s:8:"wd_extra";a:2:{s:20:"column_sticky_offset";i:2;s:8:"scroll_y";i:2;}}}}s:17:"wd_social_buttons";a:3:{s:5:"count";i:1;s:15:"control_percent";i:1;s:8:"controls";a:2:{s:5:"style";a:1:{s:21:"general_style_section";a:1:{s:5:"style";i:1;}}s:8:"advanced";a:1:{s:8:"wd_extra";a:1:{s:8:"scroll_y";i:1;}}}}s:7:"section";a:3:{s:5:"count";i:1;s:15:"control_percent";i:2;s:8:"controls";a:3:{s:6:"layout";a:3:{s:15:"wd_extra_layout";a:1:{s:18:"wd_section_stretch";i:1;}s:17:"section_structure";a:1:{s:9:"structure";i:1;}s:14:"section_layout";a:1:{s:16:"content_position";i:1;}}s:5:"style";a:2:{s:14:"section_border";a:3:{s:12:"border_width";i:1;s:13:"border_border";i:1;s:12:"border_color";i:1;}s:18:"section_background";a:1:{s:17:"background_repeat";i:1;}}s:8:"advanced";a:1:{s:16:"section_advanced";a:1:{s:7:"padding";i:1;}}}}}]]></wp:meta_value>
		</wp:postmeta>
							<wp:postmeta>
			<wp:meta_key>_wp_old_slug</wp:meta_key>
			<wp:meta_value><![CDATA[pre-footer-minimalism]]></wp:meta_value>
		</wp:postmeta>
						</item>
				</channel>
</rss>
	