<?xml version="1.0" encoding="UTF-8" ?>
<!-- This is a WordPress eXtended RSS file generated by WordPress as an export of your site. -->
<!-- It contains information about your site's posts, pages, comments, categories, and other content. -->
<!-- You may use this file to transfer that content from one site to another. -->
<!-- This file is not intended to serve as a complete backup of your site. -->

<!-- To import this information into a WordPress site follow these steps: -->
<!-- 1. Log in to that site as an administrator. -->
<!-- 2. Go to Tools: Import in the WordPress admin panel. -->
<!-- 3. Install the "WordPress" importer from the list. -->
<!-- 4. Activate & Run Importer. -->
<!-- 5. Upload this file using the form provided on that page. -->
<!-- 6. You will first be asked to map the authors in this export file to users -->
<!--    on the site. For each author, you may choose to map to an -->
<!--    existing user on the site or to create a new user. -->
<!-- 7. WordPress will then import each of the posts, pages, comments, categories, etc. -->
<!--    contained in this file into your site. -->

<!-- generator="WordPress/4.8" created="2017-06-22 12:29" -->
<rss version="2.0"
	xmlns:excerpt="http://wordpress.org/export/1.2/excerpt/"
	xmlns:content="http://purl.org/rss/1.0/modules/content/"
	xmlns:wfw="http://wellformedweb.org/CommentAPI/"
	xmlns:dc="http://purl.org/dc/elements/1.1/"
	xmlns:wp="http://wordpress.org/export/1.2/"
>

<channel>
	<title>Woodmart dummy demos</title>
	<link>http://dummy.xtemos.com/woodmart/demos</link>
	<description>Just another Woodmart Dummy Content Sites site</description>
	<pubDate>Thu, 22 Jun 2017 12:29:51 +0000</pubDate>
	<language>en-US</language>
	<wp:wxr_version>1.2</wp:wxr_version>
	<wp:base_site_url>http://dummy.xtemos.com/woodmart/</wp:base_site_url>
	<wp:base_blog_url>http://dummy.xtemos.com/woodmart/demos</wp:base_blog_url>

	<wp:author><wp:author_id>2</wp:author_id><wp:author_login>erwin</wp:author_login><wp:author_email>ss@asas.as</wp:author_email><wp:author_display_name><![CDATA[erwin]]></wp:author_display_name><wp:author_first_name><![CDATA[]]></wp:author_first_name><wp:author_last_name><![CDATA[]]></wp:author_last_name></wp:author>


	<generator>https://wordpress.org/?v=4.8</generator>

	<item>
		<title>Home Minimalism</title>
		<link>http://dummy.xtemos.com/woodmart/demos/home-minimalism/</link>
		<pubDate>Thu, 22 Jun 2017 09:48:57 +0000</pubDate>
		<dc:creator><![CDATA[erwin]]></dc:creator>
		<guid isPermaLink="false">http://dummy.xtemos.com/woodmart/demos/?page_id=423</guid>
		<description></description>
		<content:encoded><![CDATA[[vc_row full_width="stretch_row_content" css=".vc_custom_1496215659435{margin-top: -40px !important;margin-bottom: 20px !important;}"][vc_column css=".vc_custom_1490620685100{padding-right: 30px !important;padding-left: 30px !important;}"][rev_slider_vc alias="minimalism"][/vc_column][/vc_row][vc_row full_width="stretch_row_content" css=".vc_custom_1493279421022{margin-right: -10px !important;margin-bottom: 5vh !important;margin-left: -10px !important;padding-right: 20px !important;padding-left: 20px !important;}"][vc_column css=".vc_custom_1493216762146{margin-bottom: 20px !important;padding-right: 10px !important;padding-left: 10px !important;}"][banners_carousel slides_per_view="3" slider_spacing="20" hide_pagination_control="yes" hide_prev_next_buttons="yes"][promo_banner image="432" btn_color="primary" btn_style="link" btn_size="small" vertical_alignment="middle" woodmart_color_scheme="dark" increase_spaces="yes" img_size="full" link="url:%23|||" title="Smart Watches" subtitle="Hitech Innovations" btn_text="Read More"][/promo_banner][promo_banner image="432" btn_color="primary" btn_style="link" btn_size="small" vertical_alignment="middle" woodmart_color_scheme="dark" increase_spaces="yes" img_size="full" link="url:%23|||" title="Smart Shoes" subtitle="Premium Leather" btn_text="Read More"][/promo_banner][promo_banner image="432" btn_color="primary" btn_style="link" btn_size="small" vertical_alignment="middle" woodmart_color_scheme="dark" increase_spaces="yes" img_size="full" link="url:%23|||" title="Smart Electronic" subtitle="Sound Explosion" btn_text="Read More"][/promo_banner][/banners_carousel][/vc_column][/vc_row][vc_row 0="" css=".vc_custom_1493297474120{margin-bottom: 2vh !important;}"][vc_column 0="" css=".vc_custom_1493297480660{padding-right: 30px !important;padding-left: 30px !important;}"][woodmart_title style="simple" size="large" align="left" title="Featured Products"][woodmart_products items_per_page="8" product_hover="alt" columns="4" spacing="30" orderby="date" order="DESC"][/vc_column][/vc_row]]]></content:encoded>
		<excerpt:encoded><![CDATA[]]></excerpt:encoded>
		<wp:post_id>423</wp:post_id>
		<wp:post_date>2017-06-22 09:48:57</wp:post_date>
		<wp:post_date_gmt>2017-06-22 09:48:57</wp:post_date_gmt>
		<wp:comment_status>closed</wp:comment_status>
		<wp:ping_status>closed</wp:ping_status>
		<wp:post_name>home-minimalism</wp:post_name>
		<wp:status>publish</wp:status>
		<wp:post_parent>0</wp:post_parent>
		<wp:menu_order>0</wp:menu_order>
		<wp:post_type>page</wp:post_type>
		<wp:post_password></wp:post_password>
		<wp:is_sticky>0</wp:is_sticky>
		<wp:postmeta>
			<wp:meta_key>_wp_page_template</wp:meta_key>
			<wp:meta_value><![CDATA[default]]></wp:meta_value>
		</wp:postmeta>
		<wp:postmeta>
			<wp:meta_key>_woodmart_header_color_scheme</wp:meta_key>
			<wp:meta_value><![CDATA[inherit]]></wp:meta_value>
		</wp:postmeta>
		<wp:postmeta>
			<wp:meta_key>_wpb_shortcodes_custom_css</wp:meta_key>
			<wp:meta_value><![CDATA[.vc_custom_1496215659435{margin-top: -40px !important;margin-bottom: 20px !important;}.vc_custom_1493279421022{margin-right: -10px !important;margin-bottom: 5vh !important;margin-left: -10px !important;padding-right: 20px !important;padding-left: 20px !important;}.vc_custom_1493297474120{margin-bottom: 2vh !important;}.vc_custom_1490620685100{padding-right: 30px !important;padding-left: 30px !important;}.vc_custom_1493216762146{margin-bottom: 20px !important;padding-right: 10px !important;padding-left: 10px !important;}.vc_custom_1493297480660{padding-right: 30px !important;padding-left: 30px !important;}]]></wp:meta_value>
		</wp:postmeta>
		<wp:postmeta>
			<wp:meta_key>_woodmart_main_layout</wp:meta_key>
			<wp:meta_value><![CDATA[full-width]]></wp:meta_value>
		</wp:postmeta>
		<wp:postmeta>
			<wp:meta_key>_woodmart_title_off</wp:meta_key>
			<wp:meta_value><![CDATA[on]]></wp:meta_value>
		</wp:postmeta>
	</item>
	<item>
		<title>banner_minimalism3</title>
		<link>http://dummy.xtemos.com/woodmart/demos/home-minimalism/banner_minimalism3/</link>
		<pubDate>Thu, 22 Jun 2017 10:02:21 +0000</pubDate>
		<dc:creator><![CDATA[erwin]]></dc:creator>
		<guid isPermaLink="false">http://dummy.xtemos.com/woodmart/demos/wp-content/uploads/sites/2/2017/06/banner_minimalism3.jpg</guid>
		<description></description>
		<content:encoded><![CDATA[]]></content:encoded>
		<excerpt:encoded><![CDATA[]]></excerpt:encoded>
		<wp:post_id>432</wp:post_id>
		<wp:post_date>2017-06-22 10:02:21</wp:post_date>
		<wp:post_date_gmt>2017-06-22 10:02:21</wp:post_date_gmt>
		<wp:comment_status>open</wp:comment_status>
		<wp:ping_status>closed</wp:ping_status>
		<wp:post_name>banner_minimalism3</wp:post_name>
		<wp:status>inherit</wp:status>
		<wp:post_parent>423</wp:post_parent>
		<wp:menu_order>0</wp:menu_order>
		<wp:post_type>attachment</wp:post_type>
		<wp:post_password></wp:post_password>
		<wp:is_sticky>0</wp:is_sticky>
		<wp:attachment_url>http://dummy.xtemos.com/woodmart/demos/wp-content/uploads/sites/2/2017/06/banner_minimalism3.jpg</wp:attachment_url>
		<wp:postmeta>
			<wp:meta_key>_wp_attached_file</wp:meta_key>
			<wp:meta_value><![CDATA[2017/06/banner_minimalism3.jpg]]></wp:meta_value>
		</wp:postmeta>
	</item>
	<item>
		<title>Pre footer - minimalism</title>
		<link>http://dummy.xtemos.com/woodmart/demos/?cms_block=pre-footer-minimalist</link>
		<pubDate>Thu, 22 Jun 2017 11:13:16 +0000</pubDate>
		<dc:creator><![CDATA[erwin]]></dc:creator>
		<guid isPermaLink="false">http://dummy.xtemos.com/woodmart/demos/?post_type=cms_block&#038;p=7062</guid>
		<description></description>
		<content:encoded><![CDATA[[vc_row full_width="stretch_row" css=".vc_custom_1493297528704{border-top-width: 1px !important;padding-top: 35px !important;background-position: 0 0 !important;background-repeat: no-repeat !important;border-top-color: rgba(129,129,129,0.2) !important;border-top-style: solid !important;}"][vc_column width="1/2" css=".vc_custom_1493297562900{border-right-width: 1px !important;padding-top: 30px !important;padding-right: 30px !important;padding-bottom: 20px !important;padding-left: 30px !important;border-right-color: rgba(129,129,129,0.2) !important;border-right-style: solid !important;}"][woodmart_title size="extra-large" title="Newsletter Subscribe" subtitle="GET LATEST MINIMALISM NEWS" css=".vc_custom_1492503693559{margin-bottom: 8px !important;}"][woodmart_title title_width="60" size="extra-large" after_title="It only takes a second to be the first to find out about
our latest news and promotions..." title=" " subtitle=" "][vc_column_text woodmart_color_scheme="dark" css=".vc_custom_1498129733874{margin-bottom: 0px !important;}"][mc4wp_form id="74"][/vc_column_text][/vc_column][vc_column width="1/2" css=".vc_custom_1493297567292{padding-top: 30px !important;padding-right: 30px !important;padding-bottom: 20px !important;padding-left: 30px !important;}"][woodmart_title title_width="50" size="extra-large" title="Follow Us" subtitle="READ OUR NEWS" after_title="It only takes a second to be the first to find out about
our news and promotions..." css=".vc_custom_1506079215008{margin-bottom: 20px !important;}"][social_buttons style="bordered"][/vc_column][/vc_row]]]></content:encoded>
		<excerpt:encoded><![CDATA[]]></excerpt:encoded>
		<wp:post_id>7062</wp:post_id>
		<wp:post_date>2017-06-22 11:13:16</wp:post_date>
		<wp:post_date_gmt>2017-06-22 11:13:16</wp:post_date_gmt>
		<wp:comment_status>closed</wp:comment_status>
		<wp:ping_status>closed</wp:ping_status>
		<wp:post_name>pre-footer-minimalist</wp:post_name>
		<wp:status>publish</wp:status>
		<wp:post_parent>0</wp:post_parent>
		<wp:menu_order>0</wp:menu_order>
		<wp:post_type>cms_block</wp:post_type>
		<wp:post_password></wp:post_password>
		<wp:is_sticky>0</wp:is_sticky>
		<wp:postmeta>
			<wp:meta_key>_wpb_shortcodes_custom_css</wp:meta_key>
			<wp:meta_value><![CDATA[.vc_custom_1493297528704{border-top-width: 1px !important;padding-top: 35px !important;background-position: 0 0 !important;background-repeat: no-repeat !important;border-top-color: rgba(129,129,129,0.2) !important;border-top-style: solid !important;}.vc_custom_1493297562900{border-right-width: 1px !important;padding-top: 30px !important;padding-right: 30px !important;padding-bottom: 20px !important;padding-left: 30px !important;border-right-color: rgba(129,129,129,0.2) !important;border-right-style: solid !important;}.vc_custom_1493297567292{padding-top: 30px !important;padding-right: 30px !important;padding-bottom: 20px !important;padding-left: 30px !important;}.vc_custom_1492503693559{margin-bottom: 8px !important;}.vc_custom_1498129733874{margin-bottom: 0px !important;}.vc_custom_1492503910753{margin-bottom: 20px !important;}]]></wp:meta_value>
		</wp:postmeta>
	</item>
</channel>
</rss>
