<?xml version="1.0" encoding="UTF-8" ?>
<!-- This is a WordPress eXtended RSS file generated by WordPress as an export of your site. -->
<!-- It contains information about your site's posts, pages, comments, categories, and other content. -->
<!-- You may use this file to transfer that content from one site to another. -->
<!-- This file is not intended to serve as a complete backup of your site. -->

<!-- To import this information into a WordPress site follow these steps: -->
<!-- 1. Log in to that site as an administrator. -->
<!-- 2. Go to Tools: Import in the WordPress admin panel. -->
<!-- 3. Install the "WordPress" importer from the list. -->
<!-- 4. Activate & Run Importer. -->
<!-- 5. Upload this file using the form provided on that page. -->
<!-- 6. You will first be asked to map the authors in this export file to users -->
<!--    on the site. For each author, you may choose to map to an -->
<!--    existing user on the site or to create a new user. -->
<!-- 7. WordPress will then import each of the posts, pages, comments, categories, etc. -->
<!--    contained in this file into your site. -->

	<!-- generator="WordPress/5.4.2" created="2020-07-02 12:29" -->
<rss version="2.0"
	xmlns:excerpt="http://wordpress.org/export/1.2/excerpt/"
	xmlns:content="http://purl.org/rss/1.0/modules/content/"
	xmlns:wfw="http://wellformedweb.org/CommentAPI/"
	xmlns:dc="http://purl.org/dc/elements/1.1/"
	xmlns:wp="http://wordpress.org/export/1.2/"
>

<channel>
	<title>Woodmart dummy demos</title>
	<link>http://dummy.xtemos.com/woodmart-elementor/demos</link>
	<description>Just another Woodmart Dummy Content Sites site</description>
	<pubDate>Thu, 02 Jul 2020 12:29:40 +0000</pubDate>
	<language>en-US</language>
	<wp:wxr_version>1.2</wp:wxr_version>
	<wp:base_site_url>http://dummy.xtemos.com/woodmart-elementor/</wp:base_site_url>
	<wp:base_blog_url>http://dummy.xtemos.com/woodmart-elementor/demos</wp:base_blog_url>

		<wp:author><wp:author_id>2</wp:author_id><wp:author_login>erwin</wp:author_login><wp:author_email>ss@asas.as</wp:author_email><wp:author_display_name><![CDATA[erwin]]></wp:author_display_name><wp:author_first_name><![CDATA[]]></wp:author_first_name><wp:author_last_name><![CDATA[]]></wp:author_last_name></wp:author>

				
	<generator>https://wordpress.org/?v=5.4.2</generator>

		<item>
		<title>
				Home basic		</title>
		<link>http://dummy.xtemos.com/woodmart-elementor/demos/home-basic/</link>
		<pubDate>Fri, 23 Jun 2017 13:55:27 +0000</pubDate>
		<dc:creator><![CDATA[erwin]]></dc:creator>
		<guid isPermaLink="false">http://dummy.xtemos.com/woodmart-elementor/demos/?page_id=559</guid>
		<description></description>
		<content:encoded><![CDATA[<article id="post-90">
		<header>
							<figure>
						<a href="http://dummy.xtemos.com/woodmart-elementor/demos/2017/06/14/non-vestibulum-lacus-sociosqu/">
							<img width="1140" height="696" src="http://dummy.xtemos.com/woodmart-elementor/demos/wp-content/uploads/sites/2/2017/06/wood-blog-placeholder.jpg" alt="" />						</a>
				</figure>
					14				
					Jun				
				</header><!-- .entry-header -->
							<a href="http://dummy.xtemos.com/woodmart-elementor/demos/category/furniture/" rel="category tag">Furniture</a>
							<h3>
					<a href="http://dummy.xtemos.com/woodmart-elementor/demos/2017/06/14/non-vestibulum-lacus-sociosqu/" rel="bookmark">Non vestibulum lacus sociosqu</a>
				</h3>
								<ul>
										<li>June 14, 2017</li>
																<li>
															Posted by																						<img alt='author-avatar' src='http://2.gravatar.com/avatar/e2861dedf067ea2500566d0269cf9e64?s=32&#038;d=mm&#038;r=g' class='avatar avatar-32 photo' height='32' width='32' />														<a href="http://dummy.xtemos.com/woodmart-elementor/demos/author/admin/" rel="author">
									admin
							</a>
						</li>
																																																			<li>
														<a href="http://dummy.xtemos.com/woodmart-elementor/demos/2017/06/14/non-vestibulum-lacus-sociosqu/#respond">0 comments</a>						</li>
																						</ul>
						<!-- .entry-meta -->
									<a rel="nofollow noopener noreferrer" href="https://www.facebook.com/sharer/sharer.php?u=http://dummy.xtemos.com/woodmart-elementor/demos/2017/06/14/non-vestibulum-lacus-sociosqu/" target="_blank">
						Facebook
					</a>
									<a rel="nofollow noopener noreferrer" href="https://twitter.com/share?url=http://dummy.xtemos.com/woodmart-elementor/demos/2017/06/14/non-vestibulum-lacus-sociosqu/" target="_blank">
						Twitter
					</a>
									<a rel="nofollow noopener noreferrer" href="https://pinterest.com/pin/create/button/?url=http://dummy.xtemos.com/woodmart-elementor/demos/2017/06/14/non-vestibulum-lacus-sociosqu/&amp;media=http://dummy.xtemos.com/woodmart-elementor/demos/wp-content/uploads/sites/2/2017/06/wood-blog-placeholder.jpg&amp;description=Non+vestibulum+lacus+sociosqu" target="_blank">
						Pinterest
					</a>
									<a rel="nofollow noopener noreferrer" href="https://www.linkedin.com/shareArticle?mini=true&amp;url=http://dummy.xtemos.com/woodmart-elementor/demos/2017/06/14/non-vestibulum-lacus-sociosqu/" target="_blank">
						linkedin
					</a>
									<a rel="nofollow noopener noreferrer" href="https://telegram.me/share/url?url=http://dummy.xtemos.com/woodmart-elementor/demos/2017/06/14/non-vestibulum-lacus-sociosqu/" target="_blank">
						Telegram
					</a>
					<p>
Ac haca ullamcorper donec ante habi tasse donec imperdiet eturpis varius per a augue magna hac. Nec hac et vestibulum duis a tincidunt per a aptent interdum purus feugiat a id aliquet erat himenaeos nunc torquent euismod adipiscing adipiscing dui gravida justo. Ultrices ut parturient morbi sit adipiscing</p>
<p><a href="http://dummy.xtemos.com/woodmart-elementor/demos/2017/06/14/non-vestibulum-lacus-sociosqu/">Continue reading</a></p>
				<!-- .entry-content -->
</article><!-- #post -->
<article id="post-105">
		<header>
							<figure>
						<a href="http://dummy.xtemos.com/woodmart-elementor/demos/2017/06/14/green-interior-design-inspiration/">
							<img width="1140" height="696" src="http://dummy.xtemos.com/woodmart-elementor/demos/wp-content/uploads/sites/2/2017/06/wood-blog-placeholder.jpg" alt="" />						</a>
				</figure>
					14				
					Jun				
				</header><!-- .entry-header -->
							<a href="http://dummy.xtemos.com/woodmart-elementor/demos/category/design-trends/" rel="category tag">Design trends</a>
							<h3>
					<a href="http://dummy.xtemos.com/woodmart-elementor/demos/2017/06/14/green-interior-design-inspiration/" rel="bookmark">Green interior design inspiration</a>
				</h3>
								<ul>
										<li>June 14, 2017</li>
																<li>
															Posted by																						<img alt='author-avatar' src='http://2.gravatar.com/avatar/e2861dedf067ea2500566d0269cf9e64?s=32&#038;d=mm&#038;r=g' class='avatar avatar-32 photo' height='32' width='32' />														<a href="http://dummy.xtemos.com/woodmart-elementor/demos/author/admin/" rel="author">
									admin
							</a>
						</li>
																																																			<li>
														<a href="http://dummy.xtemos.com/woodmart-elementor/demos/2017/06/14/green-interior-design-inspiration/#respond">0 comments</a>						</li>
																						</ul>
						<!-- .entry-meta -->
									<a rel="nofollow noopener noreferrer" href="https://www.facebook.com/sharer/sharer.php?u=http://dummy.xtemos.com/woodmart-elementor/demos/2017/06/14/green-interior-design-inspiration/" target="_blank">
						Facebook
					</a>
									<a rel="nofollow noopener noreferrer" href="https://twitter.com/share?url=http://dummy.xtemos.com/woodmart-elementor/demos/2017/06/14/green-interior-design-inspiration/" target="_blank">
						Twitter
					</a>
									<a rel="nofollow noopener noreferrer" href="https://pinterest.com/pin/create/button/?url=http://dummy.xtemos.com/woodmart-elementor/demos/2017/06/14/green-interior-design-inspiration/&amp;media=http://dummy.xtemos.com/woodmart-elementor/demos/wp-content/uploads/sites/2/2017/06/wood-blog-placeholder.jpg&amp;description=Green+interior+design+inspiration" target="_blank">
						Pinterest
					</a>
									<a rel="nofollow noopener noreferrer" href="https://www.linkedin.com/shareArticle?mini=true&amp;url=http://dummy.xtemos.com/woodmart-elementor/demos/2017/06/14/green-interior-design-inspiration/" target="_blank">
						linkedin
					</a>
									<a rel="nofollow noopener noreferrer" href="https://telegram.me/share/url?url=http://dummy.xtemos.com/woodmart-elementor/demos/2017/06/14/green-interior-design-inspiration/" target="_blank">
						Telegram
					</a>
					<p>
<em>Vivamus enim sagittis aptent hac mi dui a per aptent suspendisse cras odio bibendum augue rhoncus laoreet dui praesent sodales sodales. Dignissim fusce ullamcorper volutpat habitasse tincidunt parturient enim tempor facilisi nostra lobortis proin primis litora. Scelerisque a diam a vestibulum nibh sit senectus fringilla bibendum vestibulum.</em></p>
<p><a href="http://dummy.xtemos.com/woodmart-elementor/demos/2017/06/14/green-interior-design-inspiration/">Continue reading</a></p>
				<!-- .entry-content -->
</article><!-- #post -->
<article id="post-116">
		<header>
							<figure>
						<a href="http://dummy.xtemos.com/woodmart-elementor/demos/2017/06/14/minimalist-design-furniture-2016/">
							<img width="1140" height="696" src="http://dummy.xtemos.com/woodmart-elementor/demos/wp-content/uploads/sites/2/2017/06/wood-blog-placeholder.jpg" alt="" />						</a>
				</figure>
					14				
					Jun				
				</header><!-- .entry-header -->
							<a href="http://dummy.xtemos.com/woodmart-elementor/demos/category/furniture/" rel="category tag">Furniture</a>
							<h3>
					<a href="http://dummy.xtemos.com/woodmart-elementor/demos/2017/06/14/minimalist-design-furniture-2016/" rel="bookmark">Minimalist design furniture 2016</a>
				</h3>
								<ul>
										<li>June 14, 2017</li>
																<li>
															Posted by																						<img alt='author-avatar' src='http://2.gravatar.com/avatar/e2861dedf067ea2500566d0269cf9e64?s=32&#038;d=mm&#038;r=g' class='avatar avatar-32 photo' height='32' width='32' />														<a href="http://dummy.xtemos.com/woodmart-elementor/demos/author/admin/" rel="author">
									admin
							</a>
						</li>
																																																			<li>
														<a href="http://dummy.xtemos.com/woodmart-elementor/demos/2017/06/14/minimalist-design-furniture-2016/#respond">0 comments</a>						</li>
																						</ul>
						<!-- .entry-meta -->
									<a rel="nofollow noopener noreferrer" href="https://www.facebook.com/sharer/sharer.php?u=http://dummy.xtemos.com/woodmart-elementor/demos/2017/06/14/minimalist-design-furniture-2016/" target="_blank">
						Facebook
					</a>
									<a rel="nofollow noopener noreferrer" href="https://twitter.com/share?url=http://dummy.xtemos.com/woodmart-elementor/demos/2017/06/14/minimalist-design-furniture-2016/" target="_blank">
						Twitter
					</a>
									<a rel="nofollow noopener noreferrer" href="https://pinterest.com/pin/create/button/?url=http://dummy.xtemos.com/woodmart-elementor/demos/2017/06/14/minimalist-design-furniture-2016/&amp;media=http://dummy.xtemos.com/woodmart-elementor/demos/wp-content/uploads/sites/2/2017/06/wood-blog-placeholder.jpg&amp;description=Minimalist+design+furniture+2016" target="_blank">
						Pinterest
					</a>
									<a rel="nofollow noopener noreferrer" href="https://www.linkedin.com/shareArticle?mini=true&amp;url=http://dummy.xtemos.com/woodmart-elementor/demos/2017/06/14/minimalist-design-furniture-2016/" target="_blank">
						linkedin
					</a>
									<a rel="nofollow noopener noreferrer" href="https://telegram.me/share/url?url=http://dummy.xtemos.com/woodmart-elementor/demos/2017/06/14/minimalist-design-furniture-2016/" target="_blank">
						Telegram
					</a>
					<p>
A taciti cras scelerisque scelerisque gravida natoque nulla vestibulum turpis primis adipiscing faucibus scelerisque adipiscing aliquet pretium. Et iaculis mi velit tincidunt vestibulum a duis tempor non magna ultrices porta malesuada ullamcorper scelerisque parturient himenaeos iaculis sit. Scelerisque sociosqu ullamcorper urna nisl mollis vestibulum pretium commodo inceptos.</p>
<p><a href="http://dummy.xtemos.com/woodmart-elementor/demos/2017/06/14/minimalist-design-furniture-2016/">Continue reading</a></p>
				<!-- .entry-content -->
</article><!-- #post -->
<article id="post-122">
		<header>
							<figure>
						<a href="http://dummy.xtemos.com/woodmart-elementor/demos/2017/06/14/reinterprets-the-classic-bookshelf/">
							<img width="1140" height="696" src="http://dummy.xtemos.com/woodmart-elementor/demos/wp-content/uploads/sites/2/2017/06/wood-blog-placeholder.jpg" alt="" />						</a>
				</figure>
					14				
					Jun				
				</header><!-- .entry-header -->
							<a href="http://dummy.xtemos.com/woodmart-elementor/demos/category/decoration/" rel="category tag">Decoration</a>
							<h3>
					<a href="http://dummy.xtemos.com/woodmart-elementor/demos/2017/06/14/reinterprets-the-classic-bookshelf/" rel="bookmark">Reinterprets the classic bookshelf</a>
				</h3>
								<ul>
										<li>June 14, 2017</li>
																<li>
															Posted by																						<img alt='author-avatar' src='http://2.gravatar.com/avatar/e2861dedf067ea2500566d0269cf9e64?s=32&#038;d=mm&#038;r=g' class='avatar avatar-32 photo' height='32' width='32' />														<a href="http://dummy.xtemos.com/woodmart-elementor/demos/author/admin/" rel="author">
									admin
							</a>
						</li>
																																																			<li>
														<a href="http://dummy.xtemos.com/woodmart-elementor/demos/2017/06/14/reinterprets-the-classic-bookshelf/#respond">0 comments</a>						</li>
																						</ul>
						<!-- .entry-meta -->
									<a rel="nofollow noopener noreferrer" href="https://www.facebook.com/sharer/sharer.php?u=http://dummy.xtemos.com/woodmart-elementor/demos/2017/06/14/reinterprets-the-classic-bookshelf/" target="_blank">
						Facebook
					</a>
									<a rel="nofollow noopener noreferrer" href="https://twitter.com/share?url=http://dummy.xtemos.com/woodmart-elementor/demos/2017/06/14/reinterprets-the-classic-bookshelf/" target="_blank">
						Twitter
					</a>
									<a rel="nofollow noopener noreferrer" href="https://pinterest.com/pin/create/button/?url=http://dummy.xtemos.com/woodmart-elementor/demos/2017/06/14/reinterprets-the-classic-bookshelf/&amp;media=http://dummy.xtemos.com/woodmart-elementor/demos/wp-content/uploads/sites/2/2017/06/wood-blog-placeholder.jpg&amp;description=Reinterprets+the+classic+bookshelf" target="_blank">
						Pinterest
					</a>
									<a rel="nofollow noopener noreferrer" href="https://www.linkedin.com/shareArticle?mini=true&amp;url=http://dummy.xtemos.com/woodmart-elementor/demos/2017/06/14/reinterprets-the-classic-bookshelf/" target="_blank">
						linkedin
					</a>
									<a rel="nofollow noopener noreferrer" href="https://telegram.me/share/url?url=http://dummy.xtemos.com/woodmart-elementor/demos/2017/06/14/reinterprets-the-classic-bookshelf/" target="_blank">
						Telegram
					</a>
					<p>
Aliquet parturient scele risque scele risque nibh pretium parturient suspendisse platea sapien torquent feugiat parturient hac amet. Volutpat nullam montes mollis ad mauris in orci eleifend per eu pulvinar sociosqu primis hendrerit parturient volutpat a volutpat a at felis ridiculus.</p>
<p><a href="http://dummy.xtemos.com/woodmart-elementor/demos/2017/06/14/reinterprets-the-classic-bookshelf/">Continue reading</a></p>
				<!-- .entry-content -->
</article><!-- #post -->
				 <!-- end product-items -->
			 <!-- end #carousel-292 -->
<h4 style="text-align: center;margin-bottom: 0"><strong>INSTAGRAM</strong></h4>
<h6 style="text-align: center;margin-bottom: 10px">@NAME_ACCOUNT</h6>
<p style="text-align: center">Lorem ipsum dolor sit amet, consectetur adipiscing elit, sed do eiusmod tempor.</p>
								<a href="//www.instagram.com/p/CCFadXhDg5e/" target="_blank" rel="noopener noreferrer"></a>
																	<img src="//instagram.fckc1-1.fna.fbcdn.net/v/t51.2885-15/sh0.08/e35/s640x640/105973460_706231716588883_89654043532565437_n.jpg?_nc_ht=instagram.fckc1-1.fna.fbcdn.net&#038;_nc_cat=107&#038;_nc_ohc=nsi_RBV1O54AX9yYdpe&#038;oh=66b7aa7d794607055d4d8475f6871dd0&#038;oe=5F279D9B" />																
								<a href="//www.instagram.com/p/CCAhrIQDldx/" target="_blank" rel="noopener noreferrer"></a>
																	<img src="//instagram.fckc1-1.fna.fbcdn.net/v/t51.2885-15/sh0.08/e35/s640x640/106244571_721787935320446_3185810749354776722_n.jpg?_nc_ht=instagram.fckc1-1.fna.fbcdn.net&#038;_nc_cat=102&#038;_nc_ohc=z3VeZMdvt0UAX8uBlZv&#038;oh=3d3b7b98e0527f1eb55d6da9bfe4ff92&#038;oe=5F26FC7D" />																
								<a href="//www.instagram.com/p/CB7S2dZj8TN/" target="_blank" rel="noopener noreferrer"></a>
																	<img src="//instagram.fckc1-1.fna.fbcdn.net/v/t51.2885-15/sh0.08/e35/s640x640/106234844_350578562591762_6915236337594447392_n.jpg?_nc_ht=instagram.fckc1-1.fna.fbcdn.net&#038;_nc_cat=102&#038;_nc_ohc=RwQDmzXGaAAAX9mjQhD&#038;oh=91db919f2d44bc520aaf1839aaf907a6&#038;oe=5F2692BC" />																
								<a href="//www.instagram.com/p/CBwW2KlDiFQ/" target="_blank" rel="noopener noreferrer"></a>
																	<img src="//instagram.fckc1-1.fna.fbcdn.net/v/t51.2885-15/sh0.08/e35/s640x640/105962240_289194715601864_8005374099652506640_n.jpg?_nc_ht=instagram.fckc1-1.fna.fbcdn.net&#038;_nc_cat=108&#038;_nc_ohc=TYpEXMkdRYwAX_ZY4pL&#038;oh=d28379149844ffc3b46fe96fdf90adf1&#038;oe=5F27C1CA" />																
								<a href="//www.instagram.com/p/CBwVRWrDY7i/" target="_blank" rel="noopener noreferrer"></a>
																	<img src="//instagram.fckc1-1.fna.fbcdn.net/v/t51.2885-15/sh0.08/e35/s640x640/104283347_142611427425117_5071680066474421786_n.jpg?_nc_ht=instagram.fckc1-1.fna.fbcdn.net&#038;_nc_cat=109&#038;_nc_ohc=_V8YBHb_mhkAX8uXIiD&#038;oh=8fcfcacad25e35a4c69b3e1585d00f68&#038;oe=5F25B337" />																
								<a href="//www.instagram.com/p/CBsHbAaDa0g/" target="_blank" rel="noopener noreferrer"></a>
																	<img src="//instagram.fckc1-1.fna.fbcdn.net/v/t51.2885-15/sh0.08/e35/s640x640/104436530_1201177480223515_3974428564520518590_n.jpg?_nc_ht=instagram.fckc1-1.fna.fbcdn.net&#038;_nc_cat=107&#038;_nc_ohc=yyRbV2u6NxEAX8SnuKZ&#038;oh=ff81cd147fb0966fa99f0eb46cd7ffa3&#038;oe=5F25DF2E" />																
								<a href="//www.instagram.com/p/CBpvaopDayV/" target="_blank" rel="noopener noreferrer"></a>
																	<img src="//instagram.fckc1-1.fna.fbcdn.net/v/t51.2885-15/sh0.08/e35/s640x640/104176367_890362504804923_4471110202786906214_n.jpg?_nc_ht=instagram.fckc1-1.fna.fbcdn.net&#038;_nc_cat=103&#038;_nc_ohc=C8zJG7sByBAAX9StFm5&#038;oh=db81d3eebc45ad9e5a08f0031409629f&#038;oe=5F2759C4" />																
								<a href="//www.instagram.com/p/CBm7WEhjIvc/" target="_blank" rel="noopener noreferrer"></a>
																	<img src="//instagram.fckc1-1.fna.fbcdn.net/v/t51.2885-15/sh0.08/e35/s640x640/104433652_218043519156801_798687274859778955_n.jpg?_nc_ht=instagram.fckc1-1.fna.fbcdn.net&#038;_nc_cat=109&#038;_nc_ohc=XZTP8h9IyqsAX_pk58i&#038;oh=90a35a6a5159950fbe884b1a6f142434&#038;oe=5F26FE8E" />																
								<a href="//www.instagram.com/p/CBjxh3kDKl1/" target="_blank" rel="noopener noreferrer"></a>
																	<img src="//instagram.fckc1-1.fna.fbcdn.net/v/t51.2885-15/sh0.08/e35/s640x640/103963727_1054348904979920_481834598273296892_n.jpg?_nc_ht=instagram.fckc1-1.fna.fbcdn.net&#038;_nc_cat=108&#038;_nc_ohc=R8RU6ViD1rMAX8_v3XI&#038;oh=f756dffd98b8ad361833d9a4257ef263&#038;oe=5F2777C4" />																
								<a href="//www.instagram.com/p/CBhve1HjmCk/" target="_blank" rel="noopener noreferrer"></a>
																	<img src="//instagram.fckc1-1.fna.fbcdn.net/v/t51.2885-15/sh0.08/e35/s640x640/103856661_170682197825648_5611471811290566193_n.jpg?_nc_ht=instagram.fckc1-1.fna.fbcdn.net&#038;_nc_cat=108&#038;_nc_ohc=lPjh_dUSdDsAX9tKSFs&#038;oh=daae63a915385a7f6476c8c69285824c&#038;oe=5F27520E" />																
								<a href="//www.instagram.com/p/CBhG3PWDNe0/" target="_blank" rel="noopener noreferrer"></a>
																	<img src="//instagram.fckc1-1.fna.fbcdn.net/v/t51.2885-15/sh0.08/e35/s640x640/82391294_694212831137363_2692866883482151370_n.jpg?_nc_ht=instagram.fckc1-1.fna.fbcdn.net&#038;_nc_cat=111&#038;_nc_ohc=5DoTkW2nRfUAX-pYPAi&#038;oh=0b2fcf0b0bdfc149d160a5b7f81a2deb&#038;oe=5F27CAD7" />																
								<a href="//www.instagram.com/p/CBXCH9oD-K4/" target="_blank" rel="noopener noreferrer"></a>
																	<img src="//instagram.fckc1-1.fna.fbcdn.net/v/t51.2885-15/sh0.08/e35/s640x640/103283019_2369278260043951_4024575983316196445_n.jpg?_nc_ht=instagram.fckc1-1.fna.fbcdn.net&#038;_nc_cat=107&#038;_nc_ohc=E_bjYrXwe3sAX-_LuNi&#038;oh=5e61a79794b465a50218811a57b623bf&#038;oe=5F27C517" />]]></content:encoded>
		<excerpt:encoded><![CDATA[]]></excerpt:encoded>
		<wp:post_id>559</wp:post_id>
		<wp:post_date>2017-06-23 13:55:27</wp:post_date>
		<wp:post_date_gmt>2017-06-23 13:55:27</wp:post_date_gmt>
		<wp:comment_status>closed</wp:comment_status>
		<wp:ping_status>closed</wp:ping_status>
		<wp:post_name>home-basic</wp:post_name>
		<wp:status>publish</wp:status>
		<wp:post_parent>0</wp:post_parent>
		<wp:menu_order>0</wp:menu_order>
		<wp:post_type>page</wp:post_type>
		<wp:post_password></wp:post_password>
		<wp:is_sticky>0</wp:is_sticky>
														<wp:postmeta>
			<wp:meta_key>_wp_page_template</wp:meta_key>
			<wp:meta_value><![CDATA[default]]></wp:meta_value>
		</wp:postmeta>
							<wp:postmeta>
			<wp:meta_key>_woodmart_header_color_scheme</wp:meta_key>
			<wp:meta_value><![CDATA[inherit]]></wp:meta_value>
		</wp:postmeta>
							<wp:postmeta>
			<wp:meta_key>_woodmart_main_layout</wp:meta_key>
			<wp:meta_value><![CDATA[full-width]]></wp:meta_value>
		</wp:postmeta>
							<wp:postmeta>
			<wp:meta_key>_woodmart_title_off</wp:meta_key>
			<wp:meta_value><![CDATA[on]]></wp:meta_value>
		</wp:postmeta>
							<wp:postmeta>
			<wp:meta_key>_woodmart_prefooter_off</wp:meta_key>
			<wp:meta_value><![CDATA[on]]></wp:meta_value>
		</wp:postmeta>
							<wp:postmeta>
			<wp:meta_key>_elementor_data</wp:meta_key>
			<wp:meta_value><![CDATA[[{"id":"2706929","elType":"section","settings":{"wd_section_stretch":"stretch-content","gap":"no","margin":{"unit":"px","top":"-40","right":"0","bottom":"10","left":"0","isLinked":""},"padding":{"unit":"px","top":"0","right":"0","bottom":"0","left":"0","isLinked":"1"}},"elements":[{"id":"2768748","elType":"column","settings":{"_column_size":"100","column_sticky_offset":"50","scroll_y":"-80"},"elements":[{"id":"8813899","elType":"widget","settings":{"shortcode":"[rev_slider alias=\"layout-basic\"][\/rev_slider]","revslidertitle":"layout-basic","scroll_y":"-80"},"elements":[],"widgetType":"slider_revolution"}],"isInner":""}],"isInner":""},{"id":"5135011","elType":"section","settings":{"structure":"30","margin":{"unit":"px","top":"0","right":"0","bottom":"70","left":"0","isLinked":""},"margin_mobile":{"unit":"px","top":"0","right":"0","bottom":"60","left":"0","isLinked":""}},"elements":[{"id":"9508273","elType":"column","settings":{"_column_size":"33","_inline_size_tablet":"50","column_sticky_offset":"50","scroll_y":"-80"},"elements":[{"id":"6905739","elType":"widget","settings":{"align":"left","image_size":"full","title":"Sofa\r\nLounge ","subtitle":"","content":"Iaculis velit dictum ligula\r\nelementum diam.","btn_text":"Read more","hover":"zoom","woodmart_color_scheme":"dark","image_custom_dimension":{"width":"800","height":"600"},"image":{"id":"564","url":"#"},"width":{"size":"50","unit":"%"},"btn_style":"bordered","btn_size":"small","title_size":"large","text_alignment":"center","horizontal_alignment":"right","vertical_alignment":"middle","scroll_y":"-80"},"elements":[],"widgetType":"wd_banner"}],"isInner":""},{"id":"9600673","elType":"column","settings":{"_column_size":"33","_inline_size_tablet":"50","column_sticky_offset":"50","scroll_y":"-80"},"elements":[{"id":"3323719","elType":"widget","settings":{"align":"left","image_size":"full","title":"Side\r\nTables","subtitle":"","content":"Vesti parturient sapien\r\na curabitur elit.","btn_text":"Read more","hover":"zoom","woodmart_color_scheme":"dark","image_custom_dimension":{"width":"800","height":"600"},"image":{"id":"564","url":"#"},"width":{"size":"50","unit":"%"},"btn_style":"bordered","btn_size":"small","title_size":"large","text_alignment":"center","horizontal_alignment":"right","vertical_alignment":"middle","scroll_y":"-80"},"elements":[],"widgetType":"wd_banner"}],"isInner":""},{"id":"3764154","elType":"column","settings":{"_column_size":"33","hide_tablet":"hidden-tablet","column_sticky_offset":"50","scroll_y":"-80"},"elements":[{"id":"4363836","elType":"widget","settings":{"align":"left","image_size":"full","title":"Chair\r\nOrgone","subtitle":"","content":"A eleifend proin diam ligula augue ntum posuere.","btn_text":"Read more","hover":"zoom","woodmart_color_scheme":"dark","image_custom_dimension":{"width":"800","height":"600"},"image":{"id":"564","url":"#"},"width":{"size":"52","unit":"%"},"btn_style":"bordered","btn_size":"small","title_size":"large","text_alignment":"center","horizontal_alignment":"right","vertical_alignment":"middle","scroll_y":"-80"},"elements":[],"widgetType":"wd_banner"}],"isInner":""}],"isInner":""},{"id":"7718825","elType":"section","settings":{"margin":{"unit":"px","top":"0","right":"0","bottom":"65","left":"0","isLinked":""},"margin_tablet":{"unit":"px","top":"0","right":"0","bottom":"55","left":"0","isLinked":""},"margin_mobile":{"unit":"px","top":"0","right":"0","bottom":"50","left":"0","isLinked":""}},"elements":[{"id":"5221676","elType":"column","settings":{"_column_size":"100","column_sticky_offset":"50","scroll_y":"-80"},"elements":[{"id":"5341117","elType":"widget","settings":{"subtitle":"<strong>WOODMART COLLECTIONS<\/strong>","after_title":"WoodMart is a powerful eCommerce theme for WordPress.","image_size":"custom","style":"underlined","color":"primary","size":"medium","title":"BROWSE OUR CATEGORIES","subtitle_typography_typography":"custom","subtitle_typography_font_size_mobile":{"unit":"px","size":"12","sizes":[]},"title_typography_typography":"custom","title_typography_font_size_mobile":{"unit":"px","size":"20","sizes":[]},"_margin":{"unit":"px","top":"0","right":"0","bottom":"10","left":"0","isLinked":""},"scroll_y":"-80"},"elements":[],"widgetType":"wd_title"},{"id":"5371210","elType":"widget","settings":{"orderby":"date","order":"ASC","style":"carousel","categories_design":"alt","spacing":"20","slides_per_view":{"size":"4","unit":"px","sizes":[]},"number":"6","ids":[""],"scroll_y":"-80"},"elements":[],"widgetType":"wd_product_categories"}],"isInner":""}],"isInner":""},{"id":"7314816","elType":"section","settings":{"margin":{"unit":"px","top":"0","right":"0","bottom":"70","left":"0","isLinked":""},"margin_mobile":{"unit":"px","top":"0","right":"0","bottom":"45","left":"0","isLinked":""}},"elements":[{"id":"2820293","elType":"column","settings":{"_column_size":"100","column_sticky_offset":"50","scroll_y":"-80"},"elements":[{"id":"9394705","elType":"widget","settings":{"subtitle":"<strong>WOODMART COLLECTIONS<\/strong>","after_title":"WoodMart is a powerful eCommerce theme for WordPress.","image_size":"custom","style":"underlined","color":"primary","size":"medium","title":" BEST SELLING PRODUCTS","subtitle_typography_typography":"custom","subtitle_typography_font_size_mobile":{"unit":"px","size":"12","sizes":[]},"title_typography_typography":"custom","title_typography_font_size_mobile":{"unit":"px","size":"20","sizes":[]},"_margin":{"unit":"px","top":"0","right":"0","bottom":"10","left":"0","isLinked":""},"scroll_y":"-80"},"elements":[],"widgetType":"wd_title"},{"id":"5166498","elType":"widget","settings":{"title":"","spacing":"20","layout":"carousel","items_per_page":"5","product_hover":"quick","slides_per_view":{"size":"4","unit":"px","sizes":[]},"orderby":"post__in","scroll_y":"-80"},"elements":[],"widgetType":"wd_products"}],"isInner":""}],"isInner":""},{"id":"4228391","elType":"section","settings":{"wd_section_stretch":"stretch","content_position":"middle","video_bg":"yes","video_bg_url":"https:\/\/www.youtube.com\/watch?v=lR3spOdggNc","woodmart_gradient_switch":"yes","background_background":"video","background_color":"#0a0a0a","background_size":"cover","background_repeat":"no-repeat","woodmart_color_gradient":"rgba(0, 0, 0, 0.1)-0\/rgba(0, 0, 0, 0.1)-100\/|linear-gradient(left , rgba(0, 0, 0, 0.1) , rgba(0, 0, 0, 0.1) 100%)|linear|left","el_class":"opacity-video-bg","structure":"30","margin":{"unit":"px","top":"0","right":"0","bottom":"75","left":"0","isLinked":""},"margin_mobile":{"unit":"px","top":"0","right":"0","bottom":"60","left":"0","isLinked":""},"padding":{"unit":"px","top":"140","right":"30","bottom":"140","left":"30","isLinked":""},"padding_mobile":{"unit":"px","top":"70","right":"0","bottom":"70","left":"0","isLinked":""},"background_video_link":"https:\/\/www.youtube.com\/watch?v=lR3spOdggNc"},"elements":[{"id":"946cf16","elType":"column","settings":{"_column_size":"33","_inline_size":"16","column_sticky_offset":"50","scroll_y":"-80"},"elements":[],"isInner":""},{"id":"370917","elType":"column","settings":{"_column_size":"33","_inline_size":"67.332","wd_color_scheme":"light","_inline_size_tablet":"100","border_width":{"top":"5","left":"5","right":"5","bottom":"5","unit":"px","isLinked":""},"border_border":"solid","border_color":"rgba(255,255,255,0.15)","margin_tablet":{"unit":"%","top":"0","right":"10","bottom":"0","left":"10","isLinked":""},"margin_mobile":{"unit":"px","top":"0","right":"0","bottom":"0","left":"0","isLinked":"1"},"padding":{"unit":"px","top":"80","right":"15","bottom":"80","left":"15","isLinked":""},"column_sticky_offset":"50","scroll_y":"-80"},"elements":[{"id":"2902482","elType":"widget","settings":{"subtitle":"LAOREET IN VITAE AMET","after_title":"Lorem ipsum dolor sit amet, consectetuer adipiscing elit, sed diam.","image_size":"custom","color":"white","size":"large","title":"HEY YOU, SIGN UP AND\r\nCONNECT TO WOODMART!","subtitle_typography_typography":"custom","subtitle_typography_font_size":{"unit":"px","size":"18","sizes":[]},"subtitle_typography_font_weight":"600","_margin":{"unit":"px","top":"0","right":"0","bottom":"10","left":"0","isLinked":""},"scroll_y":"-80"},"elements":[],"widgetType":"wd_title"},{"id":"dc53af0","elType":"widget","settings":{"form_id":"74","content_width":{"unit":"px","size":"400","sizes":[]},"scroll_y":"-80"},"elements":[],"widgetType":"wd_mailchimp"},{"id":"4699509","elType":"widget","settings":{"typography_typography":"custom","align":"left","editor":"<p style=\"text-align: center\">Will be used in accordance with our \u00a0<span style=\"color: #ffffff\"><strong><a style=\"color: #ffffff\" href=\"#\">Privacy Policy<\/a><\/strong><\/span><\/p>\n","scroll_y":"-80"},"elements":[],"widgetType":"text-editor"},{"id":"9746833","elType":"widget","settings":{"size":"small","style":"bordered","color":"light","scroll_y":"-80"},"elements":[],"widgetType":"wd_social_buttons"}],"isInner":""},{"id":"7188204","elType":"column","settings":{"_column_size":"33","_inline_size":"16","column_sticky_offset":"50","scroll_y":"-80"},"elements":[],"isInner":""}],"isInner":""},{"id":"5877826","elType":"section","settings":{"margin":{"unit":"px","top":"0","right":"0","bottom":"70","left":"0","isLinked":""},"margin_tablet":{"unit":"px","top":"0","right":"0","bottom":"60","left":"0","isLinked":""},"margin_mobile":{"unit":"px","top":"0","right":"0","bottom":"55","left":"0","isLinked":""}},"elements":[{"id":"4975815","elType":"column","settings":{"_column_size":"100","column_sticky_offset":"50","scroll_y":"-80"},"elements":[{"id":"4008225","elType":"widget","settings":{"subtitle":"<strong>WOODMART COLLECTIONS<\/strong>","after_title":"WoodMart is a powerful eCommerce theme for WordPress.","image_size":"custom","style":"underlined","color":"primary","size":"medium","title":"OUT BLOG POSTS","subtitle_typography_typography":"custom","subtitle_typography_font_size_mobile":{"unit":"px","size":"12","sizes":[]},"title_typography_typography":"custom","title_typography_font_size_mobile":{"unit":"px","size":"20","sizes":[]},"scroll_y":"-80"},"elements":[],"widgetType":"wd_title"},{"id":"3788247","elType":"widget","settings":{"blog_spacing":"20","items_per_page":"4","blog_design":"carousel","order":"ASC","slides_per_view":{"size":"3","unit":"px","sizes":[]},"img_size":"full","scroll_y":"-80"},"elements":[],"widgetType":"wd_blog"}],"isInner":""}],"isInner":""},{"id":"4679068","elType":"section","settings":{"wd_section_stretch":"stretch-content","margin":{"unit":"px","top":"0","right":"0","bottom":"-40","left":"0","isLinked":""}},"elements":[{"id":"47395","elType":"column","settings":{"_column_size":"100","column_sticky_offset":"50","scroll_y":"-80"},"elements":[{"id":"6287267","elType":"widget","settings":{"data_source":"ajax","size":"large","target":"_blank","per_row":{"size":"6","unit":"px","sizes":[]},"username":"ozdesignfurniture","number":{"size":"12","unit":"px","sizes":[]},"content":"\r\n<h4 style=\"text-align: center;margin-bottom: 0\"><strong>INSTAGRAM<\/strong><\/h4>\r\n<h6 style=\"text-align: center;margin-bottom: 10px\"><span style=\"color: #c4c4c4\">@NAME_ACCOUNT<\/span><\/h6>\r\n<p style=\"text-align: center\">Lorem ipsum dolor sit amet, consectetur adipiscing elit, sed do eiusmod tempor.<\/p>\r\n","scroll_y":"-80"},"elements":[],"widgetType":"wd_instagram"}],"isInner":""}],"isInner":""}]]]></wp:meta_value>
		</wp:postmeta>
							<wp:postmeta>
			<wp:meta_key>_elementor_edit_mode</wp:meta_key>
			<wp:meta_value><![CDATA[builder]]></wp:meta_value>
		</wp:postmeta>
							<wp:postmeta>
			<wp:meta_key>_elementor_version</wp:meta_key>
			<wp:meta_value><![CDATA[2.9.11]]></wp:meta_value>
		</wp:postmeta>
							<wp:postmeta>
			<wp:meta_key>_elementor_template_type</wp:meta_key>
			<wp:meta_value><![CDATA[wp-page]]></wp:meta_value>
		</wp:postmeta>
							<wp:postmeta>
			<wp:meta_key>_elementor_controls_usage</wp:meta_key>
			<wp:meta_value><![CDATA[a:12:{s:17:"slider_revolution";a:3:{s:5:"count";i:1;s:15:"control_percent";i:2;s:8:"controls";a:2:{s:7:"content";a:1:{s:15:"content_section";a:2:{s:9:"shortcode";i:1;s:14:"revslidertitle";i:1;}}s:8:"advanced";a:1:{s:8:"wd_extra";a:1:{s:8:"scroll_y";i:1;}}}}s:6:"column";a:3:{s:5:"count";i:11;s:15:"control_percent";i:1;s:8:"controls";a:3:{s:8:"advanced";a:3:{s:8:"wd_extra";a:3:{s:20:"column_sticky_offset";i:11;s:8:"scroll_y";i:11;s:15:"wd_color_scheme";i:1;}s:19:"_section_responsive";a:1:{s:11:"hide_tablet";i:1;}s:16:"section_advanced";a:3:{s:13:"margin_tablet";i:1;s:13:"margin_mobile";i:1;s:7:"padding";i:1;}}s:6:"layout";a:1:{s:6:"layout";a:2:{s:19:"_inline_size_tablet";i:3;s:12:"_inline_size";i:3;}}s:5:"style";a:1:{s:14:"section_border";a:3:{s:12:"border_width";i:1;s:13:"border_border";i:1;s:12:"border_color";i:1;}}}}s:7:"section";a:3:{s:5:"count";i:7;s:15:"control_percent";i:1;s:8:"controls";a:3:{s:6:"layout";a:3:{s:15:"wd_extra_layout";a:1:{s:18:"wd_section_stretch";i:3;}s:14:"section_layout";a:2:{s:3:"gap";i:1;s:16:"content_position";i:1;}s:17:"section_structure";a:1:{s:9:"structure";i:2;}}s:8:"advanced";a:1:{s:16:"section_advanced";a:5:{s:6:"margin";i:7;s:7:"padding";i:2;s:13:"margin_mobile";i:5;s:13:"margin_tablet";i:2;s:14:"padding_mobile";i:1;}}s:5:"style";a:1:{s:18:"section_background";a:5:{s:21:"background_background";i:1;s:16:"background_color";i:1;s:15:"background_size";i:1;s:17:"background_repeat";i:1;s:21:"background_video_link";i:1;}}}}s:9:"wd_banner";a:3:{s:5:"count";i:3;s:15:"control_percent";i:5;s:8:"controls";a:3:{s:7:"content";a:3:{s:21:"image_content_section";a:3:{s:10:"image_size";i:3;s:22:"image_custom_dimension";i:3;s:5:"image";i:3;}s:15:"content_section";a:3:{s:5:"title";i:3;s:8:"subtitle";i:3;s:7:"content";i:3;}s:20:"layout_style_section";a:4:{s:5:"width";i:3;s:14:"text_alignment";i:3;s:20:"horizontal_alignment";i:3;s:18:"vertical_alignment";i:3;}}s:5:"style";a:2:{s:21:"general_style_section";a:3:{s:5:"hover";i:3;s:21:"woodmart_color_scheme";i:3;s:10:"title_size";i:3;}s:20:"button_style_section";a:2:{s:9:"btn_style";i:3;s:8:"btn_size";i:3;}}s:8:"advanced";a:1:{s:8:"wd_extra";a:1:{s:8:"scroll_y";i:3;}}}}s:8:"wd_title";a:3:{s:5:"count";i:4;s:15:"control_percent";i:4;s:8:"controls";a:3:{s:7:"content";a:1:{s:23:"general_content_section";a:3:{s:8:"subtitle";i:4;s:11:"after_title";i:4;s:5:"title";i:4;}}s:5:"style";a:3:{s:19:"title_style_section";a:4:{s:10:"image_size";i:4;s:5:"style";i:3;s:27:"title_typography_typography";i:3;s:33:"title_typography_font_size_mobile";i:3;}s:21:"general_style_section";a:2:{s:5:"color";i:4;s:4:"size";i:4;}s:22:"subtitle_style_section";a:4:{s:30:"subtitle_typography_typography";i:4;s:36:"subtitle_typography_font_size_mobile";i:3;s:29:"subtitle_typography_font_size";i:1;s:31:"subtitle_typography_font_weight";i:1;}}s:8:"advanced";a:2:{s:14:"_section_style";a:1:{s:7:"_margin";i:3;}s:8:"wd_extra";a:1:{s:8:"scroll_y";i:4;}}}}s:21:"wd_product_categories";a:3:{s:5:"count";i:1;s:15:"control_percent";i:4;s:8:"controls";a:3:{s:7:"content";a:1:{s:23:"general_content_section";a:4:{s:7:"orderby";i:1;s:5:"order";i:1;s:6:"number";i:1;s:3:"ids";i:1;}}s:5:"style";a:3:{s:20:"layout_style_section";a:2:{s:5:"style";i:1;s:7:"spacing";i:1;}s:20:"design_style_section";a:1:{s:17:"categories_design";i:1;}s:22:"carousel_style_section";a:1:{s:15:"slides_per_view";i:1;}}s:8:"advanced";a:1:{s:8:"wd_extra";a:1:{s:8:"scroll_y";i:1;}}}}s:11:"wd_products";a:3:{s:5:"count";i:1;s:15:"control_percent";i:3;s:8:"controls";a:3:{s:5:"style";a:3:{s:20:"layout_style_section";a:3:{s:7:"spacing";i:1;s:6:"layout";i:1;s:14:"items_per_page";i:1;}s:29:"products_design_style_section";a:1:{s:13:"product_hover";i:1;}s:22:"carousel_style_section";a:1:{s:15:"slides_per_view";i:1;}}s:7:"content";a:1:{s:23:"general_content_section";a:1:{s:7:"orderby";i:1;}}s:8:"advanced";a:1:{s:8:"wd_extra";a:1:{s:8:"scroll_y";i:1;}}}}s:12:"wd_mailchimp";a:3:{s:5:"count";i:1;s:15:"control_percent";i:2;s:8:"controls";a:3:{s:7:"content";a:1:{s:23:"general_content_section";a:1:{s:7:"form_id";i:1;}}s:5:"style";a:1:{s:21:"general_style_section";a:1:{s:13:"content_width";i:1;}}s:8:"advanced";a:1:{s:8:"wd_extra";a:1:{s:8:"scroll_y";i:1;}}}}s:11:"text-editor";a:3:{s:5:"count";i:1;s:15:"control_percent";i:2;s:8:"controls";a:3:{s:5:"style";a:1:{s:13:"section_style";a:2:{s:21:"typography_typography";i:1;s:5:"align";i:1;}}s:7:"content";a:1:{s:14:"section_editor";a:1:{s:6:"editor";i:1;}}s:8:"advanced";a:1:{s:8:"wd_extra";a:1:{s:8:"scroll_y";i:1;}}}}s:17:"wd_social_buttons";a:3:{s:5:"count";i:1;s:15:"control_percent";i:2;s:8:"controls";a:2:{s:5:"style";a:1:{s:21:"general_style_section";a:3:{s:4:"size";i:1;s:5:"style";i:1;s:5:"color";i:1;}}s:8:"advanced";a:1:{s:8:"wd_extra";a:1:{s:8:"scroll_y";i:1;}}}}s:7:"wd_blog";a:3:{s:5:"count";i:1;s:15:"control_percent";i:3;s:8:"controls";a:3:{s:5:"style";a:2:{s:21:"general_style_section";a:4:{s:12:"blog_spacing";i:1;s:14:"items_per_page";i:1;s:11:"blog_design";i:1;s:8:"img_size";i:1;}s:22:"carousel_style_section";a:1:{s:15:"slides_per_view";i:1;}}s:7:"content";a:1:{s:23:"general_content_section";a:1:{s:5:"order";i:1;}}s:8:"advanced";a:1:{s:8:"wd_extra";a:1:{s:8:"scroll_y";i:1;}}}}s:12:"wd_instagram";a:3:{s:5:"count";i:1;s:15:"control_percent";i:4;s:8:"controls";a:3:{s:7:"content";a:2:{s:23:"general_content_section";a:3:{s:11:"data_source";i:1;s:4:"size";i:1;s:8:"username";i:1;}s:15:"content_section";a:2:{s:6:"target";i:1;s:7:"content";i:1;}}s:5:"style";a:1:{s:22:"layout_content_section";a:2:{s:7:"per_row";i:1;s:6:"number";i:1;}}s:8:"advanced";a:1:{s:8:"wd_extra";a:1:{s:8:"scroll_y";i:1;}}}}}]]></wp:meta_value>
		</wp:postmeta>
						</item>
					<item>
		<title>
				banner-home-base-2		</title>
		<link>http://dummy.xtemos.com/woodmart-elementor/demos/home-basic/banner-home-base-2/</link>
		<pubDate>Fri, 23 Jun 2017 14:04:42 +0000</pubDate>
		<dc:creator><![CDATA[erwin]]></dc:creator>
		<guid isPermaLink="false">http://dummy.xtemos.com/woodmart-elementor/demos/wp-content/uploads/sites/2/2017/06/banner-home-base-2.jpg</guid>
		<description></description>
		<content:encoded><![CDATA[]]></content:encoded>
		<excerpt:encoded><![CDATA[]]></excerpt:encoded>
		<wp:post_id>564</wp:post_id>
		<wp:post_date>2017-06-23 14:04:42</wp:post_date>
		<wp:post_date_gmt>2017-06-23 14:04:42</wp:post_date_gmt>
		<wp:comment_status>open</wp:comment_status>
		<wp:ping_status>closed</wp:ping_status>
		<wp:post_name>banner-home-base-2</wp:post_name>
		<wp:status>inherit</wp:status>
		<wp:post_parent>559</wp:post_parent>
		<wp:menu_order>0</wp:menu_order>
		<wp:post_type>attachment</wp:post_type>
		<wp:post_password></wp:post_password>
		<wp:is_sticky>0</wp:is_sticky>
						<wp:attachment_url>http://dummy.xtemos.com/woodmart-elementor/demos/wp-content/uploads/sites/2/2017/06/banner-home-base-2.jpg</wp:attachment_url>
												<wp:postmeta>
			<wp:meta_key>_wp_attached_file</wp:meta_key>
			<wp:meta_value><![CDATA[2017/06/banner-home-base-2.jpg]]></wp:meta_value>
		</wp:postmeta>
						</item>
				</channel>
</rss>
	