<?xml version="1.0" encoding="UTF-8" ?>
<!-- This is a WordPress eXtended RSS file generated by WordPress as an export of your site. -->
<!-- It contains information about your site's posts, pages, comments, categories, and other content. -->
<!-- You may use this file to transfer that content from one site to another. -->
<!-- This file is not intended to serve as a complete backup of your site. -->

<!-- To import this information into a WordPress site follow these steps: -->
<!-- 1. Log in to that site as an administrator. -->
<!-- 2. Go to Tools: Import in the WordPress admin panel. -->
<!-- 3. Install the "WordPress" importer from the list. -->
<!-- 4. Activate & Run Importer. -->
<!-- 5. Upload this file using the form provided on that page. -->
<!-- 6. You will first be asked to map the authors in this export file to users -->
<!--    on the site. For each author, you may choose to map to an -->
<!--    existing user on the site or to create a new user. -->
<!-- 7. WordPress will then import each of the posts, pages, comments, categories, etc. -->
<!--    contained in this file into your site. -->

<!-- generator="WordPress/5.3.4" created="2020-07-13 09:13" -->
<rss version="2.0"
	xmlns:excerpt="http://wordpress.org/export/1.2/excerpt/"
	xmlns:content="http://purl.org/rss/1.0/modules/content/"
	xmlns:wfw="http://wellformedweb.org/CommentAPI/"
	xmlns:dc="http://purl.org/dc/elements/1.1/"
	xmlns:wp="http://wordpress.org/export/1.2/"
>

<channel>
	<title>Woodmart dummy demos</title>
	<link>http://dummy.xtemos.com/woodmart/demos</link>
	<description>Just another Woodmart Dummy Content Sites site</description>
	<pubDate>Mon, 13 Jul 2020 09:13:14 +0000</pubDate>
	<language>en-US</language>
	<wp:wxr_version>1.2</wp:wxr_version>
	<wp:base_site_url>http://dummy.xtemos.com/woodmart/</wp:base_site_url>
	<wp:base_blog_url>http://dummy.xtemos.com/woodmart/demos</wp:base_blog_url>

	<wp:author><wp:author_id>2</wp:author_id><wp:author_login>erwin</wp:author_login><wp:author_email>ss@asas.as</wp:author_email><wp:author_display_name><![CDATA[erwin]]></wp:author_display_name><wp:author_first_name><![CDATA[]]></wp:author_first_name><wp:author_last_name><![CDATA[]]></wp:author_last_name></wp:author>


	<generator>https://wordpress.org/?v=5.3.4</generator>

	<item>
		<title>Home boxed</title>
		<link>http://dummy.xtemos.com/woodmart/demos/home-boxed/</link>
		<pubDate>Sat, 24 Jun 2017 12:45:01 +0000</pubDate>
		<dc:creator><![CDATA[erwin]]></dc:creator>
		<guid isPermaLink="false">http://dummy.xtemos.com/woodmart/demos/?page_id=584</guid>
		<description></description>
		<content:encoded><![CDATA[[vc_row css=".vc_custom_1497525344607{margin-top: -40px !important;margin-bottom: 50px !important;}"][vc_column][rev_slider_vc alias="layout-boxed"][/vc_column][/vc_row][vc_row css=".vc_custom_1497525663205{margin-bottom: 50px !important;}"][vc_column offset="vc_col-lg-4 vc_col-md-offset-0 vc_col-md-4 vc_col-xs-12"][woodmart_info_box icon_type="text" icon_text_size="large" image_alignment="left" title_size="small" icon_text="01." title="CHOOSE PRODUCTS" css=".vc_custom_1497525553144{margin-bottom: 50px !important;padding-right: 10% !important;}"]Due card providers to our credit card prov iders condit.[/woodmart_info_box][/vc_column][vc_column offset="vc_col-lg-4 vc_col-md-4 vc_col-xs-12"][woodmart_info_box icon_type="text" icon_text_size="large" image_alignment="left" title_size="small" icon_text="02." title="PAYMENT &amp; DELIVERY" css=".vc_custom_1497525561438{margin-bottom: 50px !important;padding-right: 10% !important;}"]Due card providers to our credit card prov iders condit.[/woodmart_info_box][/vc_column][vc_column offset="vc_col-lg-4 vc_col-md-4 vc_col-xs-12"][woodmart_info_box icon_type="text" icon_text_size="large" image_alignment="left" title_size="small" icon_text="03." title="HAPPY CUSTOMER" css=".vc_custom_1497525576831{margin-bottom: 50px !important;padding-right: 10% !important;}"]Due card providers to our credit card prov iders condit.[/woodmart_info_box][/vc_column][vc_column][vc_separator color="custom" accent_color="rgba(129,129,129,0.2)" css=".vc_custom_1495974676749{margin-bottom: 0px !important;}"][/vc_column][/vc_row][vc_row content_placement="bottom" css=".vc_custom_1495784593979{margin-bottom: 20px !important;}"][vc_column width="1/2"][woodmart_title size="medium" color="primary" align="left" style="simple" subtitle_font="alt" title="TRENDING PRODUCTS" css=".vc_custom_1495981549614{margin-bottom: 0px !important;}"][/vc_column][vc_column width="1/2" offset="vc_hidden-xs"][woodmart_button color="primary" style="link" align="right" title="VIEW ALL PRODUCTS" link="url:%23|||"][/vc_column][/vc_row][vc_row css=".vc_custom_1497527256413{margin-bottom: 8vh !important;}"][vc_column 0=""][woodmart_products spacing="20" items_per_page="8" pagination="more-btn" order="ASC" columns="4"][/vc_column][/vc_row][vc_row content_placement="top" css=".vc_custom_1497527396855{margin-right: -10px !important;margin-bottom: 5vh !important;margin-left: -10px !important;}"][vc_column css=".vc_custom_1497616461038{margin-bottom: 20px !important;padding-top: 0px !important;padding-right: 10px !important;padding-left: 10px !important;}" offset="vc_col-md-6"][promo_banner image="585" hover="parallax" woodmart_color_scheme="dark" title_size="large" btn_color="black" btn_size="small" horizontal_alignment="right" vertical_alignment="middle" text_alignment="right" content_width="50" alignment="right" btn_text="SHOP NOW" title="TOLOMEO
FLOOR LAMP" link="url:%23|||" img_size="full" subtitle="FOSCARINI" woodmart_css_id="5f0c24ed20cdf" woodmart_empty_space="" hide_btn_tablet="no" hide_btn_mobile="no" increase_spaces="no"]Ut noner velit praesent sagit,
parturient vestibulum.[/promo_banner][/vc_column][vc_column css=".vc_custom_1497616468990{margin-bottom: 20px !important;padding-top: 0px !important;padding-right: 10px !important;padding-left: 10px !important;}" offset="vc_col-md-6"][promo_banner image="585" hover="parallax" woodmart_color_scheme="dark" title_size="large" btn_color="black" btn_size="small" horizontal_alignment="right" vertical_alignment="middle" text_alignment="right" content_width="50" alignment="right" btn_text="SHOP NOW" title="MARION
SIDE TABLE" link="url:%23|||" img_size="full" subtitle="ANDERSEN" woodmart_css_id="5f0c24f9c7d63" woodmart_empty_space="" hide_btn_tablet="no" hide_btn_mobile="no" increase_spaces="no"]Tempus a justo lobortis dis,
suspend porta antere.[/promo_banner][/vc_column][/vc_row][vc_row full_width="stretch_row" css=".vc_custom_1497527598890{margin-bottom: -20px !important;}"][vc_column width="1/2" offset="vc_col-lg-3 vc_col-md-3 vc_col-xs-12" css=".vc_custom_1497527755268{margin-bottom: 30px !important;}"][woodmart_title size="small" align="left" title="NEW PRODUCTS" css=".vc_custom_1490207706221{margin-bottom: 20px !important;}"][woodmart_shortcode_products_widget number="3" ids=""][/vc_column][vc_column width="1/2" offset="vc_col-lg-3 vc_col-md-3 vc_col-xs-12" css=".vc_custom_1497527765375{margin-bottom: 30px !important;}"][woodmart_title size="small" align="left" title="FEATURED" css=".vc_custom_1490207735258{margin-bottom: 20px !important;}"][woodmart_shortcode_products_widget number="3" ids=""][/vc_column][vc_column width="1/2" offset="vc_col-lg-3 vc_col-md-3 vc_col-xs-12" css=".vc_custom_1497527778543{margin-bottom: 30px !important;}"][woodmart_title size="small" align="left" title="RECENT TWEETS" css=".vc_custom_1496069254797{margin-bottom: 20px !important;}"][woodmart_twitter name="envato" num_tweets="2" show_avatar="1" exclude_replies="1" consumer_key="S6kU5b4RcOj0ImsNCoXDBbcou" consumer_secret="VoabFR670SRJFoqyl4xezJjayV77IDvWg2rn7M1wYnIgr4CIwW" access_token="273402566-iG3x1mejOXB081J853qsfkYZMCH68fcoSIDHTuKp" accesstoken_secret="rmVZ49BJJyVCAA0ieTKe2pHPWPAPbVXc9X8vEJtC00cgq"][/vc_column][vc_column width="1/2" offset="vc_col-lg-3 vc_col-md-3 vc_col-xs-12" css=".vc_custom_1497527793143{margin-bottom: 30px !important;}"][woodmart_title size="small" align="left" title="INSTAGRAM" css=".vc_custom_1490207744889{margin-bottom: 20px !important;}"][woodmart_instagram number="9" target="_blank" per_row="3" spacing="1" hide_mask="1" username="ozdesignfurniture"][/woodmart_instagram][/vc_column][/vc_row]]]></content:encoded>
		<excerpt:encoded><![CDATA[]]></excerpt:encoded>
		<wp:post_id>584</wp:post_id>
		<wp:post_date>2017-06-24 12:45:01</wp:post_date>
		<wp:post_date_gmt>2017-06-24 12:45:01</wp:post_date_gmt>
		<wp:comment_status>closed</wp:comment_status>
		<wp:ping_status>closed</wp:ping_status>
		<wp:post_name>home-boxed</wp:post_name>
		<wp:status>publish</wp:status>
		<wp:post_parent>0</wp:post_parent>
		<wp:menu_order>0</wp:menu_order>
		<wp:post_type>page</wp:post_type>
		<wp:post_password></wp:post_password>
		<wp:is_sticky>0</wp:is_sticky>
		<wp:postmeta>
			<wp:meta_key>_wp_page_template</wp:meta_key>
			<wp:meta_value><![CDATA[default]]></wp:meta_value>
		</wp:postmeta>
		<wp:postmeta>
			<wp:meta_key>_wpb_shortcodes_custom_css</wp:meta_key>
			<wp:meta_value><![CDATA[.vc_custom_1497525344607{margin-top: -40px !important;margin-bottom: 50px !important;}.vc_custom_1497525663205{margin-bottom: 50px !important;}.vc_custom_1495784593979{margin-bottom: 20px !important;}.vc_custom_1497527256413{margin-bottom: 8vh !important;}.vc_custom_1497527396855{margin-right: -10px !important;margin-bottom: 5vh !important;margin-left: -10px !important;}.vc_custom_1497527598890{margin-bottom: -20px !important;}.vc_custom_1497525553144{margin-bottom: 50px !important;padding-right: 10% !important;}.vc_custom_1497525561438{margin-bottom: 50px !important;padding-right: 10% !important;}.vc_custom_1497525576831{margin-bottom: 50px !important;padding-right: 10% !important;}.vc_custom_1495974676749{margin-bottom: 0px !important;}.vc_custom_1495981549614{margin-bottom: 0px !important;}.vc_custom_1497616461038{margin-bottom: 20px !important;padding-top: 0px !important;padding-right: 10px !important;padding-left: 10px !important;}.vc_custom_1497616468990{margin-bottom: 20px !important;padding-top: 0px !important;padding-right: 10px !important;padding-left: 10px !important;}.vc_custom_1497527755268{margin-bottom: 30px !important;}.vc_custom_1497527765375{margin-bottom: 30px !important;}.vc_custom_1497527778543{margin-bottom: 30px !important;}.vc_custom_1497527793143{margin-bottom: 30px !important;}.vc_custom_1490207706221{margin-bottom: 20px !important;}.vc_custom_1490207735258{margin-bottom: 20px !important;}.vc_custom_1496069254797{margin-bottom: 20px !important;}.vc_custom_1490207744889{margin-bottom: 20px !important;}]]></wp:meta_value>
		</wp:postmeta>
		<wp:postmeta>
			<wp:meta_key>_woodmart_main_layout</wp:meta_key>
			<wp:meta_value><![CDATA[full-width]]></wp:meta_value>
		</wp:postmeta>
		<wp:postmeta>
			<wp:meta_key>_woodmart_header_color_scheme</wp:meta_key>
			<wp:meta_value><![CDATA[inherit]]></wp:meta_value>
		</wp:postmeta>
		<wp:postmeta>
			<wp:meta_key>_woodmart_title_off</wp:meta_key>
			<wp:meta_value><![CDATA[on]]></wp:meta_value>
		</wp:postmeta>
		<wp:postmeta>
			<wp:meta_key>rs_page_bg_color</wp:meta_key>
			<wp:meta_value><![CDATA[#ffffff]]></wp:meta_value>
		</wp:postmeta>
		<wp:postmeta>
			<wp:meta_key>_woodmart_whb_header</wp:meta_key>
			<wp:meta_value><![CDATA[none]]></wp:meta_value>
		</wp:postmeta>
		<wp:postmeta>
			<wp:meta_key>_woodmart_title_image</wp:meta_key>
			<wp:meta_value><![CDATA[]]></wp:meta_value>
		</wp:postmeta>
		<wp:postmeta>
			<wp:meta_key>_woodmart_title_bg_color</wp:meta_key>
			<wp:meta_value><![CDATA[]]></wp:meta_value>
		</wp:postmeta>
		<wp:postmeta>
			<wp:meta_key>_woodmart_page-title-size</wp:meta_key>
			<wp:meta_value><![CDATA[inherit]]></wp:meta_value>
		</wp:postmeta>
	</item>
	<item>
		<title>wood-page-banner</title>
		<link>http://dummy.xtemos.com/woodmart/demos/home-boxed/wood-page-banner/</link>
		<pubDate>Sat, 24 Jun 2017 12:32:58 +0000</pubDate>
		<dc:creator><![CDATA[erwin]]></dc:creator>
		<guid isPermaLink="false">http://dummy.xtemos.com/woodmart/demos/wp-content/uploads/sites/2/2017/06/wood-page-banner.jpg</guid>
		<description></description>
		<content:encoded><![CDATA[]]></content:encoded>
		<excerpt:encoded><![CDATA[]]></excerpt:encoded>
		<wp:post_id>585</wp:post_id>
		<wp:post_date>2017-06-24 12:32:58</wp:post_date>
		<wp:post_date_gmt>2017-06-24 12:32:58</wp:post_date_gmt>
		<wp:comment_status>open</wp:comment_status>
		<wp:ping_status>closed</wp:ping_status>
		<wp:post_name>wood-page-banner</wp:post_name>
		<wp:status>inherit</wp:status>
		<wp:post_parent>584</wp:post_parent>
		<wp:menu_order>0</wp:menu_order>
		<wp:post_type>attachment</wp:post_type>
		<wp:post_password></wp:post_password>
		<wp:is_sticky>0</wp:is_sticky>
		<wp:attachment_url>http://dummy.xtemos.com/woodmart/demos/wp-content/uploads/sites/2/2017/06/wood-page-banner.jpg</wp:attachment_url>
		<wp:postmeta>
			<wp:meta_key>_wp_attached_file</wp:meta_key>
			<wp:meta_value><![CDATA[2017/06/wood-page-banner.jpg]]></wp:meta_value>
		</wp:postmeta>
	</item>
</channel>
</rss>
