{"name":"Header Drinks Overlap","id":"header_376774","structure":{"id":"root","type":"root","content":[{"id":"top-bar","type":"row","content":[{"id":"column5","type":"column","content":[{"id":"mgm18qyb3yce3djrkn5d","type":"text","params":{"content":{"id":"content","value":"<a href=\"#\"><img style=\"margin: -4px 10px 0 0;\" src=\"http://dummy.xtemos.com/woodmart/demos/wp-content/uploads/sites/2/2019/07/svg-drink-phone-icon.svg\" alt=\"phone-icon\" />(+035) 527-1710-70</a>","type":"editor"},"inline":{"id":"inline","value":false,"type":"switcher"},"css_class":{"id":"css_class","value":"","type":"text"}}},{"id":"pu88blz1sby2457nhpzp","type":"text","params":{"content":{"id":"content","value":"<a href=\"#\"><img style=\"margin: -4px 10px 0 0;\" src=\"http://dummy.xtemos.com/woodmart/demos/wp-content/uploads/sites/2/2019/07/svg-drink-email-icon.svg\" alt=\"email-icon\" />NEWSLETTER</a>","type":"editor"},"inline":{"id":"inline","value":false,"type":"switcher"},"css_class":{"id":"css_class","value":"","type":"text"}}}]},{"id":"column6","type":"column","content":[]},{"id":"column7","type":"column","content":[{"id":"y4ro7npestv02kyrww49","type":"text","params":{"content":{"id":"content","value":"FREE SHIPPING FOR ALL ORDERS OF $150","type":"editor"},"inline":{"id":"inline","value":false,"type":"switcher"},"css_class":{"id":"css_class","value":"","type":"text"}}}]},{"id":"column_mobile1","type":"column","content":[]}],"params":{"flex_layout":{"id":"flex_layout","value":"flex-middle","type":"selector"},"height":{"id":"height","value":45,"type":"slider"},"mobile_height":{"id":"mobile_height","value":40,"type":"slider"},"hide_desktop":{"id":"hide_desktop","value":false,"type":"switcher"},"hide_mobile":{"id":"hide_mobile","value":true,"type":"switcher"},"sticky":{"id":"sticky","value":false,"type":"switcher"},"sticky_height":{"id":"sticky_height","value":41,"type":"slider"},"color_scheme":{"id":"color_scheme","value":"light","type":"selector"},"shadow":{"id":"shadow","value":false,"type":"switcher"},"background":{"id":"background","value":[],"type":"bg"},"border":{"id":"border","value":{"width":"1","color":{"r":255,"g":255,"b":255,"a":0.25},"sides":["bottom"],"applyFor":"boxed"},"type":"border"}}},{"id":"general-header","type":"row","content":[{"id":"column8","type":"column","content":[{"id":"gs8bcnxektjsro21n657","type":"logo","params":{"image":{"id":"image","value":{"id":302,"url":"http://dummy.xtemos.com/woodmart/demos/wp-content/uploads/sites/2/2018/02/wood-logo-white.svg","width":0,"height":0},"type":"image"},"width":{"id":"width","value":180,"type":"slider"},"sticky_image":{"id":"sticky_image","value":"","type":"image"},"sticky_width":{"id":"sticky_width","value":245,"type":"slider"}}},{"id":"b51hbxbg8h22qn4yrxf1","type":"space","params":{"width":{"id":"width","value":30,"type":"slider"},"css_class":{"id":"css_class","value":"","type":"text"}}}]},{"id":"column9","type":"column","content":[{"id":"6kgdkbvf12frej4dofvj","type":"mainmenu","params":{"menu_style":{"id":"menu_style","value":"default","type":"selector"},"menu_align":{"id":"menu_align","value":"left","type":"selector"},"full_screen":{"id":"full_screen","value":false,"type":"switcher"},"icon_type":{"id":"icon_type","value":"default","type":"selector"},"custom_icon":{"id":"custom_icon","value":"","type":"image"}}}]},{"id":"column10","type":"column","content":[{"id":"vssfpylqqax9pvkfnxoz","type":"account","params":{"display":{"id":"display","value":"text","type":"selector"},"icon_type":{"id":"icon_type","value":"default","type":"selector"},"custom_icon":{"id":"custom_icon","value":"","type":"image"},"with_username":{"id":"with_username","value":false,"type":"switcher"},"login_dropdown":{"id":"login_dropdown","value":true,"type":"switcher"},"form_display":{"id":"form_display","value":"side","type":"selector"}}},{"id":"a22wdkiy3r40yw2paskq","type":"wishlist","params":{"design":{"id":"design","value":"icon","type":"selector"},"hide_product_count":{"id":"hide_product_count","value":false,"type":"switcher"},"icon_type":{"id":"icon_type","value":"default","type":"selector"},"custom_icon":{"id":"custom_icon","value":"","type":"image"}}},{"id":"z71sozotxn0s5a0nfm7a","type":"compare","params":{"design":{"id":"design","value":"icon","type":"selector"},"hide_product_count":{"id":"hide_product_count","value":false,"type":"switcher"},"icon_type":{"id":"icon_type","value":"default","type":"selector"},"custom_icon":{"id":"custom_icon","value":"","type":"image"}}},{"id":"6ivlq8kef7blyepibxz1","type":"cart","params":{"position":{"id":"position","value":"side","type":"selector"},"style":{"id":"style","value":"1","type":"selector"},"icon_type":{"id":"icon_type","value":"cart","type":"selector"},"custom_icon":{"id":"custom_icon","value":"","type":"image"}}}]},{"id":"column_mobile2","type":"column","content":[{"id":"g1k0m1tib7raxrwkm1t3","type":"burger","params":{"style":{"id":"style","value":"text","type":"selector"},"icon_type":{"id":"icon_type","value":"default","type":"selector"},"custom_icon":{"id":"custom_icon","value":"","type":"image"},"position":{"id":"position","value":"left","type":"selector"},"search_form":{"id":"search_form","value":true,"type":"switcher"},"categories_menu":{"id":"categories_menu","value":false,"type":"switcher"},"menu_id":{"id":"menu_id","value":"mobile-categories","type":"select"}}}]},{"id":"column_mobile3","type":"column","content":[{"id":"lt7vdqgaccmapftzurvt","type":"logo","params":{"image":{"id":"image","value":{"id":302,"url":"http://dummy.xtemos.com/woodmart/demos/wp-content/uploads/sites/2/2018/02/wood-logo-white.svg","width":0,"height":0},"type":"image"},"width":{"id":"width","value":179,"type":"slider"},"sticky_image":{"id":"sticky_image","value":"","type":"image"},"sticky_width":{"id":"sticky_width","value":179,"type":"slider"}}}]},{"id":"column_mobile4","type":"column","content":[{"id":"trk5sfmvib0ch1s1qbtc","type":"cart","params":{"position":{"id":"position","value":"side","type":"selector"},"style":{"id":"style","value":"5","type":"selector"},"icon_type":{"id":"icon_type","value":"bag","type":"selector"},"custom_icon":{"id":"custom_icon","value":"","type":"image"}}}]}],"params":{"flex_layout":{"id":"flex_layout","value":"flex-middle","type":"selector"},"height":{"id":"height","value":90,"type":"slider"},"mobile_height":{"id":"mobile_height","value":60,"type":"slider"},"hide_desktop":{"id":"hide_desktop","value":false,"type":"switcher"},"hide_mobile":{"id":"hide_mobile","value":false,"type":"switcher"},"sticky":{"id":"sticky","value":true,"type":"switcher"},"sticky_height":{"id":"sticky_height","value":60,"type":"slider"},"color_scheme":{"id":"color_scheme","value":"light","type":"selector"},"shadow":{"id":"shadow","value":false,"type":"switcher"},"background":{"id":"background","value":[],"type":"bg"},"border":{"id":"border","value":{"width":"0","applyFor":"fullwidth","style":"solid","sides":["bottom"]},"type":"border"}}},{"id":"header-bottom","type":"row","content":[{"id":"column11","type":"column","content":[]},{"id":"column12","type":"column","content":[]},{"id":"column13","type":"column","content":[]},{"id":"column_mobile5","type":"column","content":[]}],"params":{"flex_layout":{"id":"flex_layout","value":"flex-middle","type":"selector"},"height":{"id":"height","value":50,"type":"slider"},"mobile_height":{"id":"mobile_height","value":50,"type":"slider"},"hide_desktop":{"id":"hide_desktop","value":true,"type":"switcher"},"hide_mobile":{"id":"hide_mobile","value":true,"type":"switcher"},"sticky":{"id":"sticky","value":false,"type":"switcher"},"sticky_height":{"id":"sticky_height","value":50,"type":"slider"},"color_scheme":{"id":"color_scheme","value":"dark","type":"selector"},"shadow":{"id":"shadow","value":false,"type":"switcher"},"background":{"id":"background","value":[],"type":"bg"},"border":{"id":"border","value":{"style":"solid","applyFor":"fullwidth","sides":["bottom"],"width":"1","color":{"r":230,"g":230,"b":230,"a":1}},"type":"border"}}}]},"settings":{"overlap":{"id":"overlap","value":true,"type":"switcher"},"boxed":{"id":"boxed","value":false,"type":"switcher"},"full_width":{"id":"full_width","value":false,"type":"switcher"},"dropdowns_dark":{"id":"dropdowns_dark","value":true,"type":"switcher"},"sticky_shadow":{"id":"sticky_shadow","value":true,"type":"switcher"},"hide_on_scroll":{"id":"hide_on_scroll","value":false,"type":"switcher"},"sticky_effect":{"id":"sticky_effect","value":"slide","type":"selector"},"sticky_clone":{"id":"sticky_clone","value":false,"type":"switcher"},"sticky_height":{"id":"sticky_height","value":60,"type":"slider"}}}