<?xml version="1.0" encoding="UTF-8" ?>
<!-- This is a WordPress eXtended RSS file generated by WordPress as an export of your site. -->
<!-- It contains information about your site's posts, pages, comments, categories, and other content. -->
<!-- You may use this file to transfer that content from one site to another. -->
<!-- This file is not intended to serve as a complete backup of your site. -->

<!-- To import this information into a WordPress site follow these steps: -->
<!-- 1. Log in to that site as an administrator. -->
<!-- 2. Go to Tools: Import in the WordPress admin panel. -->
<!-- 3. Install the "WordPress" importer from the list. -->
<!-- 4. Activate & Run Importer. -->
<!-- 5. Upload this file using the form provided on that page. -->
<!-- 6. You will first be asked to map the authors in this export file to users -->
<!--    on the site. For each author, you may choose to map to an -->
<!--    existing user on the site or to create a new user. -->
<!-- 7. WordPress will then import each of the posts, pages, comments, categories, etc. -->
<!--    contained in this file into your site. -->

	<!-- generator="WordPress/5.4.2" created="2020-07-11 11:04" -->
<rss version="2.0"
	xmlns:excerpt="http://wordpress.org/export/1.2/excerpt/"
	xmlns:content="http://purl.org/rss/1.0/modules/content/"
	xmlns:wfw="http://wellformedweb.org/CommentAPI/"
	xmlns:dc="http://purl.org/dc/elements/1.1/"
	xmlns:wp="http://wordpress.org/export/1.2/"
>

<channel>
	<title>Woodmart dummy demos</title>
	<link>http://dummy.xtemos.com/woodmart-elementor/demos</link>
	<description>Just another Woodmart Dummy Content Sites site</description>
	<pubDate>Sat, 11 Jul 2020 11:04:05 +0000</pubDate>
	<language>en-US</language>
	<wp:wxr_version>1.2</wp:wxr_version>
	<wp:base_site_url>http://dummy.xtemos.com/woodmart-elementor/</wp:base_site_url>
	<wp:base_blog_url>http://dummy.xtemos.com/woodmart-elementor/demos</wp:base_blog_url>

		<wp:author><wp:author_id>2</wp:author_id><wp:author_login>erwin</wp:author_login><wp:author_email>ss@asas.as</wp:author_email><wp:author_display_name><![CDATA[erwin]]></wp:author_display_name><wp:author_first_name><![CDATA[]]></wp:author_first_name><wp:author_last_name><![CDATA[]]></wp:author_last_name></wp:author>

				
	<generator>https://wordpress.org/?v=5.4.2</generator>

		<item>
		<title>
				wood-main-bg		</title>
		<link>http://dummy.xtemos.com/woodmart-elementor/demos/?attachment_id=44</link>
		<pubDate>Wed, 14 Jun 2017 08:07:10 +0000</pubDate>
		<dc:creator><![CDATA[admin]]></dc:creator>
		<guid isPermaLink="false">http://dummy.xtemos.com/woodmart-elementor/demos/wp-content/uploads/sites/2/2017/06/wood-main-bg.jpg</guid>
		<description></description>
		<content:encoded><![CDATA[]]></content:encoded>
		<excerpt:encoded><![CDATA[]]></excerpt:encoded>
		<wp:post_id>44</wp:post_id>
		<wp:post_date>2017-06-14 08:07:10</wp:post_date>
		<wp:post_date_gmt>2017-06-14 08:07:10</wp:post_date_gmt>
		<wp:comment_status>open</wp:comment_status>
		<wp:ping_status>closed</wp:ping_status>
		<wp:post_name>wood-main-bg</wp:post_name>
		<wp:status>inherit</wp:status>
		<wp:post_parent>42</wp:post_parent>
		<wp:menu_order>0</wp:menu_order>
		<wp:post_type>attachment</wp:post_type>
		<wp:post_password></wp:post_password>
		<wp:is_sticky>0</wp:is_sticky>
						<wp:attachment_url>http://dummy.xtemos.com/woodmart-elementor/demos/wp-content/uploads/sites/2/2017/06/wood-main-bg.jpg</wp:attachment_url>
												<wp:postmeta>
			<wp:meta_key>_wp_attached_file</wp:meta_key>
			<wp:meta_value><![CDATA[2017/06/wood-main-bg.jpg]]></wp:meta_value>
		</wp:postmeta>
						</item>
					<item>
		<title>
				Home Fashion-flat		</title>
		<link>http://dummy.xtemos.com/woodmart-elementor/demos/home-fashion-flat/</link>
		<pubDate>Thu, 22 Jun 2017 13:21:53 +0000</pubDate>
		<dc:creator><![CDATA[erwin]]></dc:creator>
		<guid isPermaLink="false">http://dummy.xtemos.com/woodmart-elementor/demos/?page_id=459</guid>
		<description></description>
		<content:encoded><![CDATA[<article id="post-368">
		<header>
							<figure>
						<a href="http://dummy.xtemos.com/woodmart-elementor/demos/2017/06/22/minimalist-japanese-inspired-furniture/">
							<img width="300" height="183" src="http://dummy.xtemos.com/woodmart-elementor/demos/wp-content/uploads/sites/2/2017/06/wood-blog-placeholder.jpg" alt="" />						</a>
				</figure>
					22				
					Jun				
				</header><!-- .entry-header -->
							<a href="http://dummy.xtemos.com/woodmart-elementor/demos/category/furniture/" rel="category tag">Furniture</a>
							<h3>
					<a href="http://dummy.xtemos.com/woodmart-elementor/demos/2017/06/22/minimalist-japanese-inspired-furniture/" rel="bookmark">Minimalist Japanese-inspired furniture</a>
				</h3>
								<ul>
										<li>June 22, 2017</li>
																<li>
															Posted by																						<img alt='author-avatar' src='http://2.gravatar.com/avatar/e2861dedf067ea2500566d0269cf9e64?s=32&#038;d=mm&#038;r=g' class='avatar avatar-32 photo' height='32' width='32' />														<a href="http://dummy.xtemos.com/woodmart-elementor/demos/author/admin/" rel="author">
									admin
							</a>
						</li>
																																																			<li>
														<a href="http://dummy.xtemos.com/woodmart-elementor/demos/2017/06/22/minimalist-japanese-inspired-furniture/#respond">0 comments</a>						</li>
																						</ul>
						<!-- .entry-meta -->
									<a rel="nofollow noopener noreferrer" href="https://www.facebook.com/sharer/sharer.php?u=http://dummy.xtemos.com/woodmart-elementor/demos/2017/06/22/minimalist-japanese-inspired-furniture/" target="_blank">
						<i></i>
						Facebook
					</a>
									<a rel="nofollow noopener noreferrer" href="https://twitter.com/share?url=http://dummy.xtemos.com/woodmart-elementor/demos/2017/06/22/minimalist-japanese-inspired-furniture/" target="_blank">
						<i></i>
						Twitter
					</a>
									<a rel="nofollow noopener noreferrer" href="https://pinterest.com/pin/create/button/?url=http://dummy.xtemos.com/woodmart-elementor/demos/2017/06/22/minimalist-japanese-inspired-furniture/&amp;media=http://dummy.xtemos.com/woodmart-elementor/demos/wp-content/uploads/sites/2/2017/06/wood-blog-placeholder.jpg&amp;description=Minimalist+Japanese-inspired+furniture" target="_blank">
						<i></i>
						Pinterest
					</a>
									<a rel="nofollow noopener noreferrer" href="https://www.linkedin.com/shareArticle?mini=true&amp;url=http://dummy.xtemos.com/woodmart-elementor/demos/2017/06/22/minimalist-japanese-inspired-furniture/" target="_blank">
						<i></i>
						linkedin
					</a>
									<a rel="nofollow noopener noreferrer" href="https://telegram.me/share/url?url=http://dummy.xtemos.com/woodmart-elementor/demos/2017/06/22/minimalist-japanese-inspired-furniture/" target="_blank">
						<i></i>
						Telegram
					</a>
					<p>[vc_row][vc_column][vc_column_text]Ac haca ullamcorper donec ante habi tasse donec imperdiet eturpis varius per a augue magna hac. Nec hac et vestibulum duis a tincidunt per a aptent interdum purus feugiat a id aliquet erat himenaeos nunc torquent euismod adipiscing adipiscing dui gravida justo. Ultrices ut parturient morbi sit adipiscing</p>
<p><a href="http://dummy.xtemos.com/woodmart-elementor/demos/2017/06/22/minimalist-japanese-inspired-furniture/">Continue reading</a></p>
				<!-- .entry-content -->
</article><!-- #post -->
<article id="post-232">
		<header>
							<figure>
						<a href="http://dummy.xtemos.com/woodmart-elementor/demos/2017/06/16/new-home-decor-from-john-doerson/">
							<img width="300" height="183" src="http://dummy.xtemos.com/woodmart-elementor/demos/wp-content/uploads/sites/2/2017/06/wood-blog-placeholder.jpg" alt="" />						</a>
				</figure>
					16				
					Jun				
				</header><!-- .entry-header -->
							<a href="http://dummy.xtemos.com/woodmart-elementor/demos/category/furniture/" rel="category tag">Furniture</a>
							<h3>
					<a href="http://dummy.xtemos.com/woodmart-elementor/demos/2017/06/16/new-home-decor-from-john-doerson/" rel="bookmark">New home decor from John Doerson</a>
				</h3>
								<ul>
										<li>June 16, 2017</li>
																<li>
															Posted by																						<img alt='author-avatar' src='http://2.gravatar.com/avatar/e2861dedf067ea2500566d0269cf9e64?s=32&#038;d=mm&#038;r=g' class='avatar avatar-32 photo' height='32' width='32' />														<a href="http://dummy.xtemos.com/woodmart-elementor/demos/author/admin/" rel="author">
									admin
							</a>
						</li>
																																																			<li>
														<a href="http://dummy.xtemos.com/woodmart-elementor/demos/2017/06/16/new-home-decor-from-john-doerson/#respond">0 comments</a>						</li>
																						</ul>
						<!-- .entry-meta -->
									<a rel="nofollow noopener noreferrer" href="https://www.facebook.com/sharer/sharer.php?u=http://dummy.xtemos.com/woodmart-elementor/demos/2017/06/16/new-home-decor-from-john-doerson/" target="_blank">
						<i></i>
						Facebook
					</a>
									<a rel="nofollow noopener noreferrer" href="https://twitter.com/share?url=http://dummy.xtemos.com/woodmart-elementor/demos/2017/06/16/new-home-decor-from-john-doerson/" target="_blank">
						<i></i>
						Twitter
					</a>
									<a rel="nofollow noopener noreferrer" href="https://pinterest.com/pin/create/button/?url=http://dummy.xtemos.com/woodmart-elementor/demos/2017/06/16/new-home-decor-from-john-doerson/&amp;media=http://dummy.xtemos.com/woodmart-elementor/demos/wp-content/uploads/sites/2/2017/06/wood-blog-placeholder.jpg&amp;description=New+home+decor+from+John+Doerson" target="_blank">
						<i></i>
						Pinterest
					</a>
									<a rel="nofollow noopener noreferrer" href="https://www.linkedin.com/shareArticle?mini=true&amp;url=http://dummy.xtemos.com/woodmart-elementor/demos/2017/06/16/new-home-decor-from-john-doerson/" target="_blank">
						<i></i>
						linkedin
					</a>
									<a rel="nofollow noopener noreferrer" href="https://telegram.me/share/url?url=http://dummy.xtemos.com/woodmart-elementor/demos/2017/06/16/new-home-decor-from-john-doerson/" target="_blank">
						<i></i>
						Telegram
					</a>
					<p>[vc_row][vc_column][vc_column_text]Ullamcorper condimentum erat pretium velit at ut a nunc id a adeu vestibulum nibh urna nam consequat erat molestie lacinia rhoncus. Nisi a diamida himenaeos condimentum laoreet pera neque habitant leo feugiat viverra nisl sagittis a curabitur parturient nisi adipiscing. A parturient dapibus pulvinar arcu a suspendisse sagittis mus mollis at a nec placerat sociosqu himenaeos litora fames habitant suscipit tempus scelerisque ridiculus mi ullamcorper per ridiculus proin condimentum.</p>
<p><a href="http://dummy.xtemos.com/woodmart-elementor/demos/2017/06/16/new-home-decor-from-john-doerson/">Continue reading</a></p>
				<!-- .entry-content -->
</article><!-- #post -->
<article id="post-226">
		<header>
							<figure>
						<a href="http://dummy.xtemos.com/woodmart-elementor/demos/2017/06/16/the-big-design-wall-likes-pictures/">
							<img width="300" height="183" src="http://dummy.xtemos.com/woodmart-elementor/demos/wp-content/uploads/sites/2/2017/06/wood-blog-placeholder.jpg" alt="" />						</a>
				</figure>
					16				
					Jun				
				</header><!-- .entry-header -->
							<a href="http://dummy.xtemos.com/woodmart-elementor/demos/category/design-trends/" rel="category tag">Design trends</a>
							<h3>
					<a href="http://dummy.xtemos.com/woodmart-elementor/demos/2017/06/16/the-big-design-wall-likes-pictures/" rel="bookmark">The big design: Wall likes pictures</a>
				</h3>
								<ul>
										<li>June 16, 2017</li>
																<li>
															Posted by																						<img alt='author-avatar' src='http://2.gravatar.com/avatar/e2861dedf067ea2500566d0269cf9e64?s=32&#038;d=mm&#038;r=g' class='avatar avatar-32 photo' height='32' width='32' />														<a href="http://dummy.xtemos.com/woodmart-elementor/demos/author/admin/" rel="author">
									admin
							</a>
						</li>
																																																			<li>
														<a href="http://dummy.xtemos.com/woodmart-elementor/demos/2017/06/16/the-big-design-wall-likes-pictures/#respond">0 comments</a>						</li>
																						</ul>
						<!-- .entry-meta -->
									<a rel="nofollow noopener noreferrer" href="https://www.facebook.com/sharer/sharer.php?u=http://dummy.xtemos.com/woodmart-elementor/demos/2017/06/16/the-big-design-wall-likes-pictures/" target="_blank">
						<i></i>
						Facebook
					</a>
									<a rel="nofollow noopener noreferrer" href="https://twitter.com/share?url=http://dummy.xtemos.com/woodmart-elementor/demos/2017/06/16/the-big-design-wall-likes-pictures/" target="_blank">
						<i></i>
						Twitter
					</a>
									<a rel="nofollow noopener noreferrer" href="https://pinterest.com/pin/create/button/?url=http://dummy.xtemos.com/woodmart-elementor/demos/2017/06/16/the-big-design-wall-likes-pictures/&amp;media=http://dummy.xtemos.com/woodmart-elementor/demos/wp-content/uploads/sites/2/2017/06/wood-blog-placeholder.jpg&amp;description=The+big+design%3A+Wall+likes+pictures" target="_blank">
						<i></i>
						Pinterest
					</a>
									<a rel="nofollow noopener noreferrer" href="https://www.linkedin.com/shareArticle?mini=true&amp;url=http://dummy.xtemos.com/woodmart-elementor/demos/2017/06/16/the-big-design-wall-likes-pictures/" target="_blank">
						<i></i>
						linkedin
					</a>
									<a rel="nofollow noopener noreferrer" href="https://telegram.me/share/url?url=http://dummy.xtemos.com/woodmart-elementor/demos/2017/06/16/the-big-design-wall-likes-pictures/" target="_blank">
						<i></i>
						Telegram
					</a>
					<p>[vc_row][vc_column][vc_column_text]Parturient in potenti id rutrum duis torquent parturient sceler isque sit vestibulum a posuere scelerisque viverra urna. Egestas tristique vestibulum vestibulum ante vulputate penati bus a nibh dis parturient cum a adipiscing nam condimentum quisque enim fames risus eget. Consectetur duis tempus massa elit himenaeos duis iaculis parturient nam tempor neque nisl parturient vivamus primis sociosqu ac donec nisi a adipiscing senectus.</p>
<p><a href="http://dummy.xtemos.com/woodmart-elementor/demos/2017/06/16/the-big-design-wall-likes-pictures/">Continue reading</a></p>
				<!-- .entry-content -->
</article><!-- #post -->
<article id="post-128">
		<header>
							<figure>
						<a href="http://dummy.xtemos.com/woodmart-elementor/demos/2017/06/14/sweet-seat-functional-seat-for-it-folks/">
							<img width="300" height="183" src="http://dummy.xtemos.com/woodmart-elementor/demos/wp-content/uploads/sites/2/2017/06/wood-blog-placeholder.jpg" alt="" />						</a>
				</figure>
					14				
					Jun				
				</header><!-- .entry-header -->
							<a href="http://dummy.xtemos.com/woodmart-elementor/demos/category/furniture/" rel="category tag">Furniture</a>
							<h3>
					<a href="http://dummy.xtemos.com/woodmart-elementor/demos/2017/06/14/sweet-seat-functional-seat-for-it-folks/" rel="bookmark">Sweet seat: functional seat for IT folks</a>
				</h3>
								<ul>
										<li>June 14, 2017</li>
																<li>
															Posted by																						<img alt='author-avatar' src='http://2.gravatar.com/avatar/e2861dedf067ea2500566d0269cf9e64?s=32&#038;d=mm&#038;r=g' class='avatar avatar-32 photo' height='32' width='32' />														<a href="http://dummy.xtemos.com/woodmart-elementor/demos/author/admin/" rel="author">
									admin
							</a>
						</li>
																																																			<li>
														<a href="http://dummy.xtemos.com/woodmart-elementor/demos/2017/06/14/sweet-seat-functional-seat-for-it-folks/#respond">0 comments</a>						</li>
																						</ul>
						<!-- .entry-meta -->
									<a rel="nofollow noopener noreferrer" href="https://www.facebook.com/sharer/sharer.php?u=http://dummy.xtemos.com/woodmart-elementor/demos/2017/06/14/sweet-seat-functional-seat-for-it-folks/" target="_blank">
						<i></i>
						Facebook
					</a>
									<a rel="nofollow noopener noreferrer" href="https://twitter.com/share?url=http://dummy.xtemos.com/woodmart-elementor/demos/2017/06/14/sweet-seat-functional-seat-for-it-folks/" target="_blank">
						<i></i>
						Twitter
					</a>
									<a rel="nofollow noopener noreferrer" href="https://pinterest.com/pin/create/button/?url=http://dummy.xtemos.com/woodmart-elementor/demos/2017/06/14/sweet-seat-functional-seat-for-it-folks/&amp;media=http://dummy.xtemos.com/woodmart-elementor/demos/wp-content/uploads/sites/2/2017/06/wood-blog-placeholder.jpg&amp;description=Sweet+seat%3A+functional+seat+for+IT+folks" target="_blank">
						<i></i>
						Pinterest
					</a>
									<a rel="nofollow noopener noreferrer" href="https://www.linkedin.com/shareArticle?mini=true&amp;url=http://dummy.xtemos.com/woodmart-elementor/demos/2017/06/14/sweet-seat-functional-seat-for-it-folks/" target="_blank">
						<i></i>
						linkedin
					</a>
									<a rel="nofollow noopener noreferrer" href="https://telegram.me/share/url?url=http://dummy.xtemos.com/woodmart-elementor/demos/2017/06/14/sweet-seat-functional-seat-for-it-folks/" target="_blank">
						<i></i>
						Telegram
					</a>
					<p>[vc_row][vc_column][vc_column_text]A sed a risusat luctus esta anibh rhoncus hendrerit blandit nam rutrum sitmiad hac. Cras a vestibulum a varius adipiscing ut dignissim ullamcorper libero fermentum dis aliquet tellus mollis et tristique sodales. Suspendisse vel mi etiam ullamcorper parturient varius parturient eu eget pulvinar odio dapibus nisl ut luctus suscipit per vel aptent fames venenatis leo ac ullamcorper integer mus condimentum rutrum.</p>
<p><a href="http://dummy.xtemos.com/woodmart-elementor/demos/2017/06/14/sweet-seat-functional-seat-for-it-folks/">Continue reading</a></p>
				<!-- .entry-content -->
</article><!-- #post -->
<article id="post-126">
		<header>
							<figure>
						<a href="http://dummy.xtemos.com/woodmart-elementor/demos/2017/06/14/creative-water-features-and-exterior/">
							<img width="300" height="183" src="http://dummy.xtemos.com/woodmart-elementor/demos/wp-content/uploads/sites/2/2017/06/wood-blog-placeholder.jpg" alt="" />						</a>
				</figure>
					14				
					Jun				
				</header><!-- .entry-header -->
							<a href="http://dummy.xtemos.com/woodmart-elementor/demos/category/decoration/" rel="category tag">Decoration</a>
							<h3>
					<a href="http://dummy.xtemos.com/woodmart-elementor/demos/2017/06/14/creative-water-features-and-exterior/" rel="bookmark">Creative water features and exterior</a>
				</h3>
								<ul>
										<li>June 14, 2017</li>
																<li>
															Posted by																						<img alt='author-avatar' src='http://2.gravatar.com/avatar/e2861dedf067ea2500566d0269cf9e64?s=32&#038;d=mm&#038;r=g' class='avatar avatar-32 photo' height='32' width='32' />														<a href="http://dummy.xtemos.com/woodmart-elementor/demos/author/admin/" rel="author">
									admin
							</a>
						</li>
																																																			<li>
														<a href="http://dummy.xtemos.com/woodmart-elementor/demos/2017/06/14/creative-water-features-and-exterior/#respond">0 comments</a>						</li>
																						</ul>
						<!-- .entry-meta -->
									<a rel="nofollow noopener noreferrer" href="https://www.facebook.com/sharer/sharer.php?u=http://dummy.xtemos.com/woodmart-elementor/demos/2017/06/14/creative-water-features-and-exterior/" target="_blank">
						<i></i>
						Facebook
					</a>
									<a rel="nofollow noopener noreferrer" href="https://twitter.com/share?url=http://dummy.xtemos.com/woodmart-elementor/demos/2017/06/14/creative-water-features-and-exterior/" target="_blank">
						<i></i>
						Twitter
					</a>
									<a rel="nofollow noopener noreferrer" href="https://pinterest.com/pin/create/button/?url=http://dummy.xtemos.com/woodmart-elementor/demos/2017/06/14/creative-water-features-and-exterior/&amp;media=http://dummy.xtemos.com/woodmart-elementor/demos/wp-content/uploads/sites/2/2017/06/wood-blog-placeholder.jpg&amp;description=Creative+water+features+and+exterior" target="_blank">
						<i></i>
						Pinterest
					</a>
									<a rel="nofollow noopener noreferrer" href="https://www.linkedin.com/shareArticle?mini=true&amp;url=http://dummy.xtemos.com/woodmart-elementor/demos/2017/06/14/creative-water-features-and-exterior/" target="_blank">
						<i></i>
						linkedin
					</a>
									<a rel="nofollow noopener noreferrer" href="https://telegram.me/share/url?url=http://dummy.xtemos.com/woodmart-elementor/demos/2017/06/14/creative-water-features-and-exterior/" target="_blank">
						<i></i>
						Telegram
					</a>
					<p>[vc_row equal_height=&#8221;yes&#8221; content_placement=&#8221;top&#8221;][vc_column css_animation=&#8221;fadeIn&#8221; width=&#8221;1/6&#8243; woodmart_sticky_column=&#8221;true&#8221; offset=&#8221;vc_hidden-sm vc_hidden-xs&#8221;]
									<a rel="nofollow noopener noreferrer" href="https://www.facebook.com/sharer/sharer.php?u=http://dummy.xtemos.com/woodmart-elementor/demos/2017/06/14/creative-water-features-and-exterior/" target="_blank">
						<i></i>
						Facebook
					</a>
									<a rel="nofollow noopener noreferrer" href="https://twitter.com/share?url=http://dummy.xtemos.com/woodmart-elementor/demos/2017/06/14/creative-water-features-and-exterior/" target="_blank">
						<i></i>
						Twitter
					</a>
									<a rel="nofollow noopener noreferrer" href="https://pinterest.com/pin/create/button/?url=http://dummy.xtemos.com/woodmart-elementor/demos/2017/06/14/creative-water-features-and-exterior/&amp;media=http://dummy.xtemos.com/woodmart-elementor/demos/wp-content/uploads/sites/2/2017/06/wood-blog-placeholder.jpg&amp;description=Creative+water+features+and+exterior" target="_blank">
						<i></i>
						Pinterest
					</a>
									<a rel="nofollow noopener noreferrer" href="https://www.linkedin.com/shareArticle?mini=true&amp;url=http://dummy.xtemos.com/woodmart-elementor/demos/2017/06/14/creative-water-features-and-exterior/" target="_blank">
						<i></i>
						linkedin
					</a>
									<a rel="nofollow noopener noreferrer" href="https://telegram.me/share/url?url=http://dummy.xtemos.com/woodmart-elementor/demos/2017/06/14/creative-water-features-and-exterior/" target="_blank">
						<i></i>
						Telegram
					</a>
		[/vc_column][vc_column offset=&#8221;vc_col-md-10 vc_col-xs-12&#8243;][vc_column_text]Adipiscing hac imperdiet id blandit varius scelerisque at sagittis libero dui dis volutpat vehicula mus sed ut. Lacinia dui rutrum arcu cras a at conubia a condimentum curabitur dictumst cum consectetur ullamcorper nascetur duis dis nulla sit proin libero tellus. </p>
<p><a href="http://dummy.xtemos.com/woodmart-elementor/demos/2017/06/14/creative-water-features-and-exterior/">Continue reading</a></p>
				<!-- .entry-content -->
</article><!-- #post -->
				 <!-- end product-items -->
			 <!-- end #carousel-575 -->
					CONDIM PARTURIENT VENENATIS				
				<h4>
					Hi there, sign up and connect to WoodMart!				</h4>
					Be the first to learn about our latest trends and get exclusive offers.				
			<a href="#">
					Newsletter Subscribe				
							</a>
					CONDIMENTUM QUIS NASCETUR				
				<h4>
					Discover fashion and style on our online worldwide store.				</h4>
					Etiam semper nibh orci, ac tincidunt mi consectetur a. In quis tortor ex. Morbi cursus sed neque quis dictum. Duis bibendum ullamcorper pharetra. Vivamus quis turpis et enim cursus neque quis.				
			<a href="#">
					SHOP NOW				
							</a>
			<a href="#">
					VIEW MORE				
							</a>
							<a href="http://dummy.xtemos.com/woodmart-elementor/demos/shop/?filter_brand=magisso">
																	<img src="http://dummy.xtemos.com/woodmart-elementor/demos/wp-content/uploads/sites/2/2017/06/brand-Magisso.png" title="Magisso" alt="Magisso" />															</a>
							<a href="http://dummy.xtemos.com/woodmart-elementor/demos/shop/?filter_brand=louis-poulsen">
																	<img src="http://dummy.xtemos.com/woodmart-elementor/demos/wp-content/uploads/sites/2/2017/06/brand-Louis-Poulsen.png" title="Louis Poulsen" alt="Louis Poulsen" />															</a>
							<a href="http://dummy.xtemos.com/woodmart-elementor/demos/shop/?filter_brand=klober">
																	<img src="http://dummy.xtemos.com/woodmart-elementor/demos/wp-content/uploads/sites/2/2017/06/brand-klober.png" title="KLÖBER" alt="KLÖBER" />															</a>
							<a href="http://dummy.xtemos.com/woodmart-elementor/demos/shop/?filter_brand=joseph-joseph">
																	<img src="http://dummy.xtemos.com/woodmart-elementor/demos/wp-content/uploads/sites/2/2017/06/brand-Joseph-Joseph.png" title="Joseph Joseph" alt="Joseph Joseph" />															</a>
							<a href="http://dummy.xtemos.com/woodmart-elementor/demos/shop/?filter_brand=hay">
																	<img src="http://dummy.xtemos.com/woodmart-elementor/demos/wp-content/uploads/sites/2/2017/06/brand-hay.png" title="Hay" alt="Hay" />															</a>
							<a href="http://dummy.xtemos.com/woodmart-elementor/demos/shop/?filter_brand=flos">
																	<img src="http://dummy.xtemos.com/woodmart-elementor/demos/wp-content/uploads/sites/2/2017/06/brand-flos.png" title="Flos" alt="Flos" />															</a>
							<a href="http://dummy.xtemos.com/woodmart-elementor/demos/shop/?filter_brand=eva-solo">
																	<img src="http://dummy.xtemos.com/woodmart-elementor/demos/wp-content/uploads/sites/2/2017/06/brand-Eva-Solo.png" title="Eva Solo" alt="Eva Solo" />															</a>
							<a href="http://dummy.xtemos.com/woodmart-elementor/demos/shop/?filter_brand=alessi">
																	<img src="http://dummy.xtemos.com/woodmart-elementor/demos/wp-content/uploads/sites/2/2017/06/brand-alessi.png" title="Alessi" alt="Alessi" />															</a>
							<p></p>
<h4 style="text-align: center;margin-bottom: 0"><strong>INSTAGRAM</strong></h4>
<h6 style="text-align: center;margin-bottom: 10px">@WOOD_FASHION</h6>
<p style="text-align: center">Porttitor adipiscing a velmus lacinia parturient adipiscing lobortis vestibulum lacinia class.</p>						
								<a href="//www.instagram.com/p/CCcx1myFl71/" target="_self" rel="noopener noreferrer"></a>
																	<img src="//instagram.fckc1-1.fna.fbcdn.net/v/t51.2885-15/sh0.08/e35/c0.180.1440.1440a/s640x640/109097604_1208508939500818_4027825531327419569_n.jpg?_nc_ht=instagram.fckc1-1.fna.fbcdn.net&#038;_nc_cat=1&#038;_nc_ohc=T0npQI4qsMkAX8dxO6D&#038;oh=c5f8ef8df8dbf1d167fdc6440608bca5&#038;oe=5F3354F6" />																
										5535
										40
								<a href="//www.instagram.com/p/CCYTYDRFARv/" target="_self" rel="noopener noreferrer"></a>
																	<img src="//instagram.fckc1-1.fna.fbcdn.net/v/t51.2885-15/sh0.08/e35/c0.179.1440.1440a/s640x640/106908503_394397764853431_3924401447346372671_n.jpg?_nc_ht=instagram.fckc1-1.fna.fbcdn.net&#038;_nc_cat=107&#038;_nc_ohc=PPd9O-DZwYsAX_WcdZo&#038;oh=713750877a9f7a2aeb4fd91dc4439b59&#038;oe=5F31694D" />																
										3547
										25
								<a href="//www.instagram.com/p/CCVtqDslbxN/" target="_self" rel="noopener noreferrer"></a>
																	<img src="//instagram.fckc1-1.fna.fbcdn.net/v/t51.2885-15/sh0.08/e35/c0.179.1440.1440a/s640x640/106497054_1578753802287846_7621226817221483387_n.jpg?_nc_ht=instagram.fckc1-1.fna.fbcdn.net&#038;_nc_cat=106&#038;_nc_ohc=fXBl0mvkn00AX_uYgjp&#038;oh=9584c195d96325d19ae0f62a9e904bad&#038;oe=5F316F63" />																
										5496
										29
								<a href="//www.instagram.com/p/CCU8B8vFimL/" target="_self" rel="noopener noreferrer"></a>
																	<img src="//instagram.fckc1-1.fna.fbcdn.net/v/t51.2885-15/sh0.08/e35/c0.169.1440.1440a/s640x640/106561650_331040867896173_9004193855276012238_n.jpg?_nc_ht=instagram.fckc1-1.fna.fbcdn.net&#038;_nc_cat=109&#038;_nc_ohc=_S1wLZE2fSwAX8eswiD&#038;oh=aced93493352a15e4860e347ff0501f8&#038;oe=5F317BF8" />																
										5663
										14
								<a href="//www.instagram.com/p/CCTI4LoFjDc/" target="_self" rel="noopener noreferrer"></a>
																	<img src="//instagram.fckc1-1.fna.fbcdn.net/v/t51.2885-15/sh0.08/e35/c0.180.1440.1440a/s640x640/107078480_723003568520019_740492801435674312_n.jpg?_nc_ht=instagram.fckc1-1.fna.fbcdn.net&#038;_nc_cat=103&#038;_nc_ohc=YOlP275Xr9wAX9M2yaN&#038;oh=ea8f5a5e7760c974d12368ba6a450cdf&#038;oe=5F321A65" />																
										8631
										53
								<a href="//www.instagram.com/p/CCSVJ-BFx4Y/" target="_self" rel="noopener noreferrer"></a>
																	<img src="//instagram.fckc1-1.fna.fbcdn.net/v/t51.2885-15/sh0.08/e35/c0.180.1440.1440a/s640x640/106591965_185085449626877_8127112127106132796_n.jpg?_nc_ht=instagram.fckc1-1.fna.fbcdn.net&#038;_nc_cat=105&#038;_nc_ohc=204ubQq2NIoAX8Aws5u&#038;oh=a19bbfa9fd825232bfd431fb8afc9e32&#038;oe=5F32C2F3" />																
										4203
										41
								<a href="//www.instagram.com/p/CCNZKhYl4su/" target="_self" rel="noopener noreferrer"></a>
																	<img src="//instagram.fckc1-1.fna.fbcdn.net/v/t51.2885-15/sh0.08/e35/c0.180.1440.1440a/s640x640/106471641_157603235913909_7736832057516384097_n.jpg?_nc_ht=instagram.fckc1-1.fna.fbcdn.net&#038;_nc_cat=109&#038;_nc_ohc=77rjZI5A8msAX9MpgOF&#038;oh=773f0c29a9b06cab31b2a7709f25bb45&#038;oe=5F3138F0" />																
										4433
										17
								<a href="//www.instagram.com/p/CCKu0xDl8hL/" target="_self" rel="noopener noreferrer"></a>
																	<img src="//instagram.fckc1-1.fna.fbcdn.net/v/t51.2885-15/e35/c0.140.360.360a/106380320_120936279372221_4431328429244971006_n.jpg?_nc_ht=instagram.fckc1-1.fna.fbcdn.net&#038;_nc_cat=105&#038;_nc_ohc=RJPnKe7BAwgAX_g-gt9&#038;oh=49e8730590a884bd85c3ea9ddf694a42&#038;oe=5F0AF805" />																
										2339
										29
								<a href="//www.instagram.com/p/CCJNzyrFdZK/" target="_self" rel="noopener noreferrer"></a>
																	<img src="//instagram.fckc1-1.fna.fbcdn.net/v/t51.2885-15/sh0.08/e35/c0.169.1349.1349a/s640x640/106112807_104709751250741_9183059935988137174_n.jpg?_nc_ht=instagram.fckc1-1.fna.fbcdn.net&#038;_nc_cat=105&#038;_nc_ohc=yr6jVzaot7YAX9Rd8F5&#038;oh=9fe467765b90229377b1ba90b0163bcf&#038;oe=5F3042B1" />																
										3439
										24
								<a href="//www.instagram.com/p/CCI2kWtFSkG/" target="_self" rel="noopener noreferrer"></a>
																	<img src="//instagram.fckc1-1.fna.fbcdn.net/v/t51.2885-15/sh0.08/e35/c0.180.1440.1440a/s640x640/106077999_154899646156558_8185208856663432532_n.jpg?_nc_ht=instagram.fckc1-1.fna.fbcdn.net&#038;_nc_cat=110&#038;_nc_ohc=WNdzCr4yd7MAX-Czsl2&#038;oh=23032c1e0289abbba56ef466bfcc25ed&#038;oe=5F318DBF" />																
										3803
										20
								<a href="//www.instagram.com/p/CCGQ6FFlYiT/" target="_self" rel="noopener noreferrer"></a>
																	<img src="//instagram.fckc1-1.fna.fbcdn.net/v/t51.2885-15/sh0.08/e35/c0.180.1440.1440a/s640x640/106109103_161323398782834_4889770299942308576_n.jpg?_nc_ht=instagram.fckc1-1.fna.fbcdn.net&#038;_nc_cat=102&#038;_nc_ohc=E7C6BB9GQSwAX_5npxL&#038;oh=056861742b8685cce9412f42fb986d6a&#038;oe=5F332DF6" />																
										4953
										35
								<a href="//www.instagram.com/p/CCDsJJXFd8C/" target="_self" rel="noopener noreferrer"></a>
																	<img src="//instagram.fckc1-1.fna.fbcdn.net/v/t51.2885-15/sh0.08/e35/c0.180.1440.1440a/s640x640/106110955_158782715711212_3163288103697140815_n.jpg?_nc_ht=instagram.fckc1-1.fna.fbcdn.net&#038;_nc_cat=104&#038;_nc_ohc=L4C0tv7jiYgAX-LiNh8&#038;oh=bddd54e7f6fa00af8e8d270c46122093&#038;oe=5F328998" />																
										5687
										48]]></content:encoded>
		<excerpt:encoded><![CDATA[]]></excerpt:encoded>
		<wp:post_id>459</wp:post_id>
		<wp:post_date>2017-06-22 13:21:53</wp:post_date>
		<wp:post_date_gmt>2017-06-22 13:21:53</wp:post_date_gmt>
		<wp:comment_status>closed</wp:comment_status>
		<wp:ping_status>closed</wp:ping_status>
		<wp:post_name>home-fashion-flat</wp:post_name>
		<wp:status>publish</wp:status>
		<wp:post_parent>0</wp:post_parent>
		<wp:menu_order>0</wp:menu_order>
		<wp:post_type>page</wp:post_type>
		<wp:post_password></wp:post_password>
		<wp:is_sticky>0</wp:is_sticky>
														<wp:postmeta>
			<wp:meta_key>_wp_page_template</wp:meta_key>
			<wp:meta_value><![CDATA[default]]></wp:meta_value>
		</wp:postmeta>
							<wp:postmeta>
			<wp:meta_key>_woodmart_main_layout</wp:meta_key>
			<wp:meta_value><![CDATA[full-width]]></wp:meta_value>
		</wp:postmeta>
							<wp:postmeta>
			<wp:meta_key>_woodmart_header_color_scheme</wp:meta_key>
			<wp:meta_value><![CDATA[inherit]]></wp:meta_value>
		</wp:postmeta>
							<wp:postmeta>
			<wp:meta_key>_woodmart_title_off</wp:meta_key>
			<wp:meta_value><![CDATA[on]]></wp:meta_value>
		</wp:postmeta>
							<wp:postmeta>
			<wp:meta_key>_woodmart_prefooter_off</wp:meta_key>
			<wp:meta_value><![CDATA[on]]></wp:meta_value>
		</wp:postmeta>
							<wp:postmeta>
			<wp:meta_key>_oembed_d22d391431c0644e4c9db68838d19137</wp:meta_key>
			<wp:meta_value><![CDATA[<iframe width="500" height="281" src="https://www.youtube.com/embed/j8LBnHOSLYQ?feature=oembed" frameborder="0" allowfullscreen></iframe>]]></wp:meta_value>
		</wp:postmeta>
							<wp:postmeta>
			<wp:meta_key>_oembed_time_d22d391431c0644e4c9db68838d19137</wp:meta_key>
			<wp:meta_value><![CDATA[1498137739]]></wp:meta_value>
		</wp:postmeta>
							<wp:postmeta>
			<wp:meta_key>_elementor_data</wp:meta_key>
			<wp:meta_value><![CDATA[[{"id":"1619469","elType":"section","settings":{"wd_section_stretch":"stretch-content","gap":"no","margin":{"unit":"px","top":"-40","right":"0","bottom":"0","left":"0","isLinked":""}},"elements":[{"id":"2451823","elType":"column","settings":{"_column_size":"100","column_sticky_offset":"50","scroll_y":"-80"},"elements":[{"id":"9876093","elType":"widget","settings":{"shortcode":"[rev_slider alias=\"fashion-flat\"][\/rev_slider]","revslidertitle":"fashion-flat","scroll_y":"-80"},"elements":[],"widgetType":"slider_revolution"}],"isInner":""}],"isInner":""},{"id":"7176369","elType":"section","settings":{"wd_section_stretch":"stretch_row_content","margin":{"unit":"px","top":"0","right":"0","bottom":"60","left":"0","isLinked":""},"padding":{"unit":"px","top":"0","right":"10","bottom":"0","left":"10","isLinked":""}},"elements":[{"id":"730574","elType":"column","settings":{"_column_size":"100","column_sticky_offset":"50","scroll_y":"-80"},"elements":[{"id":"8589719","elType":"widget","settings":{"slides_per_view":{"size":"4","unit":"px","sizes":[]},"slider_spacing":"10","hide_pagination_control":"yes","hide_prev_next_buttons":"yes","content_repeater":[{"_id":"3481699","image_size":"full","title":"Summer\r\nMen's Wear","subtitle":"Hot list","content":"","btn_text":"See more","image_custom_dimension":{"width":"800","height":"600"},"image":{"id":"463","url":"#"},"vertical_alignment":"middle","link":{"url":"#","is_external":"","nofollow":"","custom_attributes":""},"image_type":"image","image_height":{"unit":"px","size":"300","sizes":[]},"image_height_tablet":{"unit":"px","size":"","sizes":[]},"image_height_mobile":{"unit":"px","size":"","sizes":[]},"image_bg_position":"center center","horizontal_alignment":"left","text_alignment":"left","width":{"unit":"%","size":"","sizes":[]},"width_tablet":{"unit":"%","size":"","sizes":[]},"width_mobile":{"unit":"%","size":"","sizes":[]},"increase_spaces":"no"},{"_id":"3073750","image_size":"full","title":"Fantastic\r\nSpecial Shoes","subtitle":"Category","content":"","btn_text":"See more","image_custom_dimension":{"width":"800","height":"600"},"image":{"id":"463","url":"#"},"vertical_alignment":"middle","link":{"url":"#","is_external":"","nofollow":"","custom_attributes":""},"image_type":"image","image_height":{"unit":"px","size":"300","sizes":[]},"image_height_tablet":{"unit":"px","size":"","sizes":[]},"image_height_mobile":{"unit":"px","size":"","sizes":[]},"image_bg_position":"center center","horizontal_alignment":"left","text_alignment":"left","width":{"unit":"%","size":"","sizes":[]},"width_tablet":{"unit":"%","size":"","sizes":[]},"width_mobile":{"unit":"%","size":"","sizes":[]},"increase_spaces":"no"},{"_id":"989119","image_size":"full","title":"Bags &amp;\r\nHandbags","subtitle":"Women's","content":"","btn_text":"See more","image_custom_dimension":{"width":"800","height":"600"},"image":{"id":"463","url":"#"},"vertical_alignment":"middle","link":{"url":"#","is_external":"","nofollow":"","custom_attributes":""},"image_type":"image","image_height":{"unit":"px","size":"300","sizes":[]},"image_height_tablet":{"unit":"px","size":"","sizes":[]},"image_height_mobile":{"unit":"px","size":"","sizes":[]},"image_bg_position":"center center","horizontal_alignment":"left","text_alignment":"left","width":{"unit":"%","size":"","sizes":[]},"width_tablet":{"unit":"%","size":"","sizes":[]},"width_mobile":{"unit":"%","size":"","sizes":[]},"increase_spaces":"no"},{"_id":"4523268","image_size":"full","title":"Women's\r\nMid-Season","subtitle":"Summertime","content":"","btn_text":"See more","image_custom_dimension":{"width":"800","height":"600"},"image":{"id":"463","url":"#"},"vertical_alignment":"middle","link":{"url":"#","is_external":"","nofollow":"","custom_attributes":""},"image_type":"image","image_height":{"unit":"px","size":"300","sizes":[]},"image_height_tablet":{"unit":"px","size":"","sizes":[]},"image_height_mobile":{"unit":"px","size":"","sizes":[]},"image_bg_position":"center center","horizontal_alignment":"left","text_alignment":"left","width":{"unit":"%","size":"","sizes":[]},"width_tablet":{"unit":"%","size":"","sizes":[]},"width_mobile":{"unit":"%","size":"","sizes":[]},"increase_spaces":"no"}],"title_size":"large","btn_position":"static","btn_color":"primary","btn_style":"link","hide_btn_tablet":"yes","hide_btn_mobile":"yes","scroll_y":"-80","title_typography_typography":"custom","title_typography_font_weight":"400"},"elements":[],"widgetType":"wd_banner_carousel"}],"isInner":""}],"isInner":""},{"id":"6136668","elType":"section","settings":{"margin":{"unit":"px","top":"0","right":"0","bottom":"60","left":"0","isLinked":""},"margin_mobile":{"unit":"px","top":"0","right":"0","bottom":"50","left":"0","isLinked":""}},"elements":[{"id":"9555763","elType":"column","settings":{"_column_size":"100","column_sticky_offset":"50","scroll_y":"-80"},"elements":[{"id":"1577360","elType":"widget","settings":{"subtitle":"WELCOME TO WOODMART","after_title":"Nec sem consequat mi gravida augue augue suspendisse condimentum condimentum vestibulum augue mi gravida ugue.","image_size":"custom","width":{"size":"40","unit":"%"},"size":"large","title":"Featured Categories","width_tablet":{"unit":"%","size":"60","sizes":[]},"width_mobile":{"unit":"%","size":"100","sizes":[]},"scroll_y":"-80"},"elements":[],"widgetType":"wd_title"},{"id":"9830195","elType":"widget","settings":{"orderby":"include","order":"ASC","style":"masonry-first","categories_design":"default","spacing":"20","number":"5","ids":[""],"scroll_y":"-80"},"elements":[],"widgetType":"wd_product_categories"}],"isInner":""}],"isInner":""},{"id":"1041900","elType":"section","settings":{"margin":{"unit":"px","top":"0","right":"0","bottom":"80","left":"0","isLinked":""},"margin_mobile":{"unit":"px","top":"0","right":"0","bottom":"50","left":"0","isLinked":""}},"elements":[{"id":"6234074","elType":"column","settings":{"_column_size":"100","column_sticky_offset":"50","scroll_y":"-80"},"elements":[{"id":"4222648","elType":"widget","settings":{"subtitle":"WELCOME TO WOODMART","after_title":"Nec sem consequat mi gravida augue augue suspendisse condimentum condimentum vestibulum augue mi gravida ugue.","image_size":"custom","width":{"size":"40","unit":"%"},"size":"large","title":"Featured Products","width_tablet":{"unit":"%","size":"60","sizes":[]},"width_mobile":{"unit":"%","size":"100","sizes":[]},"scroll_y":"-80"},"elements":[],"widgetType":"wd_title"},{"id":"9366611","elType":"widget","settings":{"title":"","color":"#bea163","tabs_items":[{"_id":"8036389","image_size":"custom","title":"MAN COLLECTION","items_per_page":"8","pagination":"arrows","products_masonry":"disable","columns":{"size":"4","unit":"px","sizes":[]},"spacing":"20","post_type":"product","include":"","taxonomies":"","orderby":"","offset":"","query_type":"OR","order":"","meta_key":"","exclude":"","image":{"url":"","id":""},"image_custom_dimension":{"width":"","height":""}},{"_id":"4142944","image_size":"custom","title":"WOMAN COLLECTION","items_per_page":"8","pagination":"arrows","products_masonry":"disable","product_hover":"icons","columns":{"size":"4","unit":"px","sizes":[]},"spacing":"20","order":"DESC","post_type":"product","include":"","taxonomies":"","orderby":"","offset":"","query_type":"OR","meta_key":"","exclude":"","image":{"url":"","id":""},"image_custom_dimension":{"width":"","height":""}}],"scroll_y":"-80","items_per_page":"8","pagination":"arrows"},"elements":[],"widgetType":"wd_products_tabs"}],"isInner":""}],"isInner":""},{"id":"5487701","elType":"section","settings":{"wd_section_stretch":"stretch","content_position":"middle","background_background":"classic","background_image":{"url":"http:\/\/dummy.xtemos.com\/woodmart-elementor\/demos\/wp-content\/uploads\/sites\/2\/2017\/06\/wood-main-dark-bg.jpg?id=246","id":""},"background_size":"cover","background_repeat":"no-repeat","structure":"20","gap":"wide","margin":{"unit":"px","top":"0","right":"0","bottom":"75","left":"0","isLinked":""},"margin_mobile":{"unit":"px","top":"0","right":"0","bottom":"50","left":"0","isLinked":""},"padding":{"unit":"px","top":"70","right":"15","bottom":"70","left":"15","isLinked":""},"padding_mobile":{"unit":"px","top":"50","right":"15","bottom":"40","left":"15","isLinked":""}},"elements":[{"id":"9188641","elType":"column","settings":{"_column_size":"50","column_sticky_offset":"50","scroll_y":"-80"},"elements":[{"id":"7081191","elType":"widget","settings":{"video_type":"vimeo","link":"https:\/\/www.youtube.com\/watch?v=j8LBnHOSLYQ","show_image_overlay":"yes","image_overlay":{"id":"44","url":"#"},"youtube_url":"https:\/\/www.youtube.com\/watch?v=XHOmBV4js_E","vimeo_url":"https:\/\/vimeo.com\/235215203","dailymotion_url":"https:\/\/www.dailymotion.com\/video\/x6tqhqb","wd_theme_style":"theme-style","scroll_y":"-80"},"elements":[],"widgetType":"video"}],"isInner":""},{"id":"812825","elType":"column","settings":{"_column_size":"50","wd_color_scheme":"light","column_sticky_offset":"50","scroll_y":"-80"},"elements":[{"id":"5043384","elType":"widget","settings":{"subtitle":"PORTTITOR ADIPISCING PARTURIENT","after_title":"Etiam semper nibh orci, ac tincidunt mi consectetur a. In quis tortor ex. Morbi cursus sed neque quis dictum. Duis bibendum ullamcorper pharetra. Vivamus quis turpis et enim cursus neque quis dictum volutpat convallis.","image_size":"custom","width":{"size":"90","unit":"%"},"color":"white","size":"large","align":"left","title":"Enjoy the best quality and features made by WoodMart.","scroll_y":"-80"},"elements":[],"widgetType":"wd_title"},{"id":"7103560","elType":"widget","settings":{"color":"white","_element_width":"auto","text":"SHOP NOW","_margin":{"unit":"px","top":"0","right":"15","bottom":"10","left":"0","isLinked":""},"scroll_y":"-80"},"elements":[],"widgetType":"wd_button"},{"id":"3207506","elType":"widget","settings":{"color":"white","style":"bordered","_element_width":"auto","text":"VIEW MORE","_margin":{"unit":"px","top":"0","right":"0","bottom":"10","left":"0","isLinked":""},"scroll_y":"-80"},"elements":[],"widgetType":"wd_button"}],"isInner":""}],"isInner":""},{"id":"1863386","elType":"section","settings":{"margin":{"unit":"px","top":"0","right":"0","bottom":"60","left":"0","isLinked":""},"margin_mobile":{"unit":"px","top":"0","right":"0","bottom":"50","left":"0","isLinked":""}},"elements":[{"id":"5656037","elType":"column","settings":{"_column_size":"100","column_sticky_offset":"50","scroll_y":"-80"},"elements":[{"id":"8596885","elType":"widget","settings":{"subtitle":"WELCOME TO WOODMART","after_title":"Nec sem consequat mi gravida augue augue suspendisse condimentum condimentum vestibulum augue mi gravida ugue.","image_size":"custom","width":{"size":"40","unit":"%"},"size":"large","title":"Our Latest Posts","width_tablet":{"unit":"%","size":"60","sizes":[]},"width_mobile":{"unit":"%","size":"100","sizes":[]},"scroll_y":"-80"},"elements":[],"widgetType":"wd_title"},{"id":"2338157","elType":"widget","settings":{"blog_spacing":"20","post_type":"ids","items_per_page":"5","blog_design":"carousel","slides_per_view":{"size":"4","unit":"px","sizes":[]},"img_size":"medium","scroll_y":"-80"},"elements":[],"widgetType":"wd_blog"}],"isInner":""}],"isInner":""},{"id":"9074589","elType":"section","settings":{"wd_section_stretch":"stretch","content_position":"middle","background_background":"classic","background_image":{"url":"http:\/\/dummy.xtemos.com\/woodmart-elementor\/demos\/wp-content\/uploads\/sites\/2\/2017\/06\/wood-main-dark-bg.jpg?id=246","id":""},"background_size":"cover","background_repeat":"no-repeat","margin":{"unit":"px","top":"0","right":"0","bottom":"75","left":"0","isLinked":""},"padding":{"unit":"px","top":"140","right":"30","bottom":"140","left":"30","isLinked":""},"padding_mobile":{"unit":"px","top":"100","right":"15","bottom":"100","left":"15","isLinked":""}},"elements":[{"id":"5440546","elType":"column","settings":{"_column_size":"100","column_sticky_offset":"50","scroll_y":"-80"},"elements":[{"id":"4673078","elType":"widget","settings":{"subtitle":"CONDIM PARTURIENT VENENATIS","after_title":"Be the first to learn about our latest trends and get exclusive offers.","image_size":"custom","width":{"size":"40","unit":"%"},"color":"white","size":"extra-large","title":"Hi there, sign up and connect to WoodMart!","width_tablet":{"unit":"%","size":"100","sizes":[]},"width_mobile":{"unit":"%","size":"100","sizes":[]},"title_typography_typography":"custom","scroll_y":"-80"},"elements":[],"widgetType":"wd_title"},{"id":"9239886","elType":"widget","settings":{"color":"primary","size":"extra-large","text":"Newsletter Subscribe","el_class":"woodmart-open-newsletter","scroll_y":"-80"},"elements":[],"widgetType":"wd_button"}],"isInner":""}],"isInner":""},{"id":"2465739","elType":"section","settings":{"content_position":"middle","structure":"20","margin":{"unit":"px","top":"0","right":"0","bottom":"65","left":"0","isLinked":""}},"elements":[{"id":"7290259","elType":"column","settings":{"_column_size":"50","el_class":"text-center","align":"center","margin_mobile":{"unit":"px","top":"0","right":"0","bottom":"35","left":"0","isLinked":""},"column_sticky_offset":"50","scroll_y":"-80"},"elements":[{"id":"1432850","elType":"widget","settings":{"subtitle":"CONDIMENTUM QUIS NASCETUR","after_title":"Etiam semper nibh orci, ac tincidunt mi consectetur a. In quis tortor ex. Morbi cursus sed neque quis dictum. Duis bibendum ullamcorper pharetra. Vivamus quis turpis et enim cursus neque quis.","image_size":"custom","width":{"size":"80","unit":"%"},"size":"large","title":"Discover fashion and style on our online worldwide store.","width_mobile":{"unit":"%","size":"100","sizes":[]},"scroll_y":"-80"},"elements":[],"widgetType":"wd_title"},{"id":"4560506","elType":"widget","settings":{"color":"primary","_element_width":"auto","text":"SHOP NOW","_margin":{"unit":"px","top":"0","right":"15","bottom":"10","left":"0","isLinked":""},"scroll_y":"-80"},"elements":[],"widgetType":"wd_button"},{"id":"1749705","elType":"widget","settings":{"style":"bordered","_element_width":"auto","text":"VIEW MORE","_margin":{"unit":"px","top":"0","right":"0","bottom":"10","left":"0","isLinked":""},"scroll_y":"-80"},"elements":[],"widgetType":"wd_button"}],"isInner":""},{"id":"365805","elType":"column","settings":{"_column_size":"50","column_sticky_offset":"50","scroll_y":"-80"},"elements":[{"id":"2968112","elType":"widget","settings":{"hover":"alt","brand_style":"bordered","style":"grid","columns":{"size":"3","unit":"px","sizes":[]},"number":"9","scroll_y":"-80"},"elements":[],"widgetType":"wd_products_brands"}],"isInner":""}],"isInner":""},{"id":"9232681","elType":"section","settings":{"wd_section_stretch":"stretch-content","gap":"no","margin":{"unit":"px","top":"0","right":"0","bottom":"-40","left":"0","isLinked":""},"padding":{"unit":"px","top":"0","right":"0","bottom":"0","left":"0","isLinked":"1"}},"elements":[{"id":"2314395","elType":"column","settings":{"_column_size":"100","column_sticky_offset":"50","scroll_y":"-80"},"elements":[{"id":"3551451","elType":"widget","settings":{"data_source":"ajax","size":"large","per_row":{"size":"6","unit":"px","sizes":[]},"username":"yoyokulala","number":{"size":"12","unit":"px","sizes":[]},"content":"<p><\/p>\n<h4 style=\"text-align: center;margin-bottom: 0\"><strong>INSTAGRAM<\/strong><\/h4>\n<h6 style=\"text-align: center;margin-bottom: 10px\"><span style=\"color: #c4c4c4\">@WOOD_FASHION<\/span><\/h6>\n<p style=\"text-align: center\">Porttitor adipiscing a velmus lacinia parturient adipiscing lobortis vestibulum lacinia class.<\/p>","scroll_y":"-80"},"elements":[],"widgetType":"wd_instagram"}],"isInner":""}],"isInner":""}]]]></wp:meta_value>
		</wp:postmeta>
							<wp:postmeta>
			<wp:meta_key>_elementor_edit_mode</wp:meta_key>
			<wp:meta_value><![CDATA[builder]]></wp:meta_value>
		</wp:postmeta>
							<wp:postmeta>
			<wp:meta_key>_elementor_version</wp:meta_key>
			<wp:meta_value><![CDATA[2.9.11]]></wp:meta_value>
		</wp:postmeta>
							<wp:postmeta>
			<wp:meta_key>_elementor_template_type</wp:meta_key>
			<wp:meta_value><![CDATA[wp-page]]></wp:meta_value>
		</wp:postmeta>
							<wp:postmeta>
			<wp:meta_key>_elementor_controls_usage</wp:meta_key>
			<wp:meta_value><![CDATA[a:12:{s:17:"slider_revolution";a:3:{s:5:"count";i:1;s:15:"control_percent";i:2;s:8:"controls";a:2:{s:7:"content";a:1:{s:15:"content_section";a:2:{s:9:"shortcode";i:1;s:14:"revslidertitle";i:1;}}s:8:"advanced";a:1:{s:8:"wd_extra";a:1:{s:8:"scroll_y";i:1;}}}}s:6:"column";a:3:{s:5:"count";i:11;s:15:"control_percent";i:1;s:8:"controls";a:3:{s:8:"advanced";a:2:{s:8:"wd_extra";a:2:{s:20:"column_sticky_offset";i:11;s:8:"scroll_y";i:11;}s:16:"section_advanced";a:1:{s:13:"margin_mobile";i:1;}}s:5:"style";a:1:{s:14:"wd_extra_style";a:1:{s:15:"wd_color_scheme";i:1;}}s:6:"layout";a:1:{s:6:"layout";a:1:{s:5:"align";i:1;}}}}s:7:"section";a:3:{s:5:"count";i:9;s:15:"control_percent";i:1;s:8:"controls";a:3:{s:6:"layout";a:3:{s:15:"wd_extra_layout";a:1:{s:18:"wd_section_stretch";i:5;}s:14:"section_layout";a:2:{s:3:"gap";i:3;s:16:"content_position";i:3;}s:17:"section_structure";a:1:{s:9:"structure";i:2;}}s:8:"advanced";a:1:{s:16:"section_advanced";a:4:{s:6:"margin";i:9;s:7:"padding";i:4;s:13:"margin_mobile";i:4;s:14:"padding_mobile";i:2;}}s:5:"style";a:1:{s:18:"section_background";a:4:{s:21:"background_background";i:2;s:16:"background_image";i:2;s:15:"background_size";i:2;s:17:"background_repeat";i:2;}}}}s:18:"wd_banner_carousel";a:3:{s:5:"count";i:1;s:15:"control_percent";i:5;s:8:"controls";a:3:{s:5:"style";a:4:{s:22:"carousel_style_section";a:4:{s:15:"slides_per_view";i:1;s:14:"slider_spacing";i:1;s:23:"hide_pagination_control";i:1;s:22:"hide_prev_next_buttons";i:1;}s:21:"general_style_section";a:1:{s:10:"title_size";i:1;}s:20:"button_style_section";a:5:{s:12:"btn_position";i:1;s:9:"btn_color";i:1;s:9:"btn_style";i:1;s:15:"hide_btn_tablet";i:1;s:15:"hide_btn_mobile";i:1;}s:19:"title_style_section";a:2:{s:27:"title_typography_typography";i:1;s:28:"title_typography_font_weight";i:1;}}s:7:"content";a:1:{s:23:"general_content_section";a:1:{s:16:"content_repeater";i:1;}}s:8:"advanced";a:1:{s:8:"wd_extra";a:1:{s:8:"scroll_y";i:1;}}}}s:8:"wd_title";a:3:{s:5:"count";i:6;s:15:"control_percent";i:3;s:8:"controls";a:3:{s:7:"content";a:1:{s:23:"general_content_section";a:3:{s:8:"subtitle";i:6;s:11:"after_title";i:6;s:5:"title";i:6;}}s:5:"style";a:2:{s:19:"title_style_section";a:2:{s:10:"image_size";i:6;s:27:"title_typography_typography";i:1;}s:21:"general_style_section";a:6:{s:5:"width";i:6;s:4:"size";i:6;s:12:"width_tablet";i:4;s:12:"width_mobile";i:5;s:5:"color";i:2;s:5:"align";i:1;}}s:8:"advanced";a:1:{s:8:"wd_extra";a:1:{s:8:"scroll_y";i:6;}}}}s:21:"wd_product_categories";a:3:{s:5:"count";i:1;s:15:"control_percent";i:4;s:8:"controls";a:3:{s:7:"content";a:1:{s:23:"general_content_section";a:4:{s:7:"orderby";i:1;s:5:"order";i:1;s:6:"number";i:1;s:3:"ids";i:1;}}s:5:"style";a:2:{s:20:"layout_style_section";a:2:{s:5:"style";i:1;s:7:"spacing";i:1;}s:20:"design_style_section";a:1:{s:17:"categories_design";i:1;}}s:8:"advanced";a:1:{s:8:"wd_extra";a:1:{s:8:"scroll_y";i:1;}}}}s:16:"wd_products_tabs";a:3:{s:5:"count";i:1;s:15:"control_percent";i:3;s:8:"controls";a:3:{s:7:"content";a:2:{s:23:"general_content_section";a:1:{s:5:"title";i:1;}s:20:"tabs_content_section";a:1:{s:10:"tabs_items";i:1;}}s:5:"style";a:2:{s:21:"heading_style_section";a:1:{s:5:"color";i:1;}s:29:"products_layout_style_section";a:2:{s:14:"items_per_page";i:1;s:10:"pagination";i:1;}}s:8:"advanced";a:1:{s:8:"wd_extra";a:1:{s:8:"scroll_y";i:1;}}}}s:5:"video";a:3:{s:5:"count";i:1;s:15:"control_percent";i:2;s:8:"controls";a:3:{s:7:"content";a:2:{s:13:"section_video";a:1:{s:10:"video_type";i:1;}s:21:"section_image_overlay";a:2:{s:18:"show_image_overlay";i:1;s:13:"image_overlay";i:1;}}s:5:"style";a:1:{s:19:"section_video_style";a:1:{s:14:"wd_theme_style";i:1;}}s:8:"advanced";a:1:{s:8:"wd_extra";a:1:{s:8:"scroll_y";i:1;}}}}s:9:"wd_button";a:3:{s:5:"count";i:5;s:15:"control_percent";i:2;s:8:"controls";a:3:{s:5:"style";a:1:{s:21:"general_style_section";a:3:{s:5:"color";i:4;s:5:"style";i:2;s:4:"size";i:1;}}s:8:"advanced";a:3:{s:17:"_section_position";a:1:{s:14:"_element_width";i:4;}s:14:"_section_style";a:1:{s:7:"_margin";i:4;}s:8:"wd_extra";a:1:{s:8:"scroll_y";i:5;}}s:7:"content";a:1:{s:23:"general_content_section";a:1:{s:4:"text";i:5;}}}}s:7:"wd_blog";a:3:{s:5:"count";i:1;s:15:"control_percent";i:3;s:8:"controls";a:3:{s:5:"style";a:2:{s:21:"general_style_section";a:4:{s:12:"blog_spacing";i:1;s:14:"items_per_page";i:1;s:11:"blog_design";i:1;s:8:"img_size";i:1;}s:22:"carousel_style_section";a:1:{s:15:"slides_per_view";i:1;}}s:7:"content";a:1:{s:23:"general_content_section";a:1:{s:9:"post_type";i:1;}}s:8:"advanced";a:1:{s:8:"wd_extra";a:1:{s:8:"scroll_y";i:1;}}}}s:18:"wd_products_brands";a:3:{s:5:"count";i:1;s:15:"control_percent";i:3;s:8:"controls";a:3:{s:5:"style";a:1:{s:21:"general_style_section";a:4:{s:5:"hover";i:1;s:11:"brand_style";i:1;s:5:"style";i:1;s:7:"columns";i:1;}}s:7:"content";a:1:{s:23:"general_content_section";a:1:{s:6:"number";i:1;}}s:8:"advanced";a:1:{s:8:"wd_extra";a:1:{s:8:"scroll_y";i:1;}}}}s:12:"wd_instagram";a:3:{s:5:"count";i:1;s:15:"control_percent";i:3;s:8:"controls";a:3:{s:7:"content";a:2:{s:23:"general_content_section";a:3:{s:11:"data_source";i:1;s:4:"size";i:1;s:8:"username";i:1;}s:15:"content_section";a:1:{s:7:"content";i:1;}}s:5:"style";a:1:{s:22:"layout_content_section";a:2:{s:7:"per_row";i:1;s:6:"number";i:1;}}s:8:"advanced";a:1:{s:8:"wd_extra";a:1:{s:8:"scroll_y";i:1;}}}}}]]></wp:meta_value>
		</wp:postmeta>
						</item>
					<item>
		<title>
				baner-flat-fashion-7		</title>
		<link>http://dummy.xtemos.com/woodmart-elementor/demos/home-fashion-flat/baner-flat-fashion-7/</link>
		<pubDate>Thu, 22 Jun 2017 13:30:23 +0000</pubDate>
		<dc:creator><![CDATA[erwin]]></dc:creator>
		<guid isPermaLink="false">http://dummy.xtemos.com/woodmart-elementor/demos/wp-content/uploads/sites/2/2017/06/baner-flat-fashion-7.jpg</guid>
		<description></description>
		<content:encoded><![CDATA[]]></content:encoded>
		<excerpt:encoded><![CDATA[]]></excerpt:encoded>
		<wp:post_id>463</wp:post_id>
		<wp:post_date>2017-06-22 13:30:23</wp:post_date>
		<wp:post_date_gmt>2017-06-22 13:30:23</wp:post_date_gmt>
		<wp:comment_status>open</wp:comment_status>
		<wp:ping_status>closed</wp:ping_status>
		<wp:post_name>baner-flat-fashion-7</wp:post_name>
		<wp:status>inherit</wp:status>
		<wp:post_parent>459</wp:post_parent>
		<wp:menu_order>0</wp:menu_order>
		<wp:post_type>attachment</wp:post_type>
		<wp:post_password></wp:post_password>
		<wp:is_sticky>0</wp:is_sticky>
						<wp:attachment_url>http://dummy.xtemos.com/woodmart-elementor/demos/wp-content/uploads/sites/2/2017/06/baner-flat-fashion-7.jpg</wp:attachment_url>
												<wp:postmeta>
			<wp:meta_key>_wp_attached_file</wp:meta_key>
			<wp:meta_value><![CDATA[2017/06/baner-flat-fashion-7.jpg]]></wp:meta_value>
		</wp:postmeta>
						</item>
				</channel>
</rss>
	