<?xml version="1.0" encoding="UTF-8" ?>
<!-- This is a WordPress eXtended RSS file generated by WordPress as an export of your site. -->
<!-- It contains information about your site's posts, pages, comments, categories, and other content. -->
<!-- You may use this file to transfer that content from one site to another. -->
<!-- This file is not intended to serve as a complete backup of your site. -->

<!-- To import this information into a WordPress site follow these steps: -->
<!-- 1. Log in to that site as an administrator. -->
<!-- 2. Go to Tools: Import in the WordPress admin panel. -->
<!-- 3. Install the "WordPress" importer from the list. -->
<!-- 4. Activate & Run Importer. -->
<!-- 5. Upload this file using the form provided on that page. -->
<!-- 6. You will first be asked to map the authors in this export file to users -->
<!--    on the site. For each author, you may choose to map to an -->
<!--    existing user on the site or to create a new user. -->
<!-- 7. WordPress will then import each of the posts, pages, comments, categories, etc. -->
<!--    contained in this file into your site. -->

	<!-- generator="WordPress/5.4.2" created="2020-07-13 08:12" -->
<rss version="2.0"
	xmlns:excerpt="http://wordpress.org/export/1.2/excerpt/"
	xmlns:content="http://purl.org/rss/1.0/modules/content/"
	xmlns:wfw="http://wellformedweb.org/CommentAPI/"
	xmlns:dc="http://purl.org/dc/elements/1.1/"
	xmlns:wp="http://wordpress.org/export/1.2/"
>

<channel>
	<title>Woodmart dummy demos</title>
	<link>http://dummy.xtemos.com/woodmart-elementor/demos</link>
	<description>Just another Woodmart Dummy Content Sites site</description>
	<pubDate>Mon, 13 Jul 2020 08:12:40 +0000</pubDate>
	<language>en-US</language>
	<wp:wxr_version>1.2</wp:wxr_version>
	<wp:base_site_url>http://dummy.xtemos.com/woodmart-elementor/</wp:base_site_url>
	<wp:base_blog_url>http://dummy.xtemos.com/woodmart-elementor/demos</wp:base_blog_url>

		<wp:author><wp:author_id>2</wp:author_id><wp:author_login>erwin</wp:author_login><wp:author_email>ss@asas.as</wp:author_email><wp:author_display_name><![CDATA[erwin]]></wp:author_display_name><wp:author_first_name><![CDATA[]]></wp:author_first_name><wp:author_last_name><![CDATA[]]></wp:author_last_name></wp:author>

				
	<generator>https://wordpress.org/?v=5.4.2</generator>

		<item>
		<title>
				wood-main-bg		</title>
		<link>http://dummy.xtemos.com/woodmart-elementor/demos/?attachment_id=44</link>
		<pubDate>Wed, 14 Jun 2017 08:07:10 +0000</pubDate>
		<dc:creator><![CDATA[admin]]></dc:creator>
		<guid isPermaLink="false">http://dummy.xtemos.com/woodmart-elementor/demos/wp-content/uploads/sites/2/2017/06/wood-main-bg.jpg</guid>
		<description></description>
		<content:encoded><![CDATA[]]></content:encoded>
		<excerpt:encoded><![CDATA[]]></excerpt:encoded>
		<wp:post_id>44</wp:post_id>
		<wp:post_date>2017-06-14 08:07:10</wp:post_date>
		<wp:post_date_gmt>2017-06-14 08:07:10</wp:post_date_gmt>
		<wp:comment_status>open</wp:comment_status>
		<wp:ping_status>closed</wp:ping_status>
		<wp:post_name>wood-main-bg</wp:post_name>
		<wp:status>inherit</wp:status>
		<wp:post_parent>42</wp:post_parent>
		<wp:menu_order>0</wp:menu_order>
		<wp:post_type>attachment</wp:post_type>
		<wp:post_password></wp:post_password>
		<wp:is_sticky>0</wp:is_sticky>
						<wp:attachment_url>http://dummy.xtemos.com/woodmart-elementor/demos/wp-content/uploads/sites/2/2017/06/wood-main-bg.jpg</wp:attachment_url>
												<wp:postmeta>
			<wp:meta_key>_wp_attached_file</wp:meta_key>
			<wp:meta_value><![CDATA[2017/06/wood-main-bg.jpg]]></wp:meta_value>
		</wp:postmeta>
						</item>
					<item>
		<title>
				Home furniture		</title>
		<link>http://dummy.xtemos.com/woodmart-elementor/demos/home-furniture/</link>
		<pubDate>Fri, 23 Jun 2017 09:42:21 +0000</pubDate>
		<dc:creator><![CDATA[erwin]]></dc:creator>
		<guid isPermaLink="false">http://dummy.xtemos.com/woodmart-elementor/demos/?page_id=520</guid>
		<description></description>
		<content:encoded><![CDATA[<article id="post-368">
		<header>
							<figure>
						<a href="http://dummy.xtemos.com/woodmart-elementor/demos/2017/06/22/minimalist-japanese-inspired-furniture/">
							<img width="1140" height="696" src="http://dummy.xtemos.com/woodmart-elementor/demos/wp-content/uploads/sites/2/2017/06/wood-blog-placeholder.jpg" alt="" />						</a>
				</figure>
					22				
					Jun				
				</header><!-- .entry-header -->
							<a href="http://dummy.xtemos.com/woodmart-elementor/demos/category/furniture/" rel="category tag">Furniture</a>
							<h3>
					<a href="http://dummy.xtemos.com/woodmart-elementor/demos/2017/06/22/minimalist-japanese-inspired-furniture/" rel="bookmark">Minimalist Japanese-inspired furniture</a>
				</h3>
								<ul>
										<li>June 22, 2017</li>
																<li>
															Posted by																						<img alt='author-avatar' src='http://2.gravatar.com/avatar/e2861dedf067ea2500566d0269cf9e64?s=32&#038;d=mm&#038;r=g' class='avatar avatar-32 photo' height='32' width='32' />														<a href="http://dummy.xtemos.com/woodmart-elementor/demos/author/admin/" rel="author">
									admin
							</a>
						</li>
																																																			<li>
														<a href="http://dummy.xtemos.com/woodmart-elementor/demos/2017/06/22/minimalist-japanese-inspired-furniture/#respond">0 comments</a>						</li>
																						</ul>
						<!-- .entry-meta -->
									<a rel="nofollow noopener noreferrer" href="https://www.facebook.com/sharer/sharer.php?u=http://dummy.xtemos.com/woodmart-elementor/demos/2017/06/22/minimalist-japanese-inspired-furniture/" target="_blank">
						<i></i>
						Facebook
					</a>
									<a rel="nofollow noopener noreferrer" href="https://twitter.com/share?url=http://dummy.xtemos.com/woodmart-elementor/demos/2017/06/22/minimalist-japanese-inspired-furniture/" target="_blank">
						<i></i>
						Twitter
					</a>
									<a rel="nofollow noopener noreferrer" href="https://pinterest.com/pin/create/button/?url=http://dummy.xtemos.com/woodmart-elementor/demos/2017/06/22/minimalist-japanese-inspired-furniture/&amp;media=http://dummy.xtemos.com/woodmart-elementor/demos/wp-content/uploads/sites/2/2017/06/wood-blog-placeholder.jpg&amp;description=Minimalist+Japanese-inspired+furniture" target="_blank">
						<i></i>
						Pinterest
					</a>
									<a rel="nofollow noopener noreferrer" href="https://www.linkedin.com/shareArticle?mini=true&amp;url=http://dummy.xtemos.com/woodmart-elementor/demos/2017/06/22/minimalist-japanese-inspired-furniture/" target="_blank">
						<i></i>
						linkedin
					</a>
									<a rel="nofollow noopener noreferrer" href="https://telegram.me/share/url?url=http://dummy.xtemos.com/woodmart-elementor/demos/2017/06/22/minimalist-japanese-inspired-furniture/" target="_blank">
						<i></i>
						Telegram
					</a>
					Ac haca ullamcorper donec ante habi tasse donec imperdiet eturpis varius per a augue magna hac. Nec hac et vestibulum duis a tincidunt ...<p><a href="http://dummy.xtemos.com/woodmart-elementor/demos/2017/06/22/minimalist-japanese-inspired-furniture/">Continue reading</a></p>				<!-- .entry-content -->
</article><!-- #post -->
<article id="post-232">
		<header>
							<figure>
						<a href="http://dummy.xtemos.com/woodmart-elementor/demos/2017/06/16/new-home-decor-from-john-doerson/">
							<img width="1140" height="696" src="http://dummy.xtemos.com/woodmart-elementor/demos/wp-content/uploads/sites/2/2017/06/wood-blog-placeholder.jpg" alt="" />						</a>
				</figure>
					16				
					Jun				
				</header><!-- .entry-header -->
							<a href="http://dummy.xtemos.com/woodmart-elementor/demos/category/furniture/" rel="category tag">Furniture</a>
							<h3>
					<a href="http://dummy.xtemos.com/woodmart-elementor/demos/2017/06/16/new-home-decor-from-john-doerson/" rel="bookmark">New home decor from John Doerson</a>
				</h3>
								<ul>
										<li>June 16, 2017</li>
																<li>
															Posted by																						<img alt='author-avatar' src='http://2.gravatar.com/avatar/e2861dedf067ea2500566d0269cf9e64?s=32&#038;d=mm&#038;r=g' class='avatar avatar-32 photo' height='32' width='32' />														<a href="http://dummy.xtemos.com/woodmart-elementor/demos/author/admin/" rel="author">
									admin
							</a>
						</li>
																																																			<li>
														<a href="http://dummy.xtemos.com/woodmart-elementor/demos/2017/06/16/new-home-decor-from-john-doerson/#respond">0 comments</a>						</li>
																						</ul>
						<!-- .entry-meta -->
									<a rel="nofollow noopener noreferrer" href="https://www.facebook.com/sharer/sharer.php?u=http://dummy.xtemos.com/woodmart-elementor/demos/2017/06/16/new-home-decor-from-john-doerson/" target="_blank">
						<i></i>
						Facebook
					</a>
									<a rel="nofollow noopener noreferrer" href="https://twitter.com/share?url=http://dummy.xtemos.com/woodmart-elementor/demos/2017/06/16/new-home-decor-from-john-doerson/" target="_blank">
						<i></i>
						Twitter
					</a>
									<a rel="nofollow noopener noreferrer" href="https://pinterest.com/pin/create/button/?url=http://dummy.xtemos.com/woodmart-elementor/demos/2017/06/16/new-home-decor-from-john-doerson/&amp;media=http://dummy.xtemos.com/woodmart-elementor/demos/wp-content/uploads/sites/2/2017/06/wood-blog-placeholder.jpg&amp;description=New+home+decor+from+John+Doerson" target="_blank">
						<i></i>
						Pinterest
					</a>
									<a rel="nofollow noopener noreferrer" href="https://www.linkedin.com/shareArticle?mini=true&amp;url=http://dummy.xtemos.com/woodmart-elementor/demos/2017/06/16/new-home-decor-from-john-doerson/" target="_blank">
						<i></i>
						linkedin
					</a>
									<a rel="nofollow noopener noreferrer" href="https://telegram.me/share/url?url=http://dummy.xtemos.com/woodmart-elementor/demos/2017/06/16/new-home-decor-from-john-doerson/" target="_blank">
						<i></i>
						Telegram
					</a>
					Ullamcorper condimentum erat pretium velit at ut a nunc id a adeu vestibulum nibh urna nam consequat erat molestie lacinia rhoncus. Nis...<p><a href="http://dummy.xtemos.com/woodmart-elementor/demos/2017/06/16/new-home-decor-from-john-doerson/">Continue reading</a></p>				<!-- .entry-content -->
</article><!-- #post -->
<article id="post-226">
		<header>
							<figure>
						<a href="http://dummy.xtemos.com/woodmart-elementor/demos/2017/06/16/the-big-design-wall-likes-pictures/">
							<img width="1140" height="696" src="http://dummy.xtemos.com/woodmart-elementor/demos/wp-content/uploads/sites/2/2017/06/wood-blog-placeholder.jpg" alt="" />						</a>
				</figure>
					16				
					Jun				
				</header><!-- .entry-header -->
							<a href="http://dummy.xtemos.com/woodmart-elementor/demos/category/design-trends/" rel="category tag">Design trends</a>
							<h3>
					<a href="http://dummy.xtemos.com/woodmart-elementor/demos/2017/06/16/the-big-design-wall-likes-pictures/" rel="bookmark">The big design: Wall likes pictures</a>
				</h3>
								<ul>
										<li>June 16, 2017</li>
																<li>
															Posted by																						<img alt='author-avatar' src='http://2.gravatar.com/avatar/e2861dedf067ea2500566d0269cf9e64?s=32&#038;d=mm&#038;r=g' class='avatar avatar-32 photo' height='32' width='32' />														<a href="http://dummy.xtemos.com/woodmart-elementor/demos/author/admin/" rel="author">
									admin
							</a>
						</li>
																																																			<li>
														<a href="http://dummy.xtemos.com/woodmart-elementor/demos/2017/06/16/the-big-design-wall-likes-pictures/#respond">0 comments</a>						</li>
																						</ul>
						<!-- .entry-meta -->
									<a rel="nofollow noopener noreferrer" href="https://www.facebook.com/sharer/sharer.php?u=http://dummy.xtemos.com/woodmart-elementor/demos/2017/06/16/the-big-design-wall-likes-pictures/" target="_blank">
						<i></i>
						Facebook
					</a>
									<a rel="nofollow noopener noreferrer" href="https://twitter.com/share?url=http://dummy.xtemos.com/woodmart-elementor/demos/2017/06/16/the-big-design-wall-likes-pictures/" target="_blank">
						<i></i>
						Twitter
					</a>
									<a rel="nofollow noopener noreferrer" href="https://pinterest.com/pin/create/button/?url=http://dummy.xtemos.com/woodmart-elementor/demos/2017/06/16/the-big-design-wall-likes-pictures/&amp;media=http://dummy.xtemos.com/woodmart-elementor/demos/wp-content/uploads/sites/2/2017/06/wood-blog-placeholder.jpg&amp;description=The+big+design%3A+Wall+likes+pictures" target="_blank">
						<i></i>
						Pinterest
					</a>
									<a rel="nofollow noopener noreferrer" href="https://www.linkedin.com/shareArticle?mini=true&amp;url=http://dummy.xtemos.com/woodmart-elementor/demos/2017/06/16/the-big-design-wall-likes-pictures/" target="_blank">
						<i></i>
						linkedin
					</a>
									<a rel="nofollow noopener noreferrer" href="https://telegram.me/share/url?url=http://dummy.xtemos.com/woodmart-elementor/demos/2017/06/16/the-big-design-wall-likes-pictures/" target="_blank">
						<i></i>
						Telegram
					</a>
					Parturient in potenti id rutrum duis torquent parturient sceler isque sit vestibulum a posuere scelerisque viverra urna. Egestas tristi...<p><a href="http://dummy.xtemos.com/woodmart-elementor/demos/2017/06/16/the-big-design-wall-likes-pictures/">Continue reading</a></p>				<!-- .entry-content -->
</article><!-- #post -->
<article id="post-128">
		<header>
							<figure>
						<a href="http://dummy.xtemos.com/woodmart-elementor/demos/2017/06/14/sweet-seat-functional-seat-for-it-folks/">
							<img width="1140" height="696" src="http://dummy.xtemos.com/woodmart-elementor/demos/wp-content/uploads/sites/2/2017/06/wood-blog-placeholder.jpg" alt="" />						</a>
				</figure>
					14				
					Jun				
				</header><!-- .entry-header -->
							<a href="http://dummy.xtemos.com/woodmart-elementor/demos/category/furniture/" rel="category tag">Furniture</a>
							<h3>
					<a href="http://dummy.xtemos.com/woodmart-elementor/demos/2017/06/14/sweet-seat-functional-seat-for-it-folks/" rel="bookmark">Sweet seat: functional seat for IT folks</a>
				</h3>
								<ul>
										<li>June 14, 2017</li>
																<li>
															Posted by																						<img alt='author-avatar' src='http://2.gravatar.com/avatar/e2861dedf067ea2500566d0269cf9e64?s=32&#038;d=mm&#038;r=g' class='avatar avatar-32 photo' height='32' width='32' />														<a href="http://dummy.xtemos.com/woodmart-elementor/demos/author/admin/" rel="author">
									admin
							</a>
						</li>
																																																			<li>
														<a href="http://dummy.xtemos.com/woodmart-elementor/demos/2017/06/14/sweet-seat-functional-seat-for-it-folks/#respond">0 comments</a>						</li>
																						</ul>
						<!-- .entry-meta -->
									<a rel="nofollow noopener noreferrer" href="https://www.facebook.com/sharer/sharer.php?u=http://dummy.xtemos.com/woodmart-elementor/demos/2017/06/14/sweet-seat-functional-seat-for-it-folks/" target="_blank">
						<i></i>
						Facebook
					</a>
									<a rel="nofollow noopener noreferrer" href="https://twitter.com/share?url=http://dummy.xtemos.com/woodmart-elementor/demos/2017/06/14/sweet-seat-functional-seat-for-it-folks/" target="_blank">
						<i></i>
						Twitter
					</a>
									<a rel="nofollow noopener noreferrer" href="https://pinterest.com/pin/create/button/?url=http://dummy.xtemos.com/woodmart-elementor/demos/2017/06/14/sweet-seat-functional-seat-for-it-folks/&amp;media=http://dummy.xtemos.com/woodmart-elementor/demos/wp-content/uploads/sites/2/2017/06/wood-blog-placeholder.jpg&amp;description=Sweet+seat%3A+functional+seat+for+IT+folks" target="_blank">
						<i></i>
						Pinterest
					</a>
									<a rel="nofollow noopener noreferrer" href="https://www.linkedin.com/shareArticle?mini=true&amp;url=http://dummy.xtemos.com/woodmart-elementor/demos/2017/06/14/sweet-seat-functional-seat-for-it-folks/" target="_blank">
						<i></i>
						linkedin
					</a>
									<a rel="nofollow noopener noreferrer" href="https://telegram.me/share/url?url=http://dummy.xtemos.com/woodmart-elementor/demos/2017/06/14/sweet-seat-functional-seat-for-it-folks/" target="_blank">
						<i></i>
						Telegram
					</a>
					A sed a risusat luctus esta anibh rhoncus hendrerit blandit nam rutrum sitmiad hac. Cras a vestibulum a varius adipiscing ut dignissim ...<p><a href="http://dummy.xtemos.com/woodmart-elementor/demos/2017/06/14/sweet-seat-functional-seat-for-it-folks/">Continue reading</a></p>				<!-- .entry-content -->
</article><!-- #post -->
<article id="post-126">
		<header>
							<figure>
						<a href="http://dummy.xtemos.com/woodmart-elementor/demos/2017/06/14/creative-water-features-and-exterior/">
							<img width="1140" height="696" src="http://dummy.xtemos.com/woodmart-elementor/demos/wp-content/uploads/sites/2/2017/06/wood-blog-placeholder.jpg" alt="" />						</a>
				</figure>
					14				
					Jun				
				</header><!-- .entry-header -->
							<a href="http://dummy.xtemos.com/woodmart-elementor/demos/category/decoration/" rel="category tag">Decoration</a>
							<h3>
					<a href="http://dummy.xtemos.com/woodmart-elementor/demos/2017/06/14/creative-water-features-and-exterior/" rel="bookmark">Creative water features and exterior</a>
				</h3>
								<ul>
										<li>June 14, 2017</li>
																<li>
															Posted by																						<img alt='author-avatar' src='http://2.gravatar.com/avatar/e2861dedf067ea2500566d0269cf9e64?s=32&#038;d=mm&#038;r=g' class='avatar avatar-32 photo' height='32' width='32' />														<a href="http://dummy.xtemos.com/woodmart-elementor/demos/author/admin/" rel="author">
									admin
							</a>
						</li>
																																																			<li>
														<a href="http://dummy.xtemos.com/woodmart-elementor/demos/2017/06/14/creative-water-features-and-exterior/#respond">0 comments</a>						</li>
																						</ul>
						<!-- .entry-meta -->
									<a rel="nofollow noopener noreferrer" href="https://www.facebook.com/sharer/sharer.php?u=http://dummy.xtemos.com/woodmart-elementor/demos/2017/06/14/creative-water-features-and-exterior/" target="_blank">
						<i></i>
						Facebook
					</a>
									<a rel="nofollow noopener noreferrer" href="https://twitter.com/share?url=http://dummy.xtemos.com/woodmart-elementor/demos/2017/06/14/creative-water-features-and-exterior/" target="_blank">
						<i></i>
						Twitter
					</a>
									<a rel="nofollow noopener noreferrer" href="https://pinterest.com/pin/create/button/?url=http://dummy.xtemos.com/woodmart-elementor/demos/2017/06/14/creative-water-features-and-exterior/&amp;media=http://dummy.xtemos.com/woodmart-elementor/demos/wp-content/uploads/sites/2/2017/06/wood-blog-placeholder.jpg&amp;description=Creative+water+features+and+exterior" target="_blank">
						<i></i>
						Pinterest
					</a>
									<a rel="nofollow noopener noreferrer" href="https://www.linkedin.com/shareArticle?mini=true&amp;url=http://dummy.xtemos.com/woodmart-elementor/demos/2017/06/14/creative-water-features-and-exterior/" target="_blank">
						<i></i>
						linkedin
					</a>
									<a rel="nofollow noopener noreferrer" href="https://telegram.me/share/url?url=http://dummy.xtemos.com/woodmart-elementor/demos/2017/06/14/creative-water-features-and-exterior/" target="_blank">
						<i></i>
						Telegram
					</a>
					Adipiscing hac imperdiet id blandit varius scelerisque at sagittis libero dui dis volutpat vehicula mus sed ut. Lacinia dui rutrum arcu...<p><a href="http://dummy.xtemos.com/woodmart-elementor/demos/2017/06/14/creative-water-features-and-exterior/">Continue reading</a></p>				<!-- .entry-content -->
</article><!-- #post -->
<article id="post-122">
		<header>
							<figure>
						<a href="http://dummy.xtemos.com/woodmart-elementor/demos/2017/06/14/reinterprets-the-classic-bookshelf/">
							<img width="1140" height="696" src="http://dummy.xtemos.com/woodmart-elementor/demos/wp-content/uploads/sites/2/2017/06/wood-blog-placeholder.jpg" alt="" />						</a>
				</figure>
					14				
					Jun				
				</header><!-- .entry-header -->
							<a href="http://dummy.xtemos.com/woodmart-elementor/demos/category/decoration/" rel="category tag">Decoration</a>
							<h3>
					<a href="http://dummy.xtemos.com/woodmart-elementor/demos/2017/06/14/reinterprets-the-classic-bookshelf/" rel="bookmark">Reinterprets the classic bookshelf</a>
				</h3>
								<ul>
										<li>June 14, 2017</li>
																<li>
															Posted by																						<img alt='author-avatar' src='http://2.gravatar.com/avatar/e2861dedf067ea2500566d0269cf9e64?s=32&#038;d=mm&#038;r=g' class='avatar avatar-32 photo' height='32' width='32' />														<a href="http://dummy.xtemos.com/woodmart-elementor/demos/author/admin/" rel="author">
									admin
							</a>
						</li>
																																																			<li>
														<a href="http://dummy.xtemos.com/woodmart-elementor/demos/2017/06/14/reinterprets-the-classic-bookshelf/#respond">0 comments</a>						</li>
																						</ul>
						<!-- .entry-meta -->
									<a rel="nofollow noopener noreferrer" href="https://www.facebook.com/sharer/sharer.php?u=http://dummy.xtemos.com/woodmart-elementor/demos/2017/06/14/reinterprets-the-classic-bookshelf/" target="_blank">
						<i></i>
						Facebook
					</a>
									<a rel="nofollow noopener noreferrer" href="https://twitter.com/share?url=http://dummy.xtemos.com/woodmart-elementor/demos/2017/06/14/reinterprets-the-classic-bookshelf/" target="_blank">
						<i></i>
						Twitter
					</a>
									<a rel="nofollow noopener noreferrer" href="https://pinterest.com/pin/create/button/?url=http://dummy.xtemos.com/woodmart-elementor/demos/2017/06/14/reinterprets-the-classic-bookshelf/&amp;media=http://dummy.xtemos.com/woodmart-elementor/demos/wp-content/uploads/sites/2/2017/06/wood-blog-placeholder.jpg&amp;description=Reinterprets+the+classic+bookshelf" target="_blank">
						<i></i>
						Pinterest
					</a>
									<a rel="nofollow noopener noreferrer" href="https://www.linkedin.com/shareArticle?mini=true&amp;url=http://dummy.xtemos.com/woodmart-elementor/demos/2017/06/14/reinterprets-the-classic-bookshelf/" target="_blank">
						<i></i>
						linkedin
					</a>
									<a rel="nofollow noopener noreferrer" href="https://telegram.me/share/url?url=http://dummy.xtemos.com/woodmart-elementor/demos/2017/06/14/reinterprets-the-classic-bookshelf/" target="_blank">
						<i></i>
						Telegram
					</a>
					Aliquet parturient scele risque scele risque nibh pretium parturient suspendisse platea sapien torquent feugiat parturient hac amet. Vo...<p><a href="http://dummy.xtemos.com/woodmart-elementor/demos/2017/06/14/reinterprets-the-classic-bookshelf/">Continue reading</a></p>				<!-- .entry-content -->
</article><!-- #post -->
				 <!-- end product-items -->
			 <!-- end #carousel-630 -->
		https://vimeo.com/235215203		
				<h4>
					VIDEO PRESENTATION				</h4>
		<p>MAURIS VOLUTPAT &amp; METUS</p>		
		<p>Praesent a nostra lacus aliquet torquent molestie class ullamcorper leo vulputate ut nascetur magnis sociis sodales condimentum mus dignissim a mi sem scelerisque ligula fermentum sociosqu et cursus parturient nostra ultricies vehicula.</p>
			<a href="#">
					CONTACT US				
							</a>
			<a href="#">
					READ MORE				
							</a>
					<strong>SOMETHING ABOUT US</strong>				
				<h4>
					Interesting Facts				</h4>
					Elit rhoncus dui ullamcorper tristique aenean nascetur accumsan ac himenaeos adipiscing quam potenti ac senectus consequat.				
															

	
		
			
			
			
			
			
			
		
	
































											<h4 class="info-box-title box-title-style-default" data-elementor-setting-key="title">
								APTENT VESTIBULUM						</h4>
						<p>Nullam  suscipit aliquet ad leo ultricies vestibulum non in cubilia eros.</p>
			<a href="#">
					Read More				
							</a>
															

	
		
			
			
			
			
			
			
		
	
































											<h4 class="info-box-title box-title-style-default" data-elementor-setting-key="title">
								RIDICULUS SCELERIS						</h4>
						<p>Nullam  suscipit aliquet ad leo ultricies vestibulum non in cubilia eros.</p>
			<a href="#">
					Read More				
							</a>
															

	
		
			
			
			
			
			
			
		
	
































											<h4 class="info-box-title box-title-style-default" data-elementor-setting-key="title">
								METUS EUISMOD						</h4>
						<p>Nullam  suscipit aliquet ad leo ultricies vestibulum non in cubilia eros.</p>
			<a href="#">
					Read More				
							</a>
															

	
		
			
			
			
			
			
			
		
	
































											<h4 class="info-box-title box-title-style-default" data-elementor-setting-key="title">
								FUSCE RIDICULUS						</h4>
						<p>Nullam  suscipit aliquet ad leo ultricies vestibulum non in cubilia eros.</p>
			<a href="#">
					Read More				
							</a>]]></content:encoded>
		<excerpt:encoded><![CDATA[]]></excerpt:encoded>
		<wp:post_id>520</wp:post_id>
		<wp:post_date>2017-06-23 09:42:21</wp:post_date>
		<wp:post_date_gmt>2017-06-23 09:42:21</wp:post_date_gmt>
		<wp:comment_status>closed</wp:comment_status>
		<wp:ping_status>closed</wp:ping_status>
		<wp:post_name>home-furniture</wp:post_name>
		<wp:status>publish</wp:status>
		<wp:post_parent>0</wp:post_parent>
		<wp:menu_order>0</wp:menu_order>
		<wp:post_type>page</wp:post_type>
		<wp:post_password></wp:post_password>
		<wp:is_sticky>0</wp:is_sticky>
														<wp:postmeta>
			<wp:meta_key>_wp_page_template</wp:meta_key>
			<wp:meta_value><![CDATA[default]]></wp:meta_value>
		</wp:postmeta>
							<wp:postmeta>
			<wp:meta_key>_woodmart_main_layout</wp:meta_key>
			<wp:meta_value><![CDATA[full-width]]></wp:meta_value>
		</wp:postmeta>
							<wp:postmeta>
			<wp:meta_key>_woodmart_header_color_scheme</wp:meta_key>
			<wp:meta_value><![CDATA[inherit]]></wp:meta_value>
		</wp:postmeta>
							<wp:postmeta>
			<wp:meta_key>_woodmart_title_off</wp:meta_key>
			<wp:meta_value><![CDATA[on]]></wp:meta_value>
		</wp:postmeta>
							<wp:postmeta>
			<wp:meta_key>_oembed_71ae0db7f6e61ffd19b757ea6a0c207c</wp:meta_key>
			<wp:meta_value><![CDATA[<iframe src="https://player.vimeo.com/video/51589652" width="500" height="281" frameborder="0" title="Timelapse - Lighthouse (Oct 2012)" webkitallowfullscreen mozallowfullscreen allowfullscreen></iframe>]]></wp:meta_value>
		</wp:postmeta>
							<wp:postmeta>
			<wp:meta_key>_oembed_time_71ae0db7f6e61ffd19b757ea6a0c207c</wp:meta_key>
			<wp:meta_value><![CDATA[1498210951]]></wp:meta_value>
		</wp:postmeta>
							<wp:postmeta>
			<wp:meta_key>_elementor_data</wp:meta_key>
			<wp:meta_value><![CDATA[[{"id":"9259545","elType":"section","settings":{"wd_section_stretch":"stretch-content","gap":"no","margin":{"unit":"px","top":"-40","right":"0","bottom":"10","left":"0","isLinked":""}},"elements":[{"id":"8829991","elType":"column","settings":{"_column_size":"100","column_sticky_offset":"50","scroll_y":"-80"},"elements":[{"id":"842944","elType":"widget","settings":{"shortcode":"[rev_slider alias=\"furniture-slider\"][\/rev_slider]","revslidertitle":"furniture-slider","el_class":"furniture-slider","scroll_y":"-80"},"elements":[],"widgetType":"slider_revolution"}],"isInner":""}],"isInner":""},{"id":"8417010","elType":"section","settings":{"margin":{"unit":"px","top":"0","right":"0","bottom":"100","left":"0","isLinked":""},"margin_mobile":{"unit":"px","top":"0","right":"0","bottom":"65","left":"0","isLinked":""}},"elements":[{"id":"8536094","elType":"column","settings":{"_column_size":"100","column_sticky_offset":"50","scroll_y":"-80"},"elements":[{"id":"5070261","elType":"widget","settings":{"subtitle":"<strong>FURNITURE COLLECTIONS 2018<\/strong>","after_title":"Elit rhoncus dui ullamcorper tristique aenean nascetur accumsan ac himenaeos adipiscing quam potenti ac senectus consequat.","image_size":"custom","width":{"size":"40","unit":"%"},"color":"primary","size":"large","title":"Featured Categories","width_tablet":{"unit":"%","size":"60","sizes":[]},"width_mobile":{"unit":"%","size":"100","sizes":[]},"_margin":{"unit":"px","top":"0","right":"0","bottom":"10","left":"0","isLinked":""},"scroll_y":"-80"},"elements":[],"widgetType":"wd_title"},{"id":"5060639","elType":"widget","settings":{"orderby":"date","order":"ASC","style":"carousel","categories_design":"alt","spacing":"10","slides_per_view":{"size":"3","unit":"px","sizes":[]},"hide_pagination_control":"yes","ids":[""],"number":"4","scroll_y":"-80"},"elements":[],"widgetType":"wd_product_categories"}],"isInner":""}],"isInner":""},{"id":"2032576","elType":"section","settings":{"wd_section_stretch":"stretch_row_content","equal_height":"yes","content_position":"middle","structure":"20","gap":"no","margin":{"unit":"px","top":"0","right":"0","bottom":"80","left":"0","isLinked":""},"margin_mobile":{"unit":"px","top":"0","right":"0","bottom":"55","left":"0","isLinked":""},"padding":{"unit":"px","top":"0","right":"0","bottom":"0","left":"0","isLinked":"1"}},"elements":[{"id":"3769415","elType":"column","settings":{"_column_size":"25","hide_mobile":"hidden-phone","hide_tablet":"hidden-tablet","column_sticky_offset":"50","scroll_y":"-80"},"elements":[{"id":"4070039","elType":"widget","settings":{"align":"left","image_size":"full","title":"","subtitle":"","content":"\n<h3 style=\"padding-top: 5vh;font-size: 38px;font-weight: 800;color: #246763;line-height: 1;margin-bottom: 25px\">MINIMAL\nARMCHAIRS<\/h3>\n<div>Facilisis volutpat augue non himenaeos eros hendrerit habitant mi cras nascetur semper bibendum consectetur in est imperdiet sociis.<\/div>\n","btn_text":"Read More","btn_position":"static","hover":"zoom","woodmart_color_scheme":"light","image_custom_dimension":[],"image":{"id":"529","url":"#"},"btn_color":"white","btn_style":"bordered","btn_size":"small","subtitle_color":"primary","title_size":"extra-large","text_alignment":"center","horizontal_alignment":"center","increase_spaces":"yes","alignment":"center","scroll_y":"-80"},"elements":[],"widgetType":"wd_banner"}],"isInner":""},{"id":"2018007","elType":"column","settings":{"_column_size":"75","_inline_size_tablet":"100","_inline_size_mobile":"100","column_sticky_offset":"50","scroll_y":"-80"},"elements":[{"id":"1632241","elType":"section","settings":{"equal_height":"yes","content_position":"middle","_background_background":"classic","_background_color":"#ffffff","structure":"20","gap":"no","margin":{"unit":"px","top":"0","right":"0","bottom":"0","left":"0","isLinked":"1"}},"elements":[{"id":"3493101","elType":"column","settings":{"_column_size":"33","_background_background":"classic","_background_color":"#339059","_background_size":"cover","_background_repeat":"no-repeat","background_background":"classic","background_color":"#339059","padding":{"unit":"%","top":"5","right":"2","bottom":"5","left":"2","isLinked":""},"padding_mobile":{"unit":"px","top":"40","right":"15","bottom":"40","left":"15","isLinked":""},"column_sticky_offset":"50","scroll_y":"-80"},"elements":[{"id":"8788714","elType":"widget","settings":{"subtitle":"","after_title":"","image_size":"custom","title":"HOT SALE\r\nUP TO 70%","font_container":"tag:h4|font_size:36|text_align:center|color:%23ffffff|line_height:1.2","use_theme_fonts":"yes","size":"large","color":"white","title_typography_typography":"custom","title_typography_font_size_mobile":{"unit":"px","size":"36","sizes":[]},"scroll_y":"-80"},"elements":[],"widgetType":"wd_title"},{"id":"3694625","elType":"widget","settings":{"woodmart_color_scheme":"light","size":"small","style":"transparent","date":"2021-01-01 00:00","scroll_y":"-80"},"elements":[],"widgetType":"wd_countdown_timer"}],"isInner":"1"},{"id":"6528717","elType":"column","settings":{"_column_size":"66","column_sticky_offset":"50","scroll_y":"-80"},"elements":[{"id":"8560190","elType":"widget","settings":{"align":"left","image_size":"full","title":"","subtitle":"","content":"\n<h3 style=\"font-size: 38px;font-weight: 800;color: #ecd637;line-height: 1\">FURNITURE\nFACTORY<\/h3>\n<div>Lobortis semper nullam hac gravida\nscelerisque sed ad cum erat.<\/div>\n","btn_text":"Read More","btn_position":"static","hover":"zoom","woodmart_color_scheme":"dark","image_custom_dimension":[],"image":{"id":"530","url":"#"},"btn_color":"alt","btn_size":"small","title_size":"extra-large","vertical_alignment":"middle","increase_spaces":"yes","hide_btn_tablet":"yes","hide_btn_mobile":"yes","scroll_y":"-80"},"elements":[],"widgetType":"wd_banner"}],"isInner":""}],"isInner":"1"},{"id":"4033075","elType":"section","settings":{"content_position":"middle","_background_background":"classic","_background_color":"#fcfcfc","structure":"30","gap":"no"},"elements":[{"id":"3360087","elType":"column","settings":{"_column_size":"33","hide_mobile":"hidden-phone","column_sticky_offset":"50","scroll_y":"-80"},"elements":[{"id":"6054306","elType":"widget","settings":{"align":"left","image_size":"full","title":"","subtitle":"","content":"","btn_text":"","hover":"zoom","woodmart_color_scheme":"dark","image_custom_dimension":[],"image":{"id":"531","url":"#"},"vertical_alignment":"middle","alignment":"center","scroll_y":"-80"},"elements":[],"widgetType":"wd_banner"}],"isInner":"1"},{"id":"2785243","elType":"column","settings":{"_column_size":"33","column_sticky_offset":"50","scroll_y":"-80"},"elements":[{"id":"7352133","elType":"widget","settings":{"align":"left","image_size":"full","title":"YELLOW\r\nTREND SOFA","subtitle":"","content":"","btn_text":"","hover":"parallax","woodmart_color_scheme":"light","image_custom_dimension":[],"image":{"id":"528","url":"#"},"title_size":"extra-large","text_alignment":"center","horizontal_alignment":"center","vertical_alignment":"middle","alignment":"center","scroll_y":"-80"},"elements":[],"widgetType":"wd_banner"}],"isInner":""},{"id":"9003379","elType":"column","settings":{"_column_size":"33","hide_mobile":"hidden-phone","column_sticky_offset":"50","scroll_y":"-80"},"elements":[{"id":"9022734","elType":"widget","settings":{"align":"left","image_size":"full","title":"","subtitle":"","content":"","btn_text":"","hover":"zoom","woodmart_color_scheme":"dark","image_custom_dimension":[],"image":{"id":"531","url":"#"},"vertical_alignment":"middle","alignment":"center","scroll_y":"-80"},"elements":[],"widgetType":"wd_banner"}],"isInner":""}],"isInner":"1"}],"isInner":""}],"isInner":""},{"id":"6224995","elType":"section","settings":{"margin":{"unit":"px","top":"0","right":"0","bottom":"80","left":"0","isLinked":""}},"elements":[{"id":"384091","elType":"column","settings":{"_column_size":"100","column_sticky_offset":"50","scroll_y":"-80"},"elements":[{"id":"1949553","elType":"widget","settings":{"subtitle":"<strong>FURNITURE COLLECTIONS 2018<\/strong>","after_title":"Elit rhoncus dui ullamcorper tristique aenean nascetur accumsan ac himenaeos adipiscing quam potenti ac senectus consequat.","image_size":"custom","width":{"size":"40","unit":"%"},"color":"primary","size":"large","title":"Featured Products","width_tablet":{"unit":"%","size":"60","sizes":[]},"width_mobile":{"unit":"%","size":"100","sizes":[]},"_margin":{"unit":"px","top":"0","right":"0","bottom":"10","left":"0","isLinked":""},"scroll_y":"-80"},"elements":[],"widgetType":"wd_title"},{"id":"7ad2ddb","elType":"widget","settings":{"spacing":"20","items_per_page":"8","pagination":"arrows","scroll_y":"-80"},"elements":[],"widgetType":"wd_products"}],"isInner":""}],"isInner":""},{"id":"3392684","elType":"section","settings":{"wd_section_stretch":"stretch-content","equal_height":"yes","content_position":"middle","background_background":"classic","background_color":"#141414","structure":"20","gap":"no","margin":{"unit":"px","top":"0","right":"0","bottom":"75","left":"0","isLinked":""},"margin_tablet":{"unit":"px","top":"0","right":"0","bottom":"60","left":"0","isLinked":""},"padding":{"unit":"px","top":"0","right":"0","bottom":"0","left":"0","isLinked":"1"}},"elements":[{"id":"760981","elType":"column","settings":{"_column_size":"50","background_size":"cover","background_repeat":"no-repeat","_inline_size_tablet":"100","_inline_size_mobile":"100","column_sticky_offset":"50","scroll_y":"-80"},"elements":[{"id":"8462221","elType":"widget","settings":{"ids_size":"full","ids":[{"id":"536","url":""},{"id":"538","url":""},{"id":"537","url":""}],"view":"masonry","spacing":"0","columns":{"size":"2","unit":"px","sizes":[]},"caption":"","ids_custom_dimension":[],"scroll_y":"-80"},"elements":[],"widgetType":"wd_images_gallery"}],"isInner":""},{"id":"5024505","elType":"column","settings":{"_column_size":"50","wd_color_scheme":"light","background_background":"classic","background_color":"#141414","background_repeat":"no-repeat","_inline_size_tablet":"100","_inline_size_mobile":"100","padding":{"unit":"%","top":"5","right":"7","bottom":"5","left":"7","isLinked":""},"padding_tablet":{"unit":"%","top":"10","right":"10","bottom":"10","left":"10","isLinked":""},"padding_mobile":{"unit":"%","top":"15","right":"10","bottom":"15","left":"10","isLinked":""},"column_sticky_offset":"50","scroll_y":"-80"},"elements":[{"id":"5045306","elType":"widget","settings":{"subtitle":"ULLAMCORPER PARTURIENT","after_title":"","image_size":"custom","size":"extra-large","align":"left","title":"ABOUT OUR FACTORY","subtitle_color":"#FFFFFF","subtitle_typography_typography":"custom","subtitle_typography_font_size":{"unit":"px","size":"16","sizes":[]},"subtitle_typography_letter_spacing":{"unit":"px","size":"3","sizes":[]},"title_color":"#FFFFFF","_margin":{"unit":"px","top":"0","right":"0","bottom":"-15","left":"0","isLinked":""},"scroll_y":"-80"},"elements":[],"widgetType":"wd_title"},{"id":"c12b0f0","elType":"widget","settings":{"editor":"<p>COMPANY HISTORY &amp; FACTS<\/p>","text_color":"#BCBCBC","typography_typography":"custom","typography_font_family":"Ubuntu","typography_font_size":{"unit":"px","size":"32","sizes":[]},"typography_font_weight":"300","typography_line_height":{"unit":"em","size":"1","sizes":[]},"_margin":{"unit":"px","top":"0","right":"0","bottom":"5","left":"0","isLinked":""},"scroll_y":"-80","hide_tablet":"hidden-tablet","hide_mobile":"hidden-phone"},"elements":[],"widgetType":"text-editor"},{"id":"7809227","elType":"widget","settings":{"color":"#339059","align":"align_left","border_width":"2","el_width":"10","width":{"unit":"%","size":"10","sizes":[]},"text":"Divider","weight":{"unit":"px","size":"2","sizes":[]},"gap":{"unit":"px","size":"0","sizes":[]},"scroll_y":"-80"},"elements":[],"widgetType":"divider"},{"id":"8578416","elType":"section","settings":{"structure":"20","margin":{"unit":"px","top":"0","right":"0","bottom":"20","left":"0","isLinked":""}},"elements":[{"id":"1606916","elType":"column","settings":{"_column_size":"50","_inline_size_tablet":"100","_inline_size_mobile":"100","column_sticky_offset":"50","scroll_y":"-80"},"elements":[{"id":"57d5edc","elType":"widget","settings":{"icon_text":"","subtitle":"","title":"SAGITTIS RIDILUS VESULUM","content":"<p>Praesent a nostra lacus aliquet torquent molestie class ullamcorper leo vulputate ut nascetur sociis mus\u00a0a mi sem conubia.<\/p>","btn_text":"","link":{"url":"","is_external":"","nofollow":"","custom_attributes":""},"alignment":"left","title_typography_typography":"custom","title_typography_font_size":{"unit":"px","size":"16","sizes":[]},"scroll_y":"-80"},"elements":[],"widgetType":"wd_infobox"},{"id":"3f17f59","elType":"widget","settings":{"icon_text":"","subtitle":"","title":"EUISMOD PORTA LIGULA","content":"<p>Praesent a nostra lacus aliquet torquent molestie class ullamcorper leo vulputate ut nascetur sociis mus\u00a0a mi sem conubia.<\/p>","btn_text":"","link":{"url":"","is_external":"","nofollow":"","custom_attributes":""},"alignment":"left","title_typography_typography":"custom","title_typography_font_size":{"unit":"px","size":"16","sizes":[]},"scroll_y":"-80"},"elements":[],"widgetType":"wd_infobox"}],"isInner":"1"},{"id":"483161","elType":"column","settings":{"_column_size":"50","hide_mobile":"hidden-phone","hide_tablet":"hidden-tablet","column_sticky_offset":"50","scroll_y":"-80"},"elements":[{"id":"b80cc74","elType":"widget","settings":{"icon_text":"","subtitle":"","title":"FUSCE RIDICULUS SCELERIS","content":"<p>Praesent a nostra lacus aliquet torquent molestie class ullamcorper leo vulputate ut nascetur sociis mus\u00a0a mi sem conubia.<\/p>","btn_text":"","link":{"url":"","is_external":"","nofollow":"","custom_attributes":""},"alignment":"left","title_typography_typography":"custom","title_typography_font_size":{"unit":"px","size":"16","sizes":[]},"scroll_y":"-80"},"elements":[],"widgetType":"wd_infobox"},{"id":"dc5279d","elType":"widget","settings":{"icon_text":"","subtitle":"","title":"ELEIFEND MAURIS VOLUTPAT","content":"<p>Praesent a nostra lacus aliquet torquent molestie class ullamcorper leo vulputate ut nascetur sociis mus\u00a0a mi sem conubia.<\/p>","btn_text":"","link":{"url":"","is_external":"","nofollow":"","custom_attributes":""},"alignment":"left","title_typography_typography":"custom","title_typography_font_size":{"unit":"px","size":"16","sizes":[]},"scroll_y":"-80"},"elements":[],"widgetType":"wd_infobox"}],"isInner":""}],"isInner":"1"},{"id":"4714009","elType":"widget","settings":{"color":"primary","_element_width":"auto","text":"CONTACT US","_margin":{"unit":"px","top":"0","right":"15","bottom":"0","left":"0","isLinked":""},"scroll_y":"-80"},"elements":[],"widgetType":"wd_button"},{"id":"5010021","elType":"widget","settings":{"color":"white","style":"bordered","_element_width":"auto","text":"READ MORE","scroll_y":"-80"},"elements":[],"widgetType":"wd_button"}],"isInner":""}],"isInner":""},{"id":"3841479","elType":"section","settings":{"margin":{"unit":"px","top":"0","right":"0","bottom":"60","left":"0","isLinked":""}},"elements":[{"id":"5262635","elType":"column","settings":{"_column_size":"100","column_sticky_offset":"50","scroll_y":"-80"},"elements":[{"id":"8551926","elType":"widget","settings":{"subtitle":"<strong>BEST DESIGNERS IDEAS<\/strong>","after_title":"Elit rhoncus dui ullamcorper tristique aenean nascetur accumsan ac himenaeos adipiscing quam potenti ac senectus consequat.","image_size":"custom","width":{"size":"40","unit":"%"},"color":"primary","size":"large","title":"Furniture Magazine","width_tablet":{"unit":"%","size":"60","sizes":[]},"width_mobile":{"unit":"%","size":"100","sizes":[]},"scroll_y":"-80"},"elements":[],"widgetType":"wd_title"},{"id":"659896","elType":"widget","settings":{"blog_spacing":"20","items_per_page":"6","blog_design":"carousel","slides_per_view":{"size":"3","unit":"px","sizes":[]},"img_size":"full","scroll_y":"-80"},"elements":[],"widgetType":"wd_blog"}],"isInner":""}],"isInner":""},{"id":"2746019","elType":"section","settings":{"equal_height":"yes","content_position":"middle","structure":"20","gap":"extended","margin":{"unit":"px","top":"0","right":"0","bottom":"60","left":"0","isLinked":""}},"elements":[{"id":"7252670","elType":"column","settings":{"_column_size":"50","_inline_size_tablet":"100","_inline_size_mobile":"100","margin_tablet":{"unit":"px","top":"0","right":"0","bottom":"20","left":"0","isLinked":""},"column_sticky_offset":"50","scroll_y":"-80"},"elements":[{"id":"5167812","elType":"widget","settings":{"video_type":"vimeo","show_image_overlay":"yes","image_overlay":{"id":"44","url":"#"},"youtube_url":"https:\/\/www.youtube.com\/watch?v=XHOmBV4js_E","vimeo_url":"https:\/\/vimeo.com\/235215203","dailymotion_url":"https:\/\/www.dailymotion.com\/video\/x6tqhqb","scroll_y":"-80","wd_theme_style":"theme-style"},"elements":[],"widgetType":"video"}],"isInner":""},{"id":"10018","elType":"column","settings":{"_column_size":"50","_inline_size_tablet":"100","_inline_size_mobile":"100","column_sticky_offset":"50","scroll_y":"-80"},"elements":[{"id":"5057812","elType":"widget","settings":{"subtitle":"","after_title":"","image_size":"custom","size":"extra-large","align":"left","title":"VIDEO PRESENTATION","_margin":{"unit":"px","top":"0","right":"0","bottom":"-15","left":"0","isLinked":""},"_margin_tablet":{"unit":"px","top":"0","right":"0","bottom":"10","left":"0","isLinked":""},"scroll_y":"-80"},"elements":[],"widgetType":"wd_title"},{"id":"7e26221","elType":"widget","settings":{"editor":"<p>MAURIS VOLUTPAT &amp; METUS<\/p>","text_color":"#8E8E8E","typography_typography":"custom","typography_font_family":"Ubuntu","typography_font_size":{"unit":"px","size":"32","sizes":[]},"typography_font_weight":"300","typography_line_height":{"unit":"em","size":"1","sizes":[]},"_margin":{"unit":"px","top":"0","right":"0","bottom":"5","left":"0","isLinked":""},"scroll_y":"-80","hide_tablet":"hidden-tablet","hide_mobile":"hidden-phone"},"elements":[],"widgetType":"text-editor"},{"id":"5114046","elType":"widget","settings":{"color":"#339059","align":"align_left","border_width":"2","el_width":"10","width":{"unit":"%","size":"10","sizes":[]},"text":"Divider","weight":{"unit":"px","size":"2","sizes":[]},"gap":{"unit":"px","size":"0","sizes":[]},"_margin_tablet":{"unit":"px","top":"0","right":"0","bottom":"10","left":"0","isLinked":""},"scroll_y":"-80"},"elements":[],"widgetType":"divider"},{"id":"3898081","elType":"widget","settings":{"typography_typography":"custom","align":"left","el_class":"text-larger","editor":"<p>Praesent a nostra lacus aliquet torquent molestie class ullamcorper leo vulputate ut nascetur magnis sociis sodales condimentum mus dignissim a mi sem scelerisque ligula fermentum sociosqu et cursus parturient nostra ultricies vehicula.<\/p>\n","scroll_y":"-80"},"elements":[],"widgetType":"text-editor"},{"id":"210039","elType":"widget","settings":{"color":"primary","_element_width":"auto","text":"CONTACT US","_margin":{"unit":"px","top":"0","right":"15","bottom":"0","left":"0","isLinked":""},"scroll_y":"-80"},"elements":[],"widgetType":"wd_button"},{"id":"1423795","elType":"widget","settings":{"style":"bordered","_element_width":"auto","text":"READ MORE","scroll_y":"-80"},"elements":[],"widgetType":"wd_button"}],"isInner":""}],"isInner":""},{"id":"4623883","elType":"section","settings":{"wd_section_stretch":"stretch","woodmart_gradient_switch":"yes","background_background":"classic","background_image":{"url":"http:\/\/dummy.xtemos.com\/woodmart-elementor\/demos\/wp-content\/uploads\/sites\/2\/2017\/06\/furniture-bg2.jpg?id=540","id":""},"background_size":"cover","background_repeat":"no-repeat","woodmart_color_gradient":"rgb(255, 255, 255)-0\/rgb(255, 255, 255)-40\/rgba(255, 255, 255, 0.545)-61\/rgba(255, 255, 255, 0)-79\/rgba(255, 255, 255, 0)-100\/|linear-gradient(top , rgb(255, 255, 255) , rgb(255, 255, 255) 40% , rgba(255, 255, 255, 0.545) 61% , rgba(255, 255, 255, 0) 79% , rgba(255, 255, 255, 0) 100%)|linear|top","background_position":"center center","margin":{"unit":"px","top":"0","right":"0","bottom":"-40","left":"0","isLinked":""},"padding":{"unit":"px","top":"0","right":"15","bottom":"340","left":"15","isLinked":""},"padding_mobile":{"unit":"px","top":"0","right":"15","bottom":"270","left":"15","isLinked":""}},"elements":[{"id":"4362051","elType":"column","settings":{"_column_size":"100","column_sticky_offset":"50","scroll_y":"-80"},"elements":[{"id":"c866079","elType":"widget","settings":{"space":{"unit":"px","size":"600","sizes":[]},"_z_index":"0","scroll_y":"-80","_background_background":"gradient","_background_color":"#FFFFFF","_background_color_stop":{"unit":"%","size":"45","sizes":[]},"_background_color_b":"rgba(255, 255, 255, 0)","_element_width":"initial","_element_custom_width":{"unit":"vw","size":"120","sizes":[]},"_position":"absolute","_offset_x":{"size":"-20","unit":"vw"},"_offset_y":{"size":"-10","unit":"px"}},"elements":[],"widgetType":"spacer"},{"id":"9779472","elType":"widget","settings":{"subtitle":"<strong>SOMETHING ABOUT US<\/strong>","after_title":"Elit rhoncus dui ullamcorper tristique aenean nascetur accumsan ac himenaeos adipiscing quam potenti ac senectus consequat.","image_size":"custom","width":{"size":"40","unit":"%"},"color":"primary","size":"large","title":"Interesting Facts","width_tablet":{"unit":"%","size":"60","sizes":[]},"width_mobile":{"unit":"%","size":"100","sizes":[]},"scroll_y":"-80"},"elements":[],"widgetType":"wd_title"},{"id":"7989449","elType":"section","settings":{"structure":"40"},"elements":[{"id":"7377971","elType":"column","settings":{"_column_size":"25","column_sticky_offset":"50","scroll_y":"-80"},"elements":[{"id":"6448160","elType":"widget","settings":{"icon_type":"icon","btn_text":"Read More","image_size":"custom","subtitle":"","title":"APTENT VESTIBULUM","btn_position":"hover","image":{"id":"542","url":"#"},"btn_color":"primary","btn_style":"link","image_custom_dimension":{"width":"60","height":"60"},"content":"Nullam \u00a0suscipit aliquet ad leo ultricies vestibulum non in cubilia eros.","icon_text":"53","scroll_y":"-80"},"elements":[],"widgetType":"wd_infobox"}],"isInner":"1"},{"id":"5698036","elType":"column","settings":{"_column_size":"25","column_sticky_offset":"50","scroll_y":"-80"},"elements":[{"id":"7872355","elType":"widget","settings":{"icon_type":"icon","btn_text":"Read More","image_size":"custom","subtitle":"","title":"RIDICULUS SCELERIS","btn_position":"hover","image":{"id":"542","url":"#"},"btn_color":"primary","btn_style":"link","image_custom_dimension":{"width":"60","height":"60"},"content":"Nullam \u00a0suscipit aliquet ad leo ultricies vestibulum non in cubilia eros.","icon_text":"53","scroll_y":"-80"},"elements":[],"widgetType":"wd_infobox"}],"isInner":""},{"id":"2300061","elType":"column","settings":{"_column_size":"25","column_sticky_offset":"50","scroll_y":"-80"},"elements":[{"id":"4585564","elType":"widget","settings":{"icon_type":"icon","btn_text":"Read More","image_size":"custom","subtitle":"","title":"METUS EUISMOD","btn_position":"hover","image":{"id":"542","url":"#"},"btn_color":"primary","btn_style":"link","image_custom_dimension":{"width":"60","height":"60"},"content":"Nullam \u00a0suscipit aliquet ad leo ultricies vestibulum non in cubilia eros.","icon_text":"53","scroll_y":"-80"},"elements":[],"widgetType":"wd_infobox"}],"isInner":""},{"id":"4133033","elType":"column","settings":{"_column_size":"25","column_sticky_offset":"50","scroll_y":"-80"},"elements":[{"id":"9458452","elType":"widget","settings":{"icon_type":"icon","btn_text":"Read More","image_size":"custom","subtitle":"","title":"FUSCE RIDICULUS","btn_position":"hover","image":{"id":"542","url":"#"},"btn_color":"primary","btn_style":"link","image_custom_dimension":{"width":"60","height":"60"},"content":"Nullam \u00a0suscipit aliquet ad leo ultricies vestibulum non in cubilia eros.","icon_text":"53","scroll_y":"-80"},"elements":[],"widgetType":"wd_infobox"}],"isInner":""}],"isInner":"1"}],"isInner":""}],"isInner":""}]]]></wp:meta_value>
		</wp:postmeta>
							<wp:postmeta>
			<wp:meta_key>_elementor_edit_mode</wp:meta_key>
			<wp:meta_value><![CDATA[builder]]></wp:meta_value>
		</wp:postmeta>
							<wp:postmeta>
			<wp:meta_key>_elementor_version</wp:meta_key>
			<wp:meta_value><![CDATA[2.9.11]]></wp:meta_value>
		</wp:postmeta>
							<wp:postmeta>
			<wp:meta_key>_elementor_template_type</wp:meta_key>
			<wp:meta_value><![CDATA[wp-page]]></wp:meta_value>
		</wp:postmeta>
							<wp:postmeta>
			<wp:meta_key>_oembed_992c44b3a32aec363189635e67914edf</wp:meta_key>
			<wp:meta_value><![CDATA[<iframe title="vimeo placeholder" src="https://player.vimeo.com/video/235215203?dnt=1&amp;app_id=122963" width="500" height="281" frameborder="0" allow="autoplay; fullscreen" allowfullscreen></iframe>]]></wp:meta_value>
		</wp:postmeta>
							<wp:postmeta>
			<wp:meta_key>_oembed_time_992c44b3a32aec363189635e67914edf</wp:meta_key>
			<wp:meta_value><![CDATA[1593091127]]></wp:meta_value>
		</wp:postmeta>
							<wp:postmeta>
			<wp:meta_key>_elementor_controls_usage</wp:meta_key>
			<wp:meta_value><![CDATA[a:16:{s:17:"slider_revolution";a:3:{s:5:"count";i:1;s:15:"control_percent";i:2;s:8:"controls";a:2:{s:7:"content";a:1:{s:15:"content_section";a:2:{s:9:"shortcode";i:1;s:14:"revslidertitle";i:1;}}s:8:"advanced";a:1:{s:8:"wd_extra";a:1:{s:8:"scroll_y";i:1;}}}}s:6:"column";a:3:{s:5:"count";i:22;s:15:"control_percent";i:1;s:8:"controls";a:3:{s:8:"advanced";a:3:{s:8:"wd_extra";a:2:{s:20:"column_sticky_offset";i:22;s:8:"scroll_y";i:22;}s:19:"_section_responsive";a:2:{s:11:"hide_mobile";i:4;s:11:"hide_tablet";i:2;}s:16:"section_advanced";a:4:{s:7:"padding";i:2;s:14:"padding_mobile";i:2;s:14:"padding_tablet";i:1;s:13:"margin_tablet";i:1;}}s:5:"style";a:2:{s:13:"section_style";a:4:{s:21:"background_background";i:2;s:16:"background_color";i:2;s:15:"background_size";i:1;s:17:"background_repeat";i:2;}s:14:"wd_extra_style";a:1:{s:15:"wd_color_scheme";i:1;}}s:6:"layout";a:1:{s:6:"layout";a:2:{s:19:"_inline_size_tablet";i:6;s:19:"_inline_size_mobile";i:6;}}}}s:7:"section";a:3:{s:5:"count";i:12;s:15:"control_percent";i:3;s:8:"controls";a:3:{s:6:"layout";a:3:{s:15:"wd_extra_layout";a:1:{s:18:"wd_section_stretch";i:4;}s:14:"section_layout";a:2:{s:3:"gap";i:6;s:16:"content_position";i:5;}s:17:"section_structure";a:1:{s:9:"structure";i:7;}}s:8:"advanced";a:1:{s:16:"section_advanced";a:5:{s:6:"margin";i:10;s:13:"margin_mobile";i:2;s:7:"padding";i:3;s:13:"margin_tablet";i:1;s:14:"padding_mobile";i:1;}}s:5:"style";a:1:{s:18:"section_background";a:6:{s:21:"background_background";i:2;s:16:"background_color";i:1;s:16:"background_image";i:1;s:15:"background_size";i:1;s:17:"background_repeat";i:1;s:19:"background_position";i:1;}}}}s:8:"wd_title";a:3:{s:5:"count";i:7;s:15:"control_percent";i:3;s:8:"controls";a:3:{s:7:"content";a:1:{s:23:"general_content_section";a:3:{s:8:"subtitle";i:7;s:11:"after_title";i:7;s:5:"title";i:7;}}s:5:"style";a:3:{s:19:"title_style_section";a:4:{s:10:"image_size";i:7;s:27:"title_typography_typography";i:1;s:33:"title_typography_font_size_mobile";i:1;s:11:"title_color";i:1;}s:21:"general_style_section";a:6:{s:5:"width";i:4;s:5:"color";i:5;s:4:"size";i:7;s:12:"width_tablet";i:4;s:12:"width_mobile";i:4;s:5:"align";i:2;}s:22:"subtitle_style_section";a:4:{s:14:"subtitle_color";i:1;s:30:"subtitle_typography_typography";i:1;s:29:"subtitle_typography_font_size";i:1;s:34:"subtitle_typography_letter_spacing";i:1;}}s:8:"advanced";a:2:{s:14:"_section_style";a:2:{s:7:"_margin";i:4;s:14:"_margin_tablet";i:1;}s:8:"wd_extra";a:1:{s:8:"scroll_y";i:7;}}}}s:21:"wd_product_categories";a:3:{s:5:"count";i:1;s:15:"control_percent";i:5;s:8:"controls";a:3:{s:7:"content";a:1:{s:23:"general_content_section";a:4:{s:7:"orderby";i:1;s:5:"order";i:1;s:3:"ids";i:1;s:6:"number";i:1;}}s:5:"style";a:3:{s:20:"layout_style_section";a:2:{s:5:"style";i:1;s:7:"spacing";i:1;}s:20:"design_style_section";a:1:{s:17:"categories_design";i:1;}s:22:"carousel_style_section";a:2:{s:15:"slides_per_view";i:1;s:23:"hide_pagination_control";i:1;}}s:8:"advanced";a:1:{s:8:"wd_extra";a:1:{s:8:"scroll_y";i:1;}}}}s:9:"wd_banner";a:3:{s:5:"count";i:5;s:15:"control_percent";i:4;s:8:"controls";a:3:{s:7:"content";a:2:{s:21:"image_content_section";a:3:{s:10:"image_size";i:5;s:22:"image_custom_dimension";i:5;s:5:"image";i:5;}s:15:"content_section";a:4:{s:5:"title";i:5;s:8:"subtitle";i:5;s:7:"content";i:5;s:8:"btn_text";i:5;}}s:5:"style";a:4:{s:20:"button_style_section";a:6:{s:12:"btn_position";i:2;s:9:"btn_color";i:2;s:9:"btn_style";i:1;s:8:"btn_size";i:2;s:15:"hide_btn_tablet";i:1;s:15:"hide_btn_mobile";i:1;}s:21:"general_style_section";a:3:{s:5:"hover";i:5;s:21:"woodmart_color_scheme";i:5;s:10:"title_size";i:3;}s:22:"subtitle_style_section";a:1:{s:14:"subtitle_color";i:1;}s:20:"layout_style_section";a:4:{s:14:"text_alignment";i:2;s:20:"horizontal_alignment";i:2;s:15:"increase_spaces";i:2;s:18:"vertical_alignment";i:4;}}s:8:"advanced";a:1:{s:8:"wd_extra";a:1:{s:8:"scroll_y";i:5;}}}}s:18:"wd_countdown_timer";a:3:{s:5:"count";i:1;s:15:"control_percent";i:3;s:8:"controls";a:3:{s:5:"style";a:1:{s:21:"general_style_section";a:3:{s:21:"woodmart_color_scheme";i:1;s:4:"size";i:1;s:5:"style";i:1;}}s:7:"content";a:1:{s:23:"general_content_section";a:1:{s:4:"date";i:1;}}s:8:"advanced";a:1:{s:8:"wd_extra";a:1:{s:8:"scroll_y";i:1;}}}}s:11:"wd_products";a:3:{s:5:"count";i:1;s:15:"control_percent";i:2;s:8:"controls";a:2:{s:5:"style";a:1:{s:20:"layout_style_section";a:3:{s:7:"spacing";i:1;s:14:"items_per_page";i:1;s:10:"pagination";i:1;}}s:8:"advanced";a:1:{s:8:"wd_extra";a:1:{s:8:"scroll_y";i:1;}}}}s:17:"wd_images_gallery";a:3:{s:5:"count";i:1;s:15:"control_percent";i:4;s:8:"controls";a:3:{s:7:"content";a:2:{s:23:"general_content_section";a:3:{s:8:"ids_size";i:1;s:3:"ids";i:1;s:20:"ids_custom_dimension";i:1;}s:20:"click_action_section";a:1:{s:7:"caption";i:1;}}s:5:"style";a:1:{s:20:"layout_style_section";a:3:{s:4:"view";i:1;s:7:"spacing";i:1;s:7:"columns";i:1;}}s:8:"advanced";a:1:{s:8:"wd_extra";a:1:{s:8:"scroll_y";i:1;}}}}s:11:"text-editor";a:3:{s:5:"count";i:3;s:15:"control_percent";i:2;s:8:"controls";a:3:{s:7:"content";a:1:{s:14:"section_editor";a:1:{s:6:"editor";i:3;}}s:5:"style";a:1:{s:13:"section_style";a:7:{s:10:"text_color";i:2;s:21:"typography_typography";i:3;s:22:"typography_font_family";i:2;s:20:"typography_font_size";i:2;s:22:"typography_font_weight";i:2;s:22:"typography_line_height";i:2;s:5:"align";i:1;}}s:8:"advanced";a:3:{s:14:"_section_style";a:1:{s:7:"_margin";i:2;}s:8:"wd_extra";a:1:{s:8:"scroll_y";i:3;}s:19:"_section_responsive";a:2:{s:11:"hide_tablet";i:2;s:11:"hide_mobile";i:2;}}}}s:7:"divider";a:3:{s:5:"count";i:2;s:15:"control_percent";i:3;s:8:"controls";a:3:{s:5:"style";a:1:{s:21:"section_divider_style";a:3:{s:5:"color";i:2;s:6:"weight";i:2;s:3:"gap";i:2;}}s:7:"content";a:1:{s:15:"section_divider";a:2:{s:5:"align";i:2;s:5:"width";i:2;}}s:8:"advanced";a:2:{s:8:"wd_extra";a:1:{s:8:"scroll_y";i:2;}s:14:"_section_style";a:1:{s:14:"_margin_tablet";i:1;}}}}s:10:"wd_infobox";a:3:{s:5:"count";i:8;s:15:"control_percent";i:3;s:8:"controls";a:3:{s:7:"content";a:2:{s:20:"icon_content_section";a:5:{s:9:"icon_text";i:4;s:9:"icon_type";i:4;s:10:"image_size";i:4;s:5:"image";i:4;s:22:"image_custom_dimension";i:4;}s:15:"content_section";a:5:{s:8:"subtitle";i:8;s:5:"title";i:8;s:7:"content";i:8;s:8:"btn_text";i:8;s:4:"link";i:4;}}s:5:"style";a:3:{s:21:"general_style_section";a:1:{s:9:"alignment";i:4;}s:19:"title_style_section";a:2:{s:27:"title_typography_typography";i:4;s:26:"title_typography_font_size";i:4;}s:22:"button_content_section";a:3:{s:12:"btn_position";i:4;s:9:"btn_color";i:4;s:9:"btn_style";i:4;}}s:8:"advanced";a:1:{s:8:"wd_extra";a:1:{s:8:"scroll_y";i:8;}}}}s:9:"wd_button";a:3:{s:5:"count";i:4;s:15:"control_percent";i:2;s:8:"controls";a:3:{s:5:"style";a:1:{s:21:"general_style_section";a:2:{s:5:"color";i:3;s:5:"style";i:2;}}s:8:"advanced";a:3:{s:17:"_section_position";a:1:{s:14:"_element_width";i:4;}s:14:"_section_style";a:1:{s:7:"_margin";i:2;}s:8:"wd_extra";a:1:{s:8:"scroll_y";i:4;}}s:7:"content";a:1:{s:23:"general_content_section";a:1:{s:4:"text";i:4;}}}}s:7:"wd_blog";a:3:{s:5:"count";i:1;s:15:"control_percent";i:3;s:8:"controls";a:2:{s:5:"style";a:2:{s:21:"general_style_section";a:4:{s:12:"blog_spacing";i:1;s:14:"items_per_page";i:1;s:11:"blog_design";i:1;s:8:"img_size";i:1;}s:22:"carousel_style_section";a:1:{s:15:"slides_per_view";i:1;}}s:8:"advanced";a:1:{s:8:"wd_extra";a:1:{s:8:"scroll_y";i:1;}}}}s:5:"video";a:3:{s:5:"count";i:1;s:15:"control_percent";i:2;s:8:"controls";a:3:{s:7:"content";a:2:{s:13:"section_video";a:1:{s:10:"video_type";i:1;}s:21:"section_image_overlay";a:2:{s:18:"show_image_overlay";i:1;s:13:"image_overlay";i:1;}}s:8:"advanced";a:1:{s:8:"wd_extra";a:1:{s:8:"scroll_y";i:1;}}s:5:"style";a:1:{s:19:"section_video_style";a:1:{s:14:"wd_theme_style";i:1;}}}}s:6:"spacer";a:3:{s:5:"count";i:1;s:15:"control_percent";i:6;s:8:"controls";a:2:{s:7:"content";a:1:{s:14:"section_spacer";a:1:{s:5:"space";i:1;}}s:8:"advanced";a:4:{s:14:"_section_style";a:1:{s:8:"_z_index";i:1;}s:8:"wd_extra";a:1:{s:8:"scroll_y";i:1;}s:19:"_section_background";a:4:{s:22:"_background_background";i:1;s:17:"_background_color";i:1;s:22:"_background_color_stop";i:1;s:19:"_background_color_b";i:1;}s:17:"_section_position";a:5:{s:14:"_element_width";i:1;s:21:"_element_custom_width";i:1;s:9:"_position";i:1;s:9:"_offset_x";i:1;s:9:"_offset_y";i:1;}}}}}]]></wp:meta_value>
		</wp:postmeta>
						</item>
					<item>
		<title>
				furniture-banner-4		</title>
		<link>http://dummy.xtemos.com/woodmart-elementor/demos/home-furniture/furniture-banner-4/</link>
		<pubDate>Fri, 23 Jun 2017 11:23:56 +0000</pubDate>
		<dc:creator><![CDATA[erwin]]></dc:creator>
		<guid isPermaLink="false">http://dummy.xtemos.com/woodmart-elementor/demos/wp-content/uploads/sites/2/2017/06/furniture-banner-4.jpg</guid>
		<description></description>
		<content:encoded><![CDATA[]]></content:encoded>
		<excerpt:encoded><![CDATA[]]></excerpt:encoded>
		<wp:post_id>528</wp:post_id>
		<wp:post_date>2017-06-23 11:23:56</wp:post_date>
		<wp:post_date_gmt>2017-06-23 11:23:56</wp:post_date_gmt>
		<wp:comment_status>open</wp:comment_status>
		<wp:ping_status>closed</wp:ping_status>
		<wp:post_name>furniture-banner-4</wp:post_name>
		<wp:status>inherit</wp:status>
		<wp:post_parent>520</wp:post_parent>
		<wp:menu_order>0</wp:menu_order>
		<wp:post_type>attachment</wp:post_type>
		<wp:post_password></wp:post_password>
		<wp:is_sticky>0</wp:is_sticky>
						<wp:attachment_url>http://dummy.xtemos.com/woodmart-elementor/demos/wp-content/uploads/sites/2/2017/06/furniture-banner-4.jpg</wp:attachment_url>
												<wp:postmeta>
			<wp:meta_key>_wp_attached_file</wp:meta_key>
			<wp:meta_value><![CDATA[2017/06/furniture-banner-4.jpg]]></wp:meta_value>
		</wp:postmeta>
						</item>
					<item>
		<title>
				furniture-banner-1		</title>
		<link>http://dummy.xtemos.com/woodmart-elementor/demos/home-furniture/furniture-banner-1/</link>
		<pubDate>Fri, 23 Jun 2017 11:23:57 +0000</pubDate>
		<dc:creator><![CDATA[erwin]]></dc:creator>
		<guid isPermaLink="false">http://dummy.xtemos.com/woodmart-elementor/demos/wp-content/uploads/sites/2/2017/06/furniture-banner-1.jpg</guid>
		<description></description>
		<content:encoded><![CDATA[]]></content:encoded>
		<excerpt:encoded><![CDATA[]]></excerpt:encoded>
		<wp:post_id>529</wp:post_id>
		<wp:post_date>2017-06-23 11:23:57</wp:post_date>
		<wp:post_date_gmt>2017-06-23 11:23:57</wp:post_date_gmt>
		<wp:comment_status>open</wp:comment_status>
		<wp:ping_status>closed</wp:ping_status>
		<wp:post_name>furniture-banner-1</wp:post_name>
		<wp:status>inherit</wp:status>
		<wp:post_parent>520</wp:post_parent>
		<wp:menu_order>0</wp:menu_order>
		<wp:post_type>attachment</wp:post_type>
		<wp:post_password></wp:post_password>
		<wp:is_sticky>0</wp:is_sticky>
						<wp:attachment_url>http://dummy.xtemos.com/woodmart-elementor/demos/wp-content/uploads/sites/2/2017/06/furniture-banner-1.jpg</wp:attachment_url>
												<wp:postmeta>
			<wp:meta_key>_wp_attached_file</wp:meta_key>
			<wp:meta_value><![CDATA[2017/06/furniture-banner-1.jpg]]></wp:meta_value>
		</wp:postmeta>
						</item>
					<item>
		<title>
				furniture-banner-2		</title>
		<link>http://dummy.xtemos.com/woodmart-elementor/demos/home-furniture/furniture-banner-2/</link>
		<pubDate>Fri, 23 Jun 2017 11:23:59 +0000</pubDate>
		<dc:creator><![CDATA[erwin]]></dc:creator>
		<guid isPermaLink="false">http://dummy.xtemos.com/woodmart-elementor/demos/wp-content/uploads/sites/2/2017/06/furniture-banner-2.jpg</guid>
		<description></description>
		<content:encoded><![CDATA[]]></content:encoded>
		<excerpt:encoded><![CDATA[]]></excerpt:encoded>
		<wp:post_id>530</wp:post_id>
		<wp:post_date>2017-06-23 11:23:59</wp:post_date>
		<wp:post_date_gmt>2017-06-23 11:23:59</wp:post_date_gmt>
		<wp:comment_status>open</wp:comment_status>
		<wp:ping_status>closed</wp:ping_status>
		<wp:post_name>furniture-banner-2</wp:post_name>
		<wp:status>inherit</wp:status>
		<wp:post_parent>520</wp:post_parent>
		<wp:menu_order>0</wp:menu_order>
		<wp:post_type>attachment</wp:post_type>
		<wp:post_password></wp:post_password>
		<wp:is_sticky>0</wp:is_sticky>
						<wp:attachment_url>http://dummy.xtemos.com/woodmart-elementor/demos/wp-content/uploads/sites/2/2017/06/furniture-banner-2.jpg</wp:attachment_url>
												<wp:postmeta>
			<wp:meta_key>_wp_attached_file</wp:meta_key>
			<wp:meta_value><![CDATA[2017/06/furniture-banner-2.jpg]]></wp:meta_value>
		</wp:postmeta>
						</item>
					<item>
		<title>
				furniture-banner-3		</title>
		<link>http://dummy.xtemos.com/woodmart-elementor/demos/home-furniture/furniture-banner-3/</link>
		<pubDate>Fri, 23 Jun 2017 11:24:01 +0000</pubDate>
		<dc:creator><![CDATA[erwin]]></dc:creator>
		<guid isPermaLink="false">http://dummy.xtemos.com/woodmart-elementor/demos/wp-content/uploads/sites/2/2017/06/furniture-banner-3.jpg</guid>
		<description></description>
		<content:encoded><![CDATA[]]></content:encoded>
		<excerpt:encoded><![CDATA[]]></excerpt:encoded>
		<wp:post_id>531</wp:post_id>
		<wp:post_date>2017-06-23 11:24:01</wp:post_date>
		<wp:post_date_gmt>2017-06-23 11:24:01</wp:post_date_gmt>
		<wp:comment_status>open</wp:comment_status>
		<wp:ping_status>closed</wp:ping_status>
		<wp:post_name>furniture-banner-3</wp:post_name>
		<wp:status>inherit</wp:status>
		<wp:post_parent>520</wp:post_parent>
		<wp:menu_order>0</wp:menu_order>
		<wp:post_type>attachment</wp:post_type>
		<wp:post_password></wp:post_password>
		<wp:is_sticky>0</wp:is_sticky>
						<wp:attachment_url>http://dummy.xtemos.com/woodmart-elementor/demos/wp-content/uploads/sites/2/2017/06/furniture-banner-3.jpg</wp:attachment_url>
												<wp:postmeta>
			<wp:meta_key>_wp_attached_file</wp:meta_key>
			<wp:meta_value><![CDATA[2017/06/furniture-banner-3.jpg]]></wp:meta_value>
		</wp:postmeta>
						</item>
					<item>
		<title>
				furniture-gallery3		</title>
		<link>http://dummy.xtemos.com/woodmart-elementor/demos/home-furniture/furniture-gallery3/</link>
		<pubDate>Fri, 23 Jun 2017 11:42:10 +0000</pubDate>
		<dc:creator><![CDATA[erwin]]></dc:creator>
		<guid isPermaLink="false">http://dummy.xtemos.com/woodmart-elementor/demos/wp-content/uploads/sites/2/2017/06/furniture-gallery3.jpg</guid>
		<description></description>
		<content:encoded><![CDATA[]]></content:encoded>
		<excerpt:encoded><![CDATA[]]></excerpt:encoded>
		<wp:post_id>536</wp:post_id>
		<wp:post_date>2017-06-23 11:42:10</wp:post_date>
		<wp:post_date_gmt>2017-06-23 11:42:10</wp:post_date_gmt>
		<wp:comment_status>open</wp:comment_status>
		<wp:ping_status>closed</wp:ping_status>
		<wp:post_name>furniture-gallery3</wp:post_name>
		<wp:status>inherit</wp:status>
		<wp:post_parent>520</wp:post_parent>
		<wp:menu_order>0</wp:menu_order>
		<wp:post_type>attachment</wp:post_type>
		<wp:post_password></wp:post_password>
		<wp:is_sticky>0</wp:is_sticky>
						<wp:attachment_url>http://dummy.xtemos.com/woodmart-elementor/demos/wp-content/uploads/sites/2/2017/06/furniture-gallery3.jpg</wp:attachment_url>
												<wp:postmeta>
			<wp:meta_key>_wp_attached_file</wp:meta_key>
			<wp:meta_value><![CDATA[2017/06/furniture-gallery3.jpg]]></wp:meta_value>
		</wp:postmeta>
						</item>
					<item>
		<title>
				furniture-gallery1-1		</title>
		<link>http://dummy.xtemos.com/woodmart-elementor/demos/home-furniture/furniture-gallery1-1/</link>
		<pubDate>Fri, 23 Jun 2017 11:42:11 +0000</pubDate>
		<dc:creator><![CDATA[erwin]]></dc:creator>
		<guid isPermaLink="false">http://dummy.xtemos.com/woodmart-elementor/demos/wp-content/uploads/sites/2/2017/06/furniture-gallery1-1.jpg</guid>
		<description></description>
		<content:encoded><![CDATA[]]></content:encoded>
		<excerpt:encoded><![CDATA[]]></excerpt:encoded>
		<wp:post_id>537</wp:post_id>
		<wp:post_date>2017-06-23 11:42:11</wp:post_date>
		<wp:post_date_gmt>2017-06-23 11:42:11</wp:post_date_gmt>
		<wp:comment_status>open</wp:comment_status>
		<wp:ping_status>closed</wp:ping_status>
		<wp:post_name>furniture-gallery1-1</wp:post_name>
		<wp:status>inherit</wp:status>
		<wp:post_parent>520</wp:post_parent>
		<wp:menu_order>0</wp:menu_order>
		<wp:post_type>attachment</wp:post_type>
		<wp:post_password></wp:post_password>
		<wp:is_sticky>0</wp:is_sticky>
						<wp:attachment_url>http://dummy.xtemos.com/woodmart-elementor/demos/wp-content/uploads/sites/2/2017/06/furniture-gallery1-1.jpg</wp:attachment_url>
												<wp:postmeta>
			<wp:meta_key>_wp_attached_file</wp:meta_key>
			<wp:meta_value><![CDATA[2017/06/furniture-gallery1-1.jpg]]></wp:meta_value>
		</wp:postmeta>
						</item>
					<item>
		<title>
				furniture-gallery2-1		</title>
		<link>http://dummy.xtemos.com/woodmart-elementor/demos/home-furniture/furniture-gallery2-1/</link>
		<pubDate>Fri, 23 Jun 2017 11:42:12 +0000</pubDate>
		<dc:creator><![CDATA[erwin]]></dc:creator>
		<guid isPermaLink="false">http://dummy.xtemos.com/woodmart-elementor/demos/wp-content/uploads/sites/2/2017/06/furniture-gallery2-1.jpg</guid>
		<description></description>
		<content:encoded><![CDATA[]]></content:encoded>
		<excerpt:encoded><![CDATA[]]></excerpt:encoded>
		<wp:post_id>538</wp:post_id>
		<wp:post_date>2017-06-23 11:42:12</wp:post_date>
		<wp:post_date_gmt>2017-06-23 11:42:12</wp:post_date_gmt>
		<wp:comment_status>open</wp:comment_status>
		<wp:ping_status>closed</wp:ping_status>
		<wp:post_name>furniture-gallery2-1</wp:post_name>
		<wp:status>inherit</wp:status>
		<wp:post_parent>520</wp:post_parent>
		<wp:menu_order>0</wp:menu_order>
		<wp:post_type>attachment</wp:post_type>
		<wp:post_password></wp:post_password>
		<wp:is_sticky>0</wp:is_sticky>
						<wp:attachment_url>http://dummy.xtemos.com/woodmart-elementor/demos/wp-content/uploads/sites/2/2017/06/furniture-gallery2-1.jpg</wp:attachment_url>
												<wp:postmeta>
			<wp:meta_key>_wp_attached_file</wp:meta_key>
			<wp:meta_value><![CDATA[2017/06/furniture-gallery2-1.jpg]]></wp:meta_value>
		</wp:postmeta>
						</item>
					<item>
		<title>
				004-furniture		</title>
		<link>http://dummy.xtemos.com/woodmart-elementor/demos/home-furniture/004-furniture/</link>
		<pubDate>Fri, 23 Jun 2017 11:58:49 +0000</pubDate>
		<dc:creator><![CDATA[erwin]]></dc:creator>
		<guid isPermaLink="false">http://dummy.xtemos.com/woodmart-elementor/demos/wp-content/uploads/sites/2/2017/06/004-furniture.svg</guid>
		<description></description>
		<content:encoded><![CDATA[]]></content:encoded>
		<excerpt:encoded><![CDATA[]]></excerpt:encoded>
		<wp:post_id>542</wp:post_id>
		<wp:post_date>2017-06-23 11:58:49</wp:post_date>
		<wp:post_date_gmt>2017-06-23 11:58:49</wp:post_date_gmt>
		<wp:comment_status>open</wp:comment_status>
		<wp:ping_status>closed</wp:ping_status>
		<wp:post_name>004-furniture</wp:post_name>
		<wp:status>inherit</wp:status>
		<wp:post_parent>520</wp:post_parent>
		<wp:menu_order>0</wp:menu_order>
		<wp:post_type>attachment</wp:post_type>
		<wp:post_password></wp:post_password>
		<wp:is_sticky>0</wp:is_sticky>
						<wp:attachment_url>http://dummy.xtemos.com/woodmart-elementor/demos/wp-content/uploads/sites/2/2017/06/004-furniture.svg</wp:attachment_url>
												<wp:postmeta>
			<wp:meta_key>_wp_attached_file</wp:meta_key>
			<wp:meta_value><![CDATA[2017/06/004-furniture.svg]]></wp:meta_value>
		</wp:postmeta>
							<wp:postmeta>
			<wp:meta_key>_elementor_inline_svg</wp:meta_key>
			<wp:meta_value><![CDATA[<?xml version="1.0" encoding="iso-8859-1"?>
<!-- Generator: Adobe Illustrator 19.0.0, SVG Export Plug-In . SVG Version: 6.00 Build 0)  -->
<svg version="1.1" id="Layer_1" xmlns="http://www.w3.org/2000/svg" xmlns:xlink="http://www.w3.org/1999/xlink" x="0px" y="0px"
	 viewBox="0 0 288.775 288.775" style="enable-background:new 0 0 288.775 288.775;" xml:space="preserve">
<g>
	<g>
		<g>
			<path d="M273.815,54.395c-41.052-6.096-41.052-6.096-67.528-30.244C169.399-9.505,114.535-7.805,78.655,28.127
				c-14.868,14.892-31.68,22.74-52.908,24.684c-2.216,0.2-4.42,0.56-6.944,0.972c-1.196,0.192-2.464,0.4-3.852,0.608
				c-1.86,0.28-3.172,1.976-2.972,3.844c0.812,7.66,1.54,15.272,2.26,22.84c1.896,19.792,3.676,38.488,6.808,57.436
				c1.364,8.228,6.684,16.656,15.628,24.872c8.408,9.056,29.096,13.176,54.472,14.88l-31.124,98.984
				c-1.552,4.54,0.876,9.504,5.42,11.06c0.92,0.316,1.872,0.468,2.816,0.468c1.312,0,2.616-0.3,3.824-0.892
				c2.096-1.028,3.66-2.796,4.396-4.944l21.472-59.004c0,0,0.008,0.004,0.012,0.004c0.356,0,0.72-0.076,1.06-0.24l46.924-22.392
				l43.652,20.828c0.2,0.1,0.416,0.104,0.628,0.144l22.06,60.62c1.24,3.608,4.628,5.876,8.24,5.876c0.936,0,1.884-0.156,2.82-0.468
				c4.536-1.56,6.968-6.516,5.436-11l-31.116-98.932c14.58-0.62,29.248-2.488,43.488-8.416
				c15.764-6.564,24.332-16.116,26.196-29.216c2.736-19.204,4.812-38.92,6.816-57.988c0.856-8.116,1.712-16.28,2.628-24.492
				C276.995,56.383,275.683,54.675,273.815,54.395z M71.831,281.295c-0.672,1.976-2.852,3.028-4.804,2.348h-0.004
				c-0.948-0.324-1.72-1.008-2.164-1.916c-0.444-0.912-0.516-1.944-0.164-2.952l31.512-100.22c3.192,0.172,6.424,0.324,9.728,0.428
				c0.38,0.304,0.784,0.596,1.072,0.932c0.22,0.252,0.5,0.62,0.7,1.012c-0.116,0.512-0.084,1.024,0.116,1.488L71.831,281.295z
				 M100.223,217.671l11.84-32.528l28.164,13.44L100.223,217.671z M145.939,195.859l-33.392-15.932
				c-0.084-0.264-0.192-0.52-0.304-0.776c5.348,0.116,10.792,0.172,16.292,0.172c9.736,0,19.608-0.148,29.312-0.348
				c5.496-0.116,10.304-0.212,14.14-0.232l4.716-0.016c-0.448,0.884-0.696,1.828-0.744,2.808L145.939,195.859z M151.647,198.583
				l25.516-12.176l10.724,29.468L151.647,198.583z M224.092,278.835c0.676,1.98-0.38,4.14-2.352,4.812
				c-1.964,0.676-4.136-0.38-4.828-2.392l-36.032-99.036c-0.276-0.804,0.432-1.784,0.88-2.304c0.384-0.44,0.888-0.844,1.408-1.22
				c3.12-0.016,6.248-0.052,9.388-0.128L224.092,278.835z M267.171,82.015c-2.092,19.884-4.068,38.656-6.784,57.736
				c-1.512,10.576-8.484,18.112-21.948,23.712c-19.536,8.136-39.636,8.176-60.92,8.228l-5.572,0.012
				c-3.864,0.024-8.708,0.124-14.248,0.24c-32.976,0.656-101.556,2.084-116.076-13.54c-7.956-7.324-12.548-14.396-13.644-21.036
				c-3.096-18.716-4.868-37.292-6.744-56.964c-0.62-6.496-1.244-13.024-1.92-19.592c0.212-0.032,0.42-0.068,0.624-0.1
				c2.344-0.384,4.388-0.724,6.452-0.908c4.684-0.428,9.12-1.196,13.432-2.168c0.328,3.016,0.664,6.176,1.028,9.592
				c0.664,6.216,1.384,12.976,2.14,19.8c0.14,1.26,1.204,2.192,2.44,2.192c0.092,0,0.184-0.008,0.276-0.016
				c1.352-0.148,2.324-1.364,2.176-2.716c-0.76-6.824-1.476-13.568-2.136-19.776c-0.392-3.68-0.76-7.072-1.104-10.28
				c14.732-4.164,27.424-11.752,38.996-23.344c33.7-33.764,83.3-35.344,117.92-3.752c19.652,17.928,25.8,23.32,42.792,27.192
				c-0.276,2.464-0.544,5.064-0.812,7.808c-29.556-4.456-34.392-5.896-52.596-22.188c-0.724-0.652-1.844-0.592-2.48,0.136
				c-0.648,0.724-0.588,1.836,0.136,2.48c18.632,16.672,23.94,18.448,54.612,23.08c-0.1,1.056-0.196,2.052-0.296,3.132
				c-0.12,1.352,0.876,2.548,2.232,2.668c0.072,0.004,0.144,0.008,0.224,0.008c1.26,0,2.328-0.964,2.444-2.24
				c0.444-4.988,0.9-9.616,1.376-13.868c5.496,1.06,12.012,2.076,20.244,3.304C268.651,67.939,267.911,74.995,267.171,82.015z"/>
			<path d="M71.759,141.011c1.36,0,2.456-1.064,2.456-2.424c1.196-3.56,25.668-9.912,70.168-9.912
				c44.504,0,68.972,6.356,70.156,9.84c0,1.36,1.1,2.46,2.46,2.46s2.46-1.1,2.46-2.46c0-14.588-72.012-14.76-75.08-14.76
				c-3.064,0-75.076,0.172-75.076,14.76C69.303,139.875,70.403,141.011,71.759,141.011z"/>
			<path d="M244.335,83.059c-1.352-0.1-2.548,0.88-2.656,2.24l-0.06,0.692c-1.348,15.976-2.736,32.492-4.504,44.34
				c-1.196,8.02-6.74,13.736-17.448,18c-15.472,6.16-32.096,6.188-48.172,6.216l-4.38,0.012c-3.044,0.016-6.868,0.092-11.24,0.176
				c-26.012,0.528-80.176,1.584-91.712-10.276c-6.3-5.532-9.936-10.892-10.808-15.924c-0.304-1.712-0.596-3.56-0.892-5.496
				c-0.204-1.352-1.48-2.28-2.8-2.064c-1.34,0.204-2.268,1.456-2.064,2.8c0.296,1.976,0.6,3.852,0.9,5.604
				c1.068,6.168,5.248,12.484,12.276,18.648c9.592,9.876,39.8,11.9,72.044,11.9c7.684,0,15.488-0.116,23.152-0.268
				c4.344-0.084,8.14-0.16,11.168-0.176l4.364-0.012c16.536-0.028,33.64-0.064,49.984-6.568
				c12.328-4.912,19.032-12.052,20.488-21.844c1.792-12.004,3.192-28.604,4.54-44.652l0.06-0.692
				C246.691,84.359,245.683,83.171,244.335,83.059z"/>
			<path d="M166.279,26.775c5.008,3.032,9.788,6.608,14.208,10.64c0.336,0.312,0.76,0.46,1.18,0.46c0.476,0,0.956-0.196,1.296-0.576
				c0.656-0.716,0.608-1.824-0.116-2.48c-4.584-4.184-9.548-7.904-14.748-11.044c-0.828-0.504-1.908-0.24-2.412,0.592
				C165.183,25.195,165.451,26.275,166.279,26.775z"/>
			<path d="M204.548,234.103c0.26,0.712,0.936,1.152,1.652,1.152c0.204,0,0.408-0.032,0.608-0.104
				c0.908-0.34,1.38-1.348,1.044-2.256l-3.428-9.332c-0.336-0.912-1.36-1.376-2.256-1.044c-0.912,0.336-1.38,1.344-1.044,2.256
				L204.548,234.103z"/>
			<path d="M188.615,185.579c-0.912,0.336-1.384,1.348-1.048,2.26l8.984,24.48c0.26,0.712,0.936,1.152,1.652,1.152
				c0.204,0,0.408-0.032,0.604-0.108c0.912-0.332,1.38-1.344,1.048-2.256l-8.984-24.48
				C190.54,185.715,189.516,185.251,188.615,185.579z"/>
		</g>
	</g>
</g>
<g>
</g>
<g>
</g>
<g>
</g>
<g>
</g>
<g>
</g>
<g>
</g>
<g>
</g>
<g>
</g>
<g>
</g>
<g>
</g>
<g>
</g>
<g>
</g>
<g>
</g>
<g>
</g>
<g>
</g>
</svg>
]]></wp:meta_value>
		</wp:postmeta>
						</item>
				</channel>
</rss>
	