<?xml version="1.0" encoding="UTF-8" ?>
<!-- This is a WordPress eXtended RSS file generated by WordPress as an export of your site. -->
<!-- It contains information about your site's posts, pages, comments, categories, and other content. -->
<!-- You may use this file to transfer that content from one site to another. -->
<!-- This file is not intended to serve as a complete backup of your site. -->

<!-- To import this information into a WordPress site follow these steps: -->
<!-- 1. Log in to that site as an administrator. -->
<!-- 2. Go to Tools: Import in the WordPress admin panel. -->
<!-- 3. Install the "WordPress" importer from the list. -->
<!-- 4. Activate & Run Importer. -->
<!-- 5. Upload this file using the form provided on that page. -->
<!-- 6. You will first be asked to map the authors in this export file to users -->
<!--    on the site. For each author, you may choose to map to an -->
<!--    existing user on the site or to create a new user. -->
<!-- 7. WordPress will then import each of the posts, pages, comments, categories, etc. -->
<!--    contained in this file into your site. -->

	<!-- generator="WordPress/5.4.2" created="2020-07-11 11:00" -->
<rss version="2.0"
	xmlns:excerpt="http://wordpress.org/export/1.2/excerpt/"
	xmlns:content="http://purl.org/rss/1.0/modules/content/"
	xmlns:wfw="http://wellformedweb.org/CommentAPI/"
	xmlns:dc="http://purl.org/dc/elements/1.1/"
	xmlns:wp="http://wordpress.org/export/1.2/"
>

<channel>
	<title>Woodmart dummy demos</title>
	<link>http://dummy.xtemos.com/woodmart-elementor/demos</link>
	<description>Just another Woodmart Dummy Content Sites site</description>
	<pubDate>Sat, 11 Jul 2020 11:00:22 +0000</pubDate>
	<language>en-US</language>
	<wp:wxr_version>1.2</wp:wxr_version>
	<wp:base_site_url>http://dummy.xtemos.com/woodmart-elementor/</wp:base_site_url>
	<wp:base_blog_url>http://dummy.xtemos.com/woodmart-elementor/demos</wp:base_blog_url>

		<wp:author><wp:author_id>2</wp:author_id><wp:author_login>erwin</wp:author_login><wp:author_email>ss@asas.as</wp:author_email><wp:author_display_name><![CDATA[erwin]]></wp:author_display_name><wp:author_first_name><![CDATA[]]></wp:author_first_name><wp:author_last_name><![CDATA[]]></wp:author_last_name></wp:author>

				
	<generator>https://wordpress.org/?v=5.4.2</generator>

		<item>
		<title>
				wood-testimonials-placeholder		</title>
		<link>http://dummy.xtemos.com/woodmart-elementor/demos/2017/06/16/the-big-design-wall-likes-pictures/wood-testimonials-placeholder/</link>
		<pubDate>Fri, 16 Jun 2017 07:53:52 +0000</pubDate>
		<dc:creator><![CDATA[admin]]></dc:creator>
		<guid isPermaLink="false">http://dummy.xtemos.com/woodmart-elementor/demos/wp-content/uploads/sites/2/2017/06/wood-testimonials-placeholder.jpg</guid>
		<description></description>
		<content:encoded><![CDATA[]]></content:encoded>
		<excerpt:encoded><![CDATA[]]></excerpt:encoded>
		<wp:post_id>229</wp:post_id>
		<wp:post_date>2017-06-16 07:53:52</wp:post_date>
		<wp:post_date_gmt>2017-06-16 07:53:52</wp:post_date_gmt>
		<wp:comment_status>open</wp:comment_status>
		<wp:ping_status>closed</wp:ping_status>
		<wp:post_name>wood-testimonials-placeholder</wp:post_name>
		<wp:status>inherit</wp:status>
		<wp:post_parent>226</wp:post_parent>
		<wp:menu_order>0</wp:menu_order>
		<wp:post_type>attachment</wp:post_type>
		<wp:post_password></wp:post_password>
		<wp:is_sticky>0</wp:is_sticky>
						<wp:attachment_url>http://dummy.xtemos.com/woodmart-elementor/demos/wp-content/uploads/sites/2/2017/06/wood-testimonials-placeholder.jpg</wp:attachment_url>
												<wp:postmeta>
			<wp:meta_key>_wp_attached_file</wp:meta_key>
			<wp:meta_value><![CDATA[2017/06/wood-testimonials-placeholder.jpg]]></wp:meta_value>
		</wp:postmeta>
						</item>
					<item>
		<title>
				Home Fashion		</title>
		<link>http://dummy.xtemos.com/woodmart-elementor/demos/home-fashion/</link>
		<pubDate>Thu, 22 Jun 2017 12:05:39 +0000</pubDate>
		<dc:creator><![CDATA[erwin]]></dc:creator>
		<guid isPermaLink="false">http://dummy.xtemos.com/woodmart-elementor/demos/?page_id=442</guid>
		<description></description>
		<content:encoded><![CDATA[<article id="post-368">
		<header>
							<figure>
						<a href="http://dummy.xtemos.com/woodmart-elementor/demos/2017/06/22/minimalist-japanese-inspired-furniture/">
							<img src="http://dummy.xtemos.com/woodmart-elementor/demos/wp-content/uploads/sites/2/elementor/thumbs/wood-blog-placeholder-oqf427c2ynd3f7uhfdk8b0c9c99r8wcj3knoygk2eo.jpg" title="wood-blog-placeholder" alt="wood-blog-placeholder" />						</a>
				</figure>
					22				
					Jun				
				</header><!-- .entry-header -->
							<a href="http://dummy.xtemos.com/woodmart-elementor/demos/category/furniture/" rel="category tag">Furniture</a>
							<h3>
					<a href="http://dummy.xtemos.com/woodmart-elementor/demos/2017/06/22/minimalist-japanese-inspired-furniture/" rel="bookmark">Minimalist Japanese-inspired furniture</a>
				</h3>
								<ul>
										<li>June 22, 2017</li>
																<li>
															Posted by																						<img alt='author-avatar' src='http://2.gravatar.com/avatar/e2861dedf067ea2500566d0269cf9e64?s=32&#038;d=mm&#038;r=g' class='avatar avatar-32 photo' height='32' width='32' />														<a href="http://dummy.xtemos.com/woodmart-elementor/demos/author/admin/" rel="author">
									admin
							</a>
						</li>
																																																			<li>
														<a href="http://dummy.xtemos.com/woodmart-elementor/demos/2017/06/22/minimalist-japanese-inspired-furniture/#respond">0 comments</a>						</li>
																						</ul>
						<!-- .entry-meta -->
									<a rel="nofollow noopener noreferrer" href="https://www.facebook.com/sharer/sharer.php?u=http://dummy.xtemos.com/woodmart-elementor/demos/2017/06/22/minimalist-japanese-inspired-furniture/" target="_blank">
						<i></i>
						Facebook
					</a>
									<a rel="nofollow noopener noreferrer" href="https://twitter.com/share?url=http://dummy.xtemos.com/woodmart-elementor/demos/2017/06/22/minimalist-japanese-inspired-furniture/" target="_blank">
						<i></i>
						Twitter
					</a>
									<a rel="nofollow noopener noreferrer" href="https://pinterest.com/pin/create/button/?url=http://dummy.xtemos.com/woodmart-elementor/demos/2017/06/22/minimalist-japanese-inspired-furniture/&amp;media=http://dummy.xtemos.com/woodmart-elementor/demos/wp-content/uploads/sites/2/2017/06/wood-blog-placeholder.jpg&amp;description=Minimalist+Japanese-inspired+furniture" target="_blank">
						<i></i>
						Pinterest
					</a>
									<a rel="nofollow noopener noreferrer" href="https://www.linkedin.com/shareArticle?mini=true&amp;url=http://dummy.xtemos.com/woodmart-elementor/demos/2017/06/22/minimalist-japanese-inspired-furniture/" target="_blank">
						<i></i>
						linkedin
					</a>
									<a rel="nofollow noopener noreferrer" href="https://telegram.me/share/url?url=http://dummy.xtemos.com/woodmart-elementor/demos/2017/06/22/minimalist-japanese-inspired-furniture/" target="_blank">
						<i></i>
						Telegram
					</a>
					<p>[vc_row][vc_column][vc_column_text]Ac haca ullamcorper donec ante habi tasse donec imperdiet eturpis varius per a augue magna hac. Nec hac et vestibulum duis a tincidunt per a aptent interdum purus feugiat a id aliquet erat himenaeos nunc torquent euismod adipiscing adipiscing dui gravida justo. Ultrices ut parturient morbi sit adipiscing</p>
<p><a href="http://dummy.xtemos.com/woodmart-elementor/demos/2017/06/22/minimalist-japanese-inspired-furniture/">Continue reading</a></p>
				<!-- .entry-content -->
</article><!-- #post -->
<article id="post-232">
		<header>
							<figure>
						<a href="http://dummy.xtemos.com/woodmart-elementor/demos/2017/06/16/new-home-decor-from-john-doerson/">
							<img src="http://dummy.xtemos.com/woodmart-elementor/demos/wp-content/uploads/sites/2/elementor/thumbs/wood-blog-placeholder-oqf427c2ynd3f7uhfdk8b0c9c99r8wcj3knoygk2eo.jpg" title="wood-blog-placeholder" alt="wood-blog-placeholder" />						</a>
				</figure>
					16				
					Jun				
				</header><!-- .entry-header -->
							<a href="http://dummy.xtemos.com/woodmart-elementor/demos/category/furniture/" rel="category tag">Furniture</a>
							<h3>
					<a href="http://dummy.xtemos.com/woodmart-elementor/demos/2017/06/16/new-home-decor-from-john-doerson/" rel="bookmark">New home decor from John Doerson</a>
				</h3>
								<ul>
										<li>June 16, 2017</li>
																<li>
															Posted by																						<img alt='author-avatar' src='http://2.gravatar.com/avatar/e2861dedf067ea2500566d0269cf9e64?s=32&#038;d=mm&#038;r=g' class='avatar avatar-32 photo' height='32' width='32' />														<a href="http://dummy.xtemos.com/woodmart-elementor/demos/author/admin/" rel="author">
									admin
							</a>
						</li>
																																																			<li>
														<a href="http://dummy.xtemos.com/woodmart-elementor/demos/2017/06/16/new-home-decor-from-john-doerson/#respond">0 comments</a>						</li>
																						</ul>
						<!-- .entry-meta -->
									<a rel="nofollow noopener noreferrer" href="https://www.facebook.com/sharer/sharer.php?u=http://dummy.xtemos.com/woodmart-elementor/demos/2017/06/16/new-home-decor-from-john-doerson/" target="_blank">
						<i></i>
						Facebook
					</a>
									<a rel="nofollow noopener noreferrer" href="https://twitter.com/share?url=http://dummy.xtemos.com/woodmart-elementor/demos/2017/06/16/new-home-decor-from-john-doerson/" target="_blank">
						<i></i>
						Twitter
					</a>
									<a rel="nofollow noopener noreferrer" href="https://pinterest.com/pin/create/button/?url=http://dummy.xtemos.com/woodmart-elementor/demos/2017/06/16/new-home-decor-from-john-doerson/&amp;media=http://dummy.xtemos.com/woodmart-elementor/demos/wp-content/uploads/sites/2/2017/06/wood-blog-placeholder.jpg&amp;description=New+home+decor+from+John+Doerson" target="_blank">
						<i></i>
						Pinterest
					</a>
									<a rel="nofollow noopener noreferrer" href="https://www.linkedin.com/shareArticle?mini=true&amp;url=http://dummy.xtemos.com/woodmart-elementor/demos/2017/06/16/new-home-decor-from-john-doerson/" target="_blank">
						<i></i>
						linkedin
					</a>
									<a rel="nofollow noopener noreferrer" href="https://telegram.me/share/url?url=http://dummy.xtemos.com/woodmart-elementor/demos/2017/06/16/new-home-decor-from-john-doerson/" target="_blank">
						<i></i>
						Telegram
					</a>
					<p>[vc_row][vc_column][vc_column_text]Ullamcorper condimentum erat pretium velit at ut a nunc id a adeu vestibulum nibh urna nam consequat erat molestie lacinia rhoncus. Nisi a diamida himenaeos condimentum laoreet pera neque habitant leo feugiat viverra nisl sagittis a curabitur parturient nisi adipiscing. A parturient dapibus pulvinar arcu a suspendisse sagittis mus mollis at a nec placerat sociosqu himenaeos litora fames habitant suscipit tempus scelerisque ridiculus mi ullamcorper per ridiculus proin condimentum.</p>
<p><a href="http://dummy.xtemos.com/woodmart-elementor/demos/2017/06/16/new-home-decor-from-john-doerson/">Continue reading</a></p>
				<!-- .entry-content -->
</article><!-- #post -->
<article id="post-226">
		<header>
							<figure>
						<a href="http://dummy.xtemos.com/woodmart-elementor/demos/2017/06/16/the-big-design-wall-likes-pictures/">
							<img src="http://dummy.xtemos.com/woodmart-elementor/demos/wp-content/uploads/sites/2/elementor/thumbs/wood-blog-placeholder-oqf427c2ynd3f7uhfdk8b0c9c99r8wcj3knoygk2eo.jpg" title="wood-blog-placeholder" alt="wood-blog-placeholder" />						</a>
				</figure>
					16				
					Jun				
				</header><!-- .entry-header -->
							<a href="http://dummy.xtemos.com/woodmart-elementor/demos/category/design-trends/" rel="category tag">Design trends</a>
							<h3>
					<a href="http://dummy.xtemos.com/woodmart-elementor/demos/2017/06/16/the-big-design-wall-likes-pictures/" rel="bookmark">The big design: Wall likes pictures</a>
				</h3>
								<ul>
										<li>June 16, 2017</li>
																<li>
															Posted by																						<img alt='author-avatar' src='http://2.gravatar.com/avatar/e2861dedf067ea2500566d0269cf9e64?s=32&#038;d=mm&#038;r=g' class='avatar avatar-32 photo' height='32' width='32' />														<a href="http://dummy.xtemos.com/woodmart-elementor/demos/author/admin/" rel="author">
									admin
							</a>
						</li>
																																																			<li>
														<a href="http://dummy.xtemos.com/woodmart-elementor/demos/2017/06/16/the-big-design-wall-likes-pictures/#respond">0 comments</a>						</li>
																						</ul>
						<!-- .entry-meta -->
									<a rel="nofollow noopener noreferrer" href="https://www.facebook.com/sharer/sharer.php?u=http://dummy.xtemos.com/woodmart-elementor/demos/2017/06/16/the-big-design-wall-likes-pictures/" target="_blank">
						<i></i>
						Facebook
					</a>
									<a rel="nofollow noopener noreferrer" href="https://twitter.com/share?url=http://dummy.xtemos.com/woodmart-elementor/demos/2017/06/16/the-big-design-wall-likes-pictures/" target="_blank">
						<i></i>
						Twitter
					</a>
									<a rel="nofollow noopener noreferrer" href="https://pinterest.com/pin/create/button/?url=http://dummy.xtemos.com/woodmart-elementor/demos/2017/06/16/the-big-design-wall-likes-pictures/&amp;media=http://dummy.xtemos.com/woodmart-elementor/demos/wp-content/uploads/sites/2/2017/06/wood-blog-placeholder.jpg&amp;description=The+big+design%3A+Wall+likes+pictures" target="_blank">
						<i></i>
						Pinterest
					</a>
									<a rel="nofollow noopener noreferrer" href="https://www.linkedin.com/shareArticle?mini=true&amp;url=http://dummy.xtemos.com/woodmart-elementor/demos/2017/06/16/the-big-design-wall-likes-pictures/" target="_blank">
						<i></i>
						linkedin
					</a>
									<a rel="nofollow noopener noreferrer" href="https://telegram.me/share/url?url=http://dummy.xtemos.com/woodmart-elementor/demos/2017/06/16/the-big-design-wall-likes-pictures/" target="_blank">
						<i></i>
						Telegram
					</a>
					<p>[vc_row][vc_column][vc_column_text]Parturient in potenti id rutrum duis torquent parturient sceler isque sit vestibulum a posuere scelerisque viverra urna. Egestas tristique vestibulum vestibulum ante vulputate penati bus a nibh dis parturient cum a adipiscing nam condimentum quisque enim fames risus eget. Consectetur duis tempus massa elit himenaeos duis iaculis parturient nam tempor neque nisl parturient vivamus primis sociosqu ac donec nisi a adipiscing senectus.</p>
<p><a href="http://dummy.xtemos.com/woodmart-elementor/demos/2017/06/16/the-big-design-wall-likes-pictures/">Continue reading</a></p>
				<!-- .entry-content -->
</article><!-- #post -->
				 <!-- end product-items -->
			 <!-- end #carousel-462 -->]]></content:encoded>
		<excerpt:encoded><![CDATA[]]></excerpt:encoded>
		<wp:post_id>442</wp:post_id>
		<wp:post_date>2017-06-22 12:05:39</wp:post_date>
		<wp:post_date_gmt>2017-06-22 12:05:39</wp:post_date_gmt>
		<wp:comment_status>closed</wp:comment_status>
		<wp:ping_status>closed</wp:ping_status>
		<wp:post_name>home-fashion</wp:post_name>
		<wp:status>publish</wp:status>
		<wp:post_parent>0</wp:post_parent>
		<wp:menu_order>0</wp:menu_order>
		<wp:post_type>page</wp:post_type>
		<wp:post_password></wp:post_password>
		<wp:is_sticky>0</wp:is_sticky>
														<wp:postmeta>
			<wp:meta_key>_wp_page_template</wp:meta_key>
			<wp:meta_value><![CDATA[default]]></wp:meta_value>
		</wp:postmeta>
							<wp:postmeta>
			<wp:meta_key>_woodmart_header_color_scheme</wp:meta_key>
			<wp:meta_value><![CDATA[inherit]]></wp:meta_value>
		</wp:postmeta>
							<wp:postmeta>
			<wp:meta_key>_woodmart_main_layout</wp:meta_key>
			<wp:meta_value><![CDATA[full-width]]></wp:meta_value>
		</wp:postmeta>
							<wp:postmeta>
			<wp:meta_key>_woodmart_title_off</wp:meta_key>
			<wp:meta_value><![CDATA[on]]></wp:meta_value>
		</wp:postmeta>
							<wp:postmeta>
			<wp:meta_key>_wpb_post_custom_css</wp:meta_key>
			<wp:meta_value><![CDATA[.main-header {
    border-bottom:none!important;
}]]></wp:meta_value>
		</wp:postmeta>
							<wp:postmeta>
			<wp:meta_key>_woodmart_whb_header</wp:meta_key>
			<wp:meta_value><![CDATA[none]]></wp:meta_value>
		</wp:postmeta>
							<wp:postmeta>
			<wp:meta_key>_elementor_data</wp:meta_key>
			<wp:meta_value><![CDATA[[{"id":"1963096","elType":"section","settings":{"margin":{"top":"-40","left":"0","right":"0","bottom":"10","unit":"px","isLinked":""}},"elements":[{"id":"1674416","elType":"column","settings":{"_column_size":"25","offset":"vc_hidden-sm vc_hidden-xs","column_sticky_offset":"50","scroll_y":"-80","hide_tablet":"hidden-tablet","hide_mobile":"hidden-phone","_inline_size":"25"},"elements":[{"id":"8870262","elType":"widget","settings":{"woodmart_color_scheme":"light","title":"Categories","color":"#da3c3c","scroll_y":"-80"},"elements":[],"widgetType":"wd_mega_menu"}],"isInner":""},{"id":"1607763","elType":"column","settings":{"_column_size":"100","offset":"vc_col-lg-9 vc_col-md-9 vc_col-xs-12","column_sticky_offset":"50","scroll_y":"-80","_inline_size":"75.034"},"elements":[{"id":"7284419","elType":"widget","settings":{"shortcode":"[rev_slider alias=\"fashion\"][\/rev_slider]","revslidertitle":"fashion","scroll_y":"-80"},"elements":[],"widgetType":"slider_revolution"}],"isInner":""}],"isInner":""},{"id":"1773349","elType":"section","settings":{"margin":{"top":"0","left":"0","right":"0","bottom":"80","unit":"px","isLinked":""},"margin_tablet":{"unit":"px","top":"0","right":"0","bottom":"60","left":"0","isLinked":""},"margin_mobile":{"unit":"px","top":"0","right":"0","bottom":"40","left":"0","isLinked":""}},"elements":[{"id":"7370080","elType":"column","settings":{"_column_size":"100","column_sticky_offset":"50","scroll_y":"-80"},"elements":[{"id":"7298287","elType":"widget","settings":{"slider_spacing":"30","slides_per_view":{"size":"3"},"hide_pagination_control":"yes","hide_prev_next_buttons":"yes","content_repeater":[{"_id":"7798773","align":"left","image_size":"full","title":"AMAZING FASHION","subtitle":"SUMMER NEW","content":"","btn_text":"Shop Now","btn_position":"static","hover":"zoom","woodmart_color_scheme":"dark","image_custom_dimension":[],"image":{"id":"449","url":"#"},"title_size":"large","title_typography_typography":"custom","title_typography_font_weight":"700","subtitle_color":"primary","btn_color":"primary","btn_style":"link","horizontal_alignment":"right","vertical_alignment":"middle","text_alignment":"right","alignment":"right","link":{"url":"#","is_external":"","nofollow":"","custom_attributes":""},"image_type":"image","image_height":{"unit":"px","size":"300","sizes":[]},"image_height_tablet":{"unit":"px","size":"","sizes":[]},"image_height_mobile":{"unit":"px","size":"","sizes":[]},"image_bg_position":"center center","width":{"unit":"%","size":"45","sizes":[]},"width_tablet":{"unit":"%","size":"","sizes":[]},"width_mobile":{"unit":"%","size":"","sizes":[]},"increase_spaces":"no"},{"_id":"5889676","align":"left","image_size":"full","title":"STYLISH FASHION","subtitle":"BEST NEW","content":"","btn_text":"Shop Now","btn_position":"static","hover":"zoom","woodmart_color_scheme":"dark","image_custom_dimension":[],"image":{"id":"449","url":"#"},"title_size":"large","title_typography_typography":"custom","title_typography_font_weight":"700","subtitle_color":"primary","btn_color":"primary","btn_style":"link","horizontal_alignment":"center","vertical_alignment":"middle","text_alignment":"center","alignment":"center","link":{"url":"#","is_external":"","nofollow":"","custom_attributes":""},"image_type":"image","image_height":{"unit":"px","size":"300","sizes":[]},"image_height_tablet":{"unit":"px","size":"","sizes":[]},"image_height_mobile":{"unit":"px","size":"","sizes":[]},"image_bg_position":"center center","width":{"unit":"%","size":"45","sizes":[]},"width_tablet":{"unit":"%","size":"","sizes":[]},"width_mobile":{"unit":"%","size":"","sizes":[]},"increase_spaces":"no"},{"_id":"7278480","align":"left","image_size":"full","title":"FASHION STYLE","subtitle":"NEW 2017","content":"","btn_text":"Shop Now","btn_position":"static","hover":"zoom","woodmart_color_scheme":"dark","image_custom_dimension":[],"image":{"id":"449","url":"#"},"title_size":"large","title_typography_typography":"custom","title_typography_font_weight":"700","subtitle_color":"primary","btn_color":"primary","btn_style":"link","vertical_alignment":"middle","link":{"url":"#","is_external":"","nofollow":"","custom_attributes":""},"image_type":"image","image_height":{"unit":"px","size":"300","sizes":[]},"image_height_tablet":{"unit":"px","size":"","sizes":[]},"image_height_mobile":{"unit":"px","size":"","sizes":[]},"image_bg_position":"center center","horizontal_alignment":"left","text_alignment":"left","width":{"unit":"%","size":"45","sizes":[]},"width_tablet":{"unit":"%","size":"","sizes":[]},"width_mobile":{"unit":"%","size":"","sizes":[]},"increase_spaces":"no"}],"scroll_y":"-80","subtitle_typography_typography":"custom","subtitle_typography_font_weight":"600"},"elements":[],"widgetType":"wd_banner_carousel"}],"isInner":""}],"isInner":""},{"id":"5731748","elType":"section","settings":{"margin":{"top":"0","left":"0","right":"0","bottom":"80","unit":"px","isLinked":""},"margin_tablet":{"unit":"px","top":"0","right":"0","bottom":"60","left":"0","isLinked":""},"margin_mobile":{"unit":"px","top":"0","right":"0","bottom":"40","left":"0","isLinked":""}},"elements":[{"id":"3412921","elType":"column","settings":{"_column_size":"100","column_sticky_offset":"50","scroll_y":"-80"},"elements":[{"id":"4140150","elType":"widget","settings":{"subtitle":"WELCOME TO WOODMART","after_title":"Nec sem consequat mi gravida augue augue suspendisse condimentum condimentum vestibulum augue mi gravida ugue.","image_size":"custom","size":"large","color":"primary","width":{"size":"40","unit":"%"},"title":"FEATURED PRODUCTS","_margin":{"top":"0","left":"0","right":"0","bottom":"10","unit":"px","isLinked":""},"scroll_y":"-80","width_tablet":{"unit":"%","size":"65","sizes":[]},"width_mobile":{"unit":"%","size":"100","sizes":[]},"title_typography_typography":"custom","title_typography_font_size_tablet":{"unit":"px","size":"22","sizes":[]},"title_typography_font_size_mobile":{"unit":"px","size":"20","sizes":[]},"title_typography_font_weight":"600"},"elements":[],"widgetType":"wd_title"},{"id":"38a2ce8","elType":"widget","settings":{"spacing":"20","items_per_page":"8","pagination":"arrows","scroll_y":"-80"},"elements":[],"widgetType":"wd_products"}],"isInner":""}],"isInner":""},{"id":"6767146","elType":"section","settings":{"margin":{"top":"0","left":"0","right":"0","bottom":"80","unit":"px","isLinked":""},"margin_tablet":{"unit":"px","top":"0","right":"0","bottom":"60","left":"0","isLinked":""},"margin_mobile":{"unit":"px","top":"0","right":"0","bottom":"40","left":"0","isLinked":""}},"elements":[{"id":"330058","elType":"column","settings":{"_column_size":"100","column_sticky_offset":"50","scroll_y":"-80"},"elements":[{"id":"7986679","elType":"widget","settings":{"subtitle":"WELCOME TO WOODMART","after_title":"Nec sem consequat mi gravida augue augue suspendisse condimentum condimentum vestibulum augue mi gravida ugue.","image_size":"custom","size":"large","color":"primary","width":{"size":"40","unit":"%"},"title":"OUR CATEGORIES","_margin":{"top":"0","left":"0","right":"0","bottom":"10","unit":"px","isLinked":""},"scroll_y":"-80","width_tablet":{"unit":"%","size":"60","sizes":[]},"width_mobile":{"unit":"%","size":"100","sizes":[]},"subtitle_typography_typography":"custom","subtitle_typography_font_weight":"600","title_typography_typography":"custom","title_typography_font_size_tablet":{"unit":"px","size":"22","sizes":[]},"title_typography_font_size_mobile":{"unit":"px","size":"20","sizes":[]}},"elements":[],"widgetType":"wd_title"},{"id":"d4d3f22","elType":"widget","settings":{"categories_design":"center","style":"carousel","slides_per_view":{"unit":"px","size":"4","sizes":[]},"hide_pagination_control":"yes","scroll_y":"-80","spacing":"20"},"elements":[],"widgetType":"wd_product_categories"}],"isInner":""}],"isInner":""},{"id":"8316268","elType":"section","settings":{"margin":{"top":"0","left":"0","right":"0","bottom":"80","unit":"px","isLinked":""},"margin_tablet":{"unit":"px","top":"0","right":"0","bottom":"60","left":"0","isLinked":""},"margin_mobile":{"unit":"px","top":"0","right":"0","bottom":"40","left":"0","isLinked":""}},"elements":[{"id":"5618943","elType":"column","settings":{"_column_size":"100","column_sticky_offset":"50","scroll_y":"-80"},"elements":[{"id":"9725402","elType":"widget","settings":{"subtitle":"WELCOME TO WOODMART","after_title":"Nec sem consequat mi gravida augue augue suspendisse condimentum condimentum vestibulum augue mi gravida ugue.","image_size":"custom","size":"large","color":"primary","width":{"size":"40","unit":"%"},"title":"OUR BESTSELLERS","_margin":{"top":"0","left":"0","right":"0","bottom":"10","unit":"px","isLinked":""},"scroll_y":"-80","width_tablet":{"unit":"%","size":"60","sizes":[]},"width_mobile":{"unit":"%","size":"100","sizes":[]},"subtitle_typography_typography":"custom","subtitle_typography_font_weight":"600","title_typography_typography":"custom","title_typography_font_size_tablet":{"unit":"px","size":"22","sizes":[]},"title_typography_font_size_mobile":{"unit":"px","size":"20","sizes":[]}},"elements":[],"widgetType":"wd_title"},{"id":"f9ebce9","elType":"widget","settings":{"layout":"carousel","columns":{"unit":"px","size":"5","sizes":[]},"items_per_page":"6","slides_per_view":{"unit":"px","size":"5","sizes":[]},"scroll_y":"-80","order":"DESC"},"elements":[],"widgetType":"wd_products"}],"isInner":""}],"isInner":""},{"id":"9661707","elType":"section","settings":{"wd_section_stretch":"stretch","margin":{"top":"0","left":"0","right":"0","bottom":"80","unit":"px","isLinked":""},"padding":{"top":"80","left":"15","right":"15","bottom":"80","unit":"px","isLinked":""},"background_background":"classic","background_image":{"url":"http:\/\/dummy.xtemos.com\/woodmart-elementor\/demos\/wp-content\/uploads\/sites\/2\/2017\/06\/wood-main-dark-bg.jpg?id=246","id":""},"background_size":"cover","background_repeat":"no-repeat","margin_tablet":{"unit":"px","top":"0","right":"0","bottom":"60","left":"0","isLinked":""},"margin_mobile":{"unit":"px","top":"0","right":"0","bottom":"40","left":"0","isLinked":""},"padding_tablet":{"unit":"px","top":"60","right":"15","bottom":"60","left":"15","isLinked":""},"padding_mobile":{"unit":"px","top":"40","right":"15","bottom":"40","left":"15","isLinked":""}},"elements":[{"id":"1696960","elType":"column","settings":{"_column_size":"100","wd_color_scheme":"light","padding":{"top":"0","left":"17","right":"17","bottom":"0","unit":"%","isLinked":""},"column_sticky_offset":"50","scroll_y":"-80","margin":{"unit":"%","top":"","right":"","bottom":"","left":"","isLinked":"1"},"padding_tablet":{"unit":"px","top":"0","right":"15","bottom":"0","left":"15","isLinked":""}},"elements":[{"id":"2445106","elType":"widget","settings":{"subtitle":"","after_title":"","image_size":"custom","size":"large","color":"white","width":{"size":"","unit":"%"},"title":"CUSTOMERS REVIEWS","scroll_y":"-80","title_typography_typography":"custom","title_typography_font_size_tablet":{"unit":"px","size":"22","sizes":[]},"title_typography_font_size_mobile":{"unit":"px","size":"20","sizes":[]}},"elements":[],"widgetType":"wd_title"},{"id":"782fce7","elType":"widget","settings":{"primary_color":"#FFFFFF","scroll_y":"-80","selected_icon":{"value":"fas fa-quote-right","library":"fa-solid"}},"elements":[],"widgetType":"icon"},{"id":"1685349","elType":"widget","settings":{"stars_rating":"no","items_repeater":[{"_id":"9721669","image":{"id":"229","url":""},"name":"Sanne Cosima","title":"Main Moderator","img_size":"70x70","content":"A faucibus ullamcorper metus class suspendisse scelerisque dui a eget amet pulvinar purus elementum scelerisque massa cursus dolor turpis facilisis a adipiscing penatibus.Id sed molestie mi adipiscing bibendum elit a adipiscing ad malesuada a platea suspendisse varius a magnis taciti consectetur hac a malesuada ante bibendum.","image_size":"custom","image_custom_dimension":{"width":"70","height":"70"}},{"_id":"7973274","image":{"id":"229","url":""},"name":"Sanne Cosima","title":"Main Moderator","img_size":"70x70","content":"A faucibus ullamcorper metus class suspendisse scelerisque dui a eget amet pulvinar purus elementum scelerisque massa cursus dolor turpis facilisis a adipiscing penatibus.Id sed molestie mi adipiscing bibendum elit a adipiscing ad malesuada a platea suspendisse varius a magnis taciti consectetur hac a malesuada ante bibendum.","image_size":"custom","image_custom_dimension":{"width":"70","height":"70"}},{"_id":"5058890","image":{"id":"229","url":""},"name":"Sanne Cosima","title":"Main Moderator","img_size":"70x70","content":"A faucibus ullamcorper metus class suspendisse scelerisque dui a eget amet pulvinar purus elementum scelerisque massa cursus dolor turpis facilisis a adipiscing penatibus.Id sed molestie mi adipiscing bibendum elit a adipiscing ad malesuada a platea suspendisse varius a magnis taciti consectetur hac a malesuada ante bibendum.","image_size":"custom","image_custom_dimension":{"width":"","height":""}}],"scroll_y":"-80","slides_per_view":{"unit":"px","size":"1","sizes":[]}},"elements":[],"widgetType":"wd_testimonials"}],"isInner":""}],"isInner":""},{"id":"749704","elType":"section","settings":{"margin":{"top":"0","left":"0","right":"0","bottom":"-30","unit":"px","isLinked":""}},"elements":[{"id":"6679379","elType":"column","settings":{"_column_size":"100","column_sticky_offset":"50","scroll_y":"-80"},"elements":[{"id":"3105874","elType":"widget","settings":{"subtitle":"WELCOME TO WOODMART","after_title":"Nec sem consequat mi gravida augue augue suspendisse condimentum condimentum vestibulum augue mi gravida ugue.","image_size":"custom","size":"large","color":"primary","width":{"size":"40","unit":"%"},"title":"OUR LATEST NEWS","scroll_y":"-80","width_tablet":{"unit":"%","size":"62","sizes":[]},"width_mobile":{"unit":"%","size":"100","sizes":[]},"subtitle_typography_typography":"custom","subtitle_typography_font_weight":"600","title_typography_typography":"custom","title_typography_font_size_tablet":{"unit":"px","size":"22","sizes":[]},"title_typography_font_size_mobile":{"unit":"px","size":"20","sizes":[]}},"elements":[],"widgetType":"wd_title"},{"id":"45447ac","elType":"widget","settings":{"blog_design":"carousel","blog_carousel_design":"small-images","img_size":"custom","img_size_custom":{"width":"600","height":"720"},"items_per_page":"3","slides_per_view":{"unit":"px","size":"2","sizes":[]},"scroll_y":"-80"},"elements":[],"widgetType":"wd_blog"}],"isInner":""}],"isInner":""}]]]></wp:meta_value>
		</wp:postmeta>
							<wp:postmeta>
			<wp:meta_key>_elementor_edit_mode</wp:meta_key>
			<wp:meta_value><![CDATA[builder]]></wp:meta_value>
		</wp:postmeta>
							<wp:postmeta>
			<wp:meta_key>_elementor_version</wp:meta_key>
			<wp:meta_value><![CDATA[2.9.11]]></wp:meta_value>
		</wp:postmeta>
							<wp:postmeta>
			<wp:meta_key>_elementor_template_type</wp:meta_key>
			<wp:meta_value><![CDATA[wp-page]]></wp:meta_value>
		</wp:postmeta>
							<wp:postmeta>
			<wp:meta_key>_elementor_controls_usage</wp:meta_key>
			<wp:meta_value><![CDATA[a:11:{s:12:"wd_mega_menu";a:3:{s:5:"count";i:1;s:15:"control_percent";i:2;s:8:"controls";a:3:{s:5:"style";a:1:{s:21:"general_style_section";a:2:{s:21:"woodmart_color_scheme";i:1;s:5:"color";i:1;}}s:7:"content";a:1:{s:23:"general_content_section";a:1:{s:5:"title";i:1;}}s:8:"advanced";a:1:{s:8:"wd_extra";a:1:{s:8:"scroll_y";i:1;}}}}s:6:"column";a:3:{s:5:"count";i:8;s:15:"control_percent";i:1;s:8:"controls";a:3:{s:8:"advanced";a:3:{s:8:"wd_extra";a:2:{s:20:"column_sticky_offset";i:8;s:8:"scroll_y";i:8;}s:19:"_section_responsive";a:2:{s:11:"hide_tablet";i:1;s:11:"hide_mobile";i:1;}s:16:"section_advanced";a:3:{s:7:"padding";i:1;s:6:"margin";i:1;s:14:"padding_tablet";i:1;}}s:6:"layout";a:1:{s:6:"layout";a:1:{s:12:"_inline_size";i:2;}}s:5:"style";a:1:{s:14:"wd_extra_style";a:1:{s:15:"wd_color_scheme";i:1;}}}}s:17:"slider_revolution";a:3:{s:5:"count";i:1;s:15:"control_percent";i:2;s:8:"controls";a:2:{s:7:"content";a:1:{s:15:"content_section";a:2:{s:9:"shortcode";i:1;s:14:"revslidertitle";i:1;}}s:8:"advanced";a:1:{s:8:"wd_extra";a:1:{s:8:"scroll_y";i:1;}}}}s:7:"section";a:3:{s:5:"count";i:7;s:15:"control_percent";i:0;s:8:"controls";a:3:{s:8:"advanced";a:1:{s:16:"section_advanced";a:6:{s:6:"margin";i:7;s:13:"margin_tablet";i:5;s:13:"margin_mobile";i:5;s:7:"padding";i:1;s:14:"padding_tablet";i:1;s:14:"padding_mobile";i:1;}}s:6:"layout";a:1:{s:15:"wd_extra_layout";a:1:{s:18:"wd_section_stretch";i:1;}}s:5:"style";a:1:{s:18:"section_background";a:4:{s:21:"background_background";i:1;s:16:"background_image";i:1;s:15:"background_size";i:1;s:17:"background_repeat";i:1;}}}}s:18:"wd_banner_carousel";a:3:{s:5:"count";i:1;s:15:"control_percent";i:3;s:8:"controls";a:3:{s:5:"style";a:2:{s:22:"carousel_style_section";a:4:{s:14:"slider_spacing";i:1;s:15:"slides_per_view";i:1;s:23:"hide_pagination_control";i:1;s:22:"hide_prev_next_buttons";i:1;}s:22:"subtitle_style_section";a:2:{s:30:"subtitle_typography_typography";i:1;s:31:"subtitle_typography_font_weight";i:1;}}s:7:"content";a:1:{s:23:"general_content_section";a:1:{s:16:"content_repeater";i:1;}}s:8:"advanced";a:1:{s:8:"wd_extra";a:1:{s:8:"scroll_y";i:1;}}}}s:8:"wd_title";a:3:{s:5:"count";i:5;s:15:"control_percent";i:5;s:8:"controls";a:3:{s:7:"content";a:1:{s:23:"general_content_section";a:3:{s:8:"subtitle";i:5;s:11:"after_title";i:5;s:5:"title";i:5;}}s:5:"style";a:3:{s:19:"title_style_section";a:5:{s:10:"image_size";i:5;s:27:"title_typography_typography";i:5;s:33:"title_typography_font_size_tablet";i:5;s:33:"title_typography_font_size_mobile";i:5;s:28:"title_typography_font_weight";i:1;}s:21:"general_style_section";a:5:{s:4:"size";i:5;s:5:"color";i:5;s:5:"width";i:5;s:12:"width_tablet";i:4;s:12:"width_mobile";i:4;}s:22:"subtitle_style_section";a:2:{s:30:"subtitle_typography_typography";i:3;s:31:"subtitle_typography_font_weight";i:3;}}s:8:"advanced";a:2:{s:14:"_section_style";a:1:{s:7:"_margin";i:3;}s:8:"wd_extra";a:1:{s:8:"scroll_y";i:5;}}}}s:11:"wd_products";a:3:{s:5:"count";i:2;s:15:"control_percent";i:3;s:8:"controls";a:3:{s:5:"style";a:2:{s:20:"layout_style_section";a:5:{s:7:"spacing";i:1;s:14:"items_per_page";i:2;s:10:"pagination";i:1;s:6:"layout";i:1;s:7:"columns";i:1;}s:22:"carousel_style_section";a:1:{s:15:"slides_per_view";i:1;}}s:8:"advanced";a:1:{s:8:"wd_extra";a:1:{s:8:"scroll_y";i:2;}}s:7:"content";a:1:{s:23:"general_content_section";a:1:{s:5:"order";i:1;}}}}s:21:"wd_product_categories";a:3:{s:5:"count";i:1;s:15:"control_percent";i:3;s:8:"controls";a:2:{s:5:"style";a:3:{s:20:"design_style_section";a:1:{s:17:"categories_design";i:1;}s:20:"layout_style_section";a:2:{s:5:"style";i:1;s:7:"spacing";i:1;}s:22:"carousel_style_section";a:2:{s:15:"slides_per_view";i:1;s:23:"hide_pagination_control";i:1;}}s:8:"advanced";a:1:{s:8:"wd_extra";a:1:{s:8:"scroll_y";i:1;}}}}s:4:"icon";a:3:{s:5:"count";i:1;s:15:"control_percent";i:1;s:8:"controls";a:3:{s:5:"style";a:1:{s:18:"section_style_icon";a:1:{s:13:"primary_color";i:1;}}s:8:"advanced";a:1:{s:8:"wd_extra";a:1:{s:8:"scroll_y";i:1;}}s:7:"content";a:1:{s:12:"section_icon";a:1:{s:13:"selected_icon";i:1;}}}}s:15:"wd_testimonials";a:3:{s:5:"count";i:1;s:15:"control_percent";i:2;s:8:"controls";a:3:{s:5:"style";a:2:{s:21:"general_style_section";a:1:{s:12:"stars_rating";i:1;}s:22:"carousel_style_section";a:1:{s:15:"slides_per_view";i:1;}}s:7:"content";a:1:{s:23:"general_content_section";a:1:{s:14:"items_repeater";i:1;}}s:8:"advanced";a:1:{s:8:"wd_extra";a:1:{s:8:"scroll_y";i:1;}}}}s:7:"wd_blog";a:3:{s:5:"count";i:1;s:15:"control_percent";i:3;s:8:"controls";a:2:{s:5:"style";a:2:{s:21:"general_style_section";a:5:{s:11:"blog_design";i:1;s:20:"blog_carousel_design";i:1;s:8:"img_size";i:1;s:15:"img_size_custom";i:1;s:14:"items_per_page";i:1;}s:22:"carousel_style_section";a:1:{s:15:"slides_per_view";i:1;}}s:8:"advanced";a:1:{s:8:"wd_extra";a:1:{s:8:"scroll_y";i:1;}}}}}]]></wp:meta_value>
		</wp:postmeta>
						</item>
					<item>
		<title>
				baner-fashing-10		</title>
		<link>http://dummy.xtemos.com/woodmart-elementor/demos/home-fashion/baner-fashing-10/</link>
		<pubDate>Thu, 22 Jun 2017 12:12:37 +0000</pubDate>
		<dc:creator><![CDATA[erwin]]></dc:creator>
		<guid isPermaLink="false">http://dummy.xtemos.com/woodmart-elementor/demos/wp-content/uploads/sites/2/2017/06/baner-fashing-10.jpg</guid>
		<description></description>
		<content:encoded><![CDATA[]]></content:encoded>
		<excerpt:encoded><![CDATA[]]></excerpt:encoded>
		<wp:post_id>449</wp:post_id>
		<wp:post_date>2017-06-22 12:12:37</wp:post_date>
		<wp:post_date_gmt>2017-06-22 12:12:37</wp:post_date_gmt>
		<wp:comment_status>open</wp:comment_status>
		<wp:ping_status>closed</wp:ping_status>
		<wp:post_name>baner-fashing-10</wp:post_name>
		<wp:status>inherit</wp:status>
		<wp:post_parent>442</wp:post_parent>
		<wp:menu_order>0</wp:menu_order>
		<wp:post_type>attachment</wp:post_type>
		<wp:post_password></wp:post_password>
		<wp:is_sticky>0</wp:is_sticky>
						<wp:attachment_url>http://dummy.xtemos.com/woodmart-elementor/demos/wp-content/uploads/sites/2/2017/06/baner-fashing-10.jpg</wp:attachment_url>
												<wp:postmeta>
			<wp:meta_key>_wp_attached_file</wp:meta_key>
			<wp:meta_value><![CDATA[2017/06/baner-fashing-10.jpg]]></wp:meta_value>
		</wp:postmeta>
						</item>
					<item>
		<title>
				Pre footer - fashion		</title>
		<link>http://dummy.xtemos.com/woodmart-elementor/demos/?cms_block=pre-footer-fashion</link>
		<pubDate>Thu, 22 Jun 2017 12:21:10 +0000</pubDate>
		<dc:creator><![CDATA[erwin]]></dc:creator>
		<guid isPermaLink="false">http://dummy.xtemos.com/woodmart-elementor/demos/?post_type=cms_block&#038;p=453</guid>
		<description></description>
		<content:encoded><![CDATA[<h4>
					FEATURED PRODUCTS				</h4>
			<ul><li>
		<a href="http://dummy.xtemos.com/woodmart-elementor/demos/product/wooden-single-drawer/" title="Wooden single drawer">
			<img width="700" height="800" src="http://dummy.xtemos.com/woodmart-elementor/demos/wp-content/uploads/sites/2/2017/06/wood-product-paceholder.jpg" alt="" />		</a>
			<a href="http://dummy.xtemos.com/woodmart-elementor/demos/product/wooden-single-drawer/" title="Wooden single drawer">
				Wooden single drawer			</a>
													&pound;399.00
	</li>
<li>
		<a href="http://dummy.xtemos.com/woodmart-elementor/demos/product/smart-watches-wood-edition/" title="Smart watches wood edition">
			<img width="700" height="800" src="http://dummy.xtemos.com/woodmart-elementor/demos/wp-content/uploads/sites/2/2017/06/wood-product-paceholder.jpg" alt="" />		</a>
			<a href="http://dummy.xtemos.com/woodmart-elementor/demos/product/smart-watches-wood-edition/" title="Smart watches wood edition">
				Smart watches wood edition			</a>
													&pound;599.00
	</li>
<li>
		<a href="http://dummy.xtemos.com/woodmart-elementor/demos/product/panton-tunior-chair/" title="Panton tunior chair">
			<img width="700" height="800" src="http://dummy.xtemos.com/woodmart-elementor/demos/wp-content/uploads/sites/2/2017/06/wood-product-paceholder.jpg" alt="" />		</a>
			<a href="http://dummy.xtemos.com/woodmart-elementor/demos/product/panton-tunior-chair/" title="Panton tunior chair">
				Panton tunior chair			</a>
													&pound;199.00
	</li>
</ul>		
				<h4>
					NEW PRODUCTS				</h4>
			<ul><li>
		<a href="http://dummy.xtemos.com/woodmart-elementor/demos/product/wooden-single-drawer/" title="Wooden single drawer">
			<img width="700" height="800" src="http://dummy.xtemos.com/woodmart-elementor/demos/wp-content/uploads/sites/2/2017/06/wood-product-paceholder.jpg" alt="" />		</a>
			<a href="http://dummy.xtemos.com/woodmart-elementor/demos/product/wooden-single-drawer/" title="Wooden single drawer">
				Wooden single drawer			</a>
													&pound;399.00
	</li>
<li>
		<a href="http://dummy.xtemos.com/woodmart-elementor/demos/product/smart-watches-wood-edition/" title="Smart watches wood edition">
			<img width="700" height="800" src="http://dummy.xtemos.com/woodmart-elementor/demos/wp-content/uploads/sites/2/2017/06/wood-product-paceholder.jpg" alt="" />		</a>
			<a href="http://dummy.xtemos.com/woodmart-elementor/demos/product/smart-watches-wood-edition/" title="Smart watches wood edition">
				Smart watches wood edition			</a>
													&pound;599.00
	</li>
<li>
		<a href="http://dummy.xtemos.com/woodmart-elementor/demos/product/panton-tunior-chair/" title="Panton tunior chair">
			<img width="700" height="800" src="http://dummy.xtemos.com/woodmart-elementor/demos/wp-content/uploads/sites/2/2017/06/wood-product-paceholder.jpg" alt="" />		</a>
			<a href="http://dummy.xtemos.com/woodmart-elementor/demos/product/panton-tunior-chair/" title="Panton tunior chair">
				Panton tunior chair			</a>
													&pound;199.00
	</li>
</ul>		
					<strong>TO WOODMART</strong>				
				<h4>
					REGISTER FOR OUR NEWSLETTER				</h4>
					Sign up for all the news about our last arrivals and get an exclusive early access shopping.				
			<!-- Mailchimp for WordPress v4.7.7 - https://wordpress.org/plugins/mailchimp-for-wp/ -->
<p>
	
</p>
<p>
	
</p>
<label>Leave this field empty if you're human: </label><!-- / Mailchimp for WordPress Plugin -->		
				<h4>
					OR FOLLOW US				</h4>
									<a rel="nofollow noopener noreferrer" href="https://www.facebook.com/sharer/sharer.php?u=http://dummy.xtemos.com/woodmart-elementor/demos/product/panton-tunior-chair/" target="_blank">
						<i></i>
						Facebook
					</a>
									<a rel="nofollow noopener noreferrer" href="https://twitter.com/share?url=http://dummy.xtemos.com/woodmart-elementor/demos/product/panton-tunior-chair/" target="_blank">
						<i></i>
						Twitter
					</a>
									<a rel="nofollow noopener noreferrer" href="https://pinterest.com/pin/create/button/?url=http://dummy.xtemos.com/woodmart-elementor/demos/product/panton-tunior-chair/&amp;media=http://dummy.xtemos.com/woodmart-elementor/demos/wp-content/uploads/sites/2/2017/06/wood-product-paceholder.jpg&amp;description=Panton+tunior+chair" target="_blank">
						<i></i>
						Pinterest
					</a>
									<a rel="nofollow noopener noreferrer" href="https://www.linkedin.com/shareArticle?mini=true&amp;url=http://dummy.xtemos.com/woodmart-elementor/demos/product/panton-tunior-chair/" target="_blank">
						<i></i>
						linkedin
					</a>
									<a rel="nofollow noopener noreferrer" href="https://telegram.me/share/url?url=http://dummy.xtemos.com/woodmart-elementor/demos/product/panton-tunior-chair/" target="_blank">
						<i></i>
						Telegram
					</a>]]></content:encoded>
		<excerpt:encoded><![CDATA[]]></excerpt:encoded>
		<wp:post_id>453</wp:post_id>
		<wp:post_date>2017-06-22 12:21:10</wp:post_date>
		<wp:post_date_gmt>2017-06-22 12:21:10</wp:post_date_gmt>
		<wp:comment_status>closed</wp:comment_status>
		<wp:ping_status>closed</wp:ping_status>
		<wp:post_name>pre-footer-fashion</wp:post_name>
		<wp:status>publish</wp:status>
		<wp:post_parent>0</wp:post_parent>
		<wp:menu_order>0</wp:menu_order>
		<wp:post_type>cms_block</wp:post_type>
		<wp:post_password></wp:post_password>
		<wp:is_sticky>0</wp:is_sticky>
														<wp:postmeta>
			<wp:meta_key>_elementor_data</wp:meta_key>
			<wp:meta_value><![CDATA[[{"id":"5188698","elType":"section","settings":{"wd_section_stretch":"stretch","border_width":{"top":"1","left":"0","right":"0","bottom":"0","unit":"px","isLinked":""},"border_border":"solid","border_color":"rgba(129,129,129,0.2)","structure":"31","gap":"extended","padding":{"unit":"px","top":"30","right":"15","bottom":"0","left":"15","isLinked":""}},"elements":[{"id":"7432959","elType":"column","settings":{"_column_size":"25","_inline_size":"25","_inline_size_tablet":"50","column_sticky_offset":"50","scroll_y":"-80","margin":{"unit":"px","top":"15","right":"0","bottom":"0","left":"0","isLinked":""},"margin_tablet":{"unit":"px","top":"0","right":"0","bottom":"0","left":"0","isLinked":"1"}},"elements":[{"id":"2636210","elType":"widget","settings":{"subtitle":"","after_title":"","image_size":"custom","color":"primary","size":"small","align":"left","title":"FEATURED PRODUCTS","scroll_y":"-80"},"elements":[],"widgetType":"wd_title"},{"id":"3545067","elType":"widget","settings":{"scroll_y":"-80"},"elements":[],"widgetType":"wd_products_widget"}],"isInner":""},{"id":"8391857","elType":"column","settings":{"_column_size":"25","_inline_size":"25","_inline_size_tablet":"50","column_sticky_offset":"50","scroll_y":"-80","margin":{"unit":"px","top":"15","right":"0","bottom":"0","left":"0","isLinked":""},"margin_tablet":{"unit":"px","top":"0","right":"0","bottom":"0","left":"0","isLinked":"1"}},"elements":[{"id":"9646262","elType":"widget","settings":{"subtitle":"","after_title":"","image_size":"custom","color":"primary","size":"small","align":"left","title":"NEW PRODUCTS","scroll_y":"-80"},"elements":[],"widgetType":"wd_title"},{"id":"4460978","elType":"widget","settings":{"scroll_y":"-80"},"elements":[],"widgetType":"wd_products_widget"}],"isInner":""},{"id":"4061625","elType":"column","settings":{"_column_size":"50","_inline_size_tablet":"100","column_sticky_offset":"50","scroll_y":"-80"},"elements":[{"id":"3910931","elType":"section","settings":{"_border_width":{"top":"5","left":"5","right":"5","bottom":"5","unit":"px","isLinked":""},"_border_border":"solid","_border_color":"#ededed","_background_repeat":"no-repeat","border_border":"solid","border_width":{"unit":"px","top":"5","right":"5","bottom":"5","left":"5","isLinked":"1"},"border_color":"#EDEDED","margin":{"unit":"px","top":"0","right":"0","bottom":"0","left":"0","isLinked":""},"padding":{"unit":"px","top":"35","right":"30","bottom":"35","left":"30","isLinked":""}},"elements":[{"id":"795923","elType":"column","settings":{"_column_size":"100","column_sticky_offset":"50","scroll_y":"-80"},"elements":[{"id":"7324121","elType":"widget","settings":{"subtitle":"<strong>TO WOODMART<\/strong>","after_title":"Sign up for all the news about our last arrivals and get an exclusive early access shopping.","image_size":"custom","width":{"size":"70","unit":"%"},"color":"primary","title":"REGISTER FOR OUR NEWSLETTER","width_mobile":{"unit":"%","size":"100","sizes":[]},"_margin":{"unit":"px","top":"0","right":"0","bottom":"5","left":"0","isLinked":""},"scroll_y":"-80"},"elements":[],"widgetType":"wd_title"},{"id":"38c9837","elType":"widget","settings":{"form_id":"74","content_width":{"unit":"px","size":"380","sizes":[]},"_margin":{"unit":"px","top":"0","right":"0","bottom":"5","left":"0","isLinked":""},"scroll_y":"-80"},"elements":[],"widgetType":"wd_mailchimp"},{"id":"d4371a5","elType":"widget","settings":{"subtitle":"","title":"OR FOLLOW US","after_title":"","width":{"unit":"%","size":"67","sizes":[]},"style":"bordered","title_typography_typography":"custom","title_typography_font_size":{"unit":"px","size":"14","sizes":[]},"_margin":{"unit":"%","top":"0","right":"13","bottom":"0","left":"13","isLinked":""},"_margin_tablet":{"unit":"%","top":"0","right":"20","bottom":"0","left":"20","isLinked":""},"_margin_mobile":{"unit":"px","top":"0","right":"0","bottom":"5","left":"0","isLinked":""},"scroll_y":"-80","_element_custom_width":{"unit":"px","size":"380","sizes":[]}},"elements":[],"widgetType":"wd_title"},{"id":"4205739","elType":"widget","settings":{"size":"small","style":"bordered","scroll_y":"-80"},"elements":[],"widgetType":"wd_social_buttons"}],"isInner":"1"}],"isInner":"1"}],"isInner":""}],"isInner":""}]]]></wp:meta_value>
		</wp:postmeta>
							<wp:postmeta>
			<wp:meta_key>_elementor_edit_mode</wp:meta_key>
			<wp:meta_value><![CDATA[builder]]></wp:meta_value>
		</wp:postmeta>
							<wp:postmeta>
			<wp:meta_key>_elementor_version</wp:meta_key>
			<wp:meta_value><![CDATA[2.9.11]]></wp:meta_value>
		</wp:postmeta>
							<wp:postmeta>
			<wp:meta_key>_elementor_template_type</wp:meta_key>
			<wp:meta_value><![CDATA[wp-post]]></wp:meta_value>
		</wp:postmeta>
							<wp:postmeta>
			<wp:meta_key>_wp_page_template</wp:meta_key>
			<wp:meta_value><![CDATA[default]]></wp:meta_value>
		</wp:postmeta>
							<wp:postmeta>
			<wp:meta_key>_elementor_controls_usage</wp:meta_key>
			<wp:meta_value><![CDATA[a:6:{s:8:"wd_title";a:3:{s:5:"count";i:4;s:15:"control_percent";i:4;s:8:"controls";a:3:{s:7:"content";a:1:{s:23:"general_content_section";a:3:{s:8:"subtitle";i:4;s:11:"after_title";i:4;s:5:"title";i:4;}}s:5:"style";a:2:{s:19:"title_style_section";a:3:{s:10:"image_size";i:3;s:27:"title_typography_typography";i:1;s:26:"title_typography_font_size";i:1;}s:21:"general_style_section";a:6:{s:5:"color";i:3;s:4:"size";i:2;s:5:"align";i:2;s:5:"width";i:2;s:12:"width_mobile";i:1;s:5:"style";i:1;}}s:8:"advanced";a:3:{s:8:"wd_extra";a:1:{s:8:"scroll_y";i:4;}s:14:"_section_style";a:3:{s:7:"_margin";i:2;s:14:"_margin_tablet";i:1;s:14:"_margin_mobile";i:1;}s:17:"_section_position";a:1:{s:21:"_element_custom_width";i:1;}}}}s:18:"wd_products_widget";a:3:{s:5:"count";i:2;s:15:"control_percent";i:0;s:8:"controls";a:1:{s:8:"advanced";a:1:{s:8:"wd_extra";a:1:{s:8:"scroll_y";i:2;}}}}s:6:"column";a:3:{s:5:"count";i:4;s:15:"control_percent";i:1;s:8:"controls";a:2:{s:6:"layout";a:1:{s:6:"layout";a:2:{s:12:"_inline_size";i:2;s:19:"_inline_size_tablet";i:3;}}s:8:"advanced";a:2:{s:8:"wd_extra";a:2:{s:20:"column_sticky_offset";i:4;s:8:"scroll_y";i:4;}s:16:"section_advanced";a:2:{s:6:"margin";i:2;s:13:"margin_tablet";i:2;}}}}s:12:"wd_mailchimp";a:3:{s:5:"count";i:1;s:15:"control_percent";i:2;s:8:"controls";a:3:{s:7:"content";a:1:{s:23:"general_content_section";a:1:{s:7:"form_id";i:1;}}s:5:"style";a:1:{s:21:"general_style_section";a:1:{s:13:"content_width";i:1;}}s:8:"advanced";a:2:{s:14:"_section_style";a:1:{s:7:"_margin";i:1;}s:8:"wd_extra";a:1:{s:8:"scroll_y";i:1;}}}}s:17:"wd_social_buttons";a:3:{s:5:"count";i:1;s:15:"control_percent";i:2;s:8:"controls";a:2:{s:5:"style";a:1:{s:21:"general_style_section";a:2:{s:4:"size";i:1;s:5:"style";i:1;}}s:8:"advanced";a:1:{s:8:"wd_extra";a:1:{s:8:"scroll_y";i:1;}}}}s:7:"section";a:3:{s:5:"count";i:2;s:15:"control_percent";i:2;s:8:"controls";a:3:{s:5:"style";a:1:{s:14:"section_border";a:3:{s:13:"border_border";i:2;s:12:"border_width";i:2;s:12:"border_color";i:2;}}s:8:"advanced";a:1:{s:16:"section_advanced";a:2:{s:6:"margin";i:1;s:7:"padding";i:2;}}s:6:"layout";a:3:{s:15:"wd_extra_layout";a:1:{s:18:"wd_section_stretch";i:1;}s:17:"section_structure";a:1:{s:9:"structure";i:1;}s:14:"section_layout";a:1:{s:3:"gap";i:1;}}}}}]]></wp:meta_value>
		</wp:postmeta>
						</item>
				</channel>
</rss>
	