<?xml version="1.0" encoding="UTF-8" ?>
<!-- This is a WordPress eXtended RSS file generated by WordPress as an export of your site. -->
<!-- It contains information about your site's posts, pages, comments, categories, and other content. -->
<!-- You may use this file to transfer that content from one site to another. -->
<!-- This file is not intended to serve as a complete backup of your site. -->

<!-- To import this information into a WordPress site follow these steps: -->
<!-- 1. Log in to that site as an administrator. -->
<!-- 2. Go to Tools: Import in the WordPress admin panel. -->
<!-- 3. Install the "WordPress" importer from the list. -->
<!-- 4. Activate & Run Importer. -->
<!-- 5. Upload this file using the form provided on that page. -->
<!-- 6. You will first be asked to map the authors in this export file to users -->
<!--    on the site. For each author, you may choose to map to an -->
<!--    existing user on the site or to create a new user. -->
<!-- 7. WordPress will then import each of the posts, pages, comments, categories, etc. -->
<!--    contained in this file into your site. -->

	<!-- generator="WordPress/5.4.2" created="2020-07-11 10:43" -->
<rss version="2.0"
	xmlns:excerpt="http://wordpress.org/export/1.2/excerpt/"
	xmlns:content="http://purl.org/rss/1.0/modules/content/"
	xmlns:wfw="http://wellformedweb.org/CommentAPI/"
	xmlns:dc="http://purl.org/dc/elements/1.1/"
	xmlns:wp="http://wordpress.org/export/1.2/"
>

<channel>
	<title>Woodmart dummy demos</title>
	<link>http://dummy.xtemos.com/woodmart-elementor/demos</link>
	<description>Just another Woodmart Dummy Content Sites site</description>
	<pubDate>Sat, 11 Jul 2020 10:43:49 +0000</pubDate>
	<language>en-US</language>
	<wp:wxr_version>1.2</wp:wxr_version>
	<wp:base_site_url>http://dummy.xtemos.com/woodmart-elementor/</wp:base_site_url>
	<wp:base_blog_url>http://dummy.xtemos.com/woodmart-elementor/demos</wp:base_blog_url>

		<wp:author><wp:author_id>2</wp:author_id><wp:author_login>erwin</wp:author_login><wp:author_email>ss@asas.as</wp:author_email><wp:author_display_name><![CDATA[erwin]]></wp:author_display_name><wp:author_first_name><![CDATA[]]></wp:author_first_name><wp:author_last_name><![CDATA[]]></wp:author_last_name></wp:author>

				
	<generator>https://wordpress.org/?v=5.4.2</generator>

		<item>
		<title>
				Home Fashion-Color		</title>
		<link>http://dummy.xtemos.com/woodmart-elementor/demos/home-fashion-color/</link>
		<pubDate>Fri, 23 Jun 2017 06:38:18 +0000</pubDate>
		<dc:creator><![CDATA[erwin]]></dc:creator>
		<guid isPermaLink="false">http://dummy.xtemos.com/woodmart-elementor/demos/?page_id=474</guid>
		<description></description>
		<content:encoded><![CDATA[[rev_slider alias="fashion-color"][/rev_slider]		
							<img src="http://dummy.xtemos.com/woodmart-elementor/demos/wp-content/uploads/sites/2/2017/06/cat-colored-fashion-7.jpg">						
													<h4 data-elementor-setting-key="title">
								WOMAN COLLECTION							</h4>
							<p>Laculis velit dictum ligula<br />
elementum diam.</p>
			<a href="#">
					read more				
							</a>
							<img src="http://dummy.xtemos.com/woodmart-elementor/demos/wp-content/uploads/sites/2/2017/06/cat-colored-fashion-7.jpg">						
													<h4 data-elementor-setting-key="title">
								MAN'S COLLECTION							</h4>
							<p>Dictumst oddio mrtattis<br />
sit a nisi justo.</p>
			<a href="#">
					read more				
							</a>
							<img src="http://dummy.xtemos.com/woodmart-elementor/demos/wp-content/uploads/sites/2/2017/06/cat-colored-fashion-7.jpg">						
													<h4 data-elementor-setting-key="title">
								KID'S COLLECTION							</h4>
							<p>A etiam eleifend accum<br />
sanmi aliquet.</p>
			<a href="#">
					read more				
							</a>
					SEE OUR COLLECTION				
				<h4>
					LATEST PRDOUCTS				</h4>
					Street art salvia irony wolf waistcoat actually lomo meh fap jean shorts.				
					SEE OUR COLLECTION				
				<h4>
					TOP VISITED CATEGORIES				</h4>
					Street art salvia irony wolf waistcoat actually lomo meh fap jean shorts.				
			<a href="http://dummy.xtemos.com/woodmart-elementor/demos/product-category/toys/">
				<a href="http://dummy.xtemos.com/woodmart-elementor/demos/product-category/toys/">
				<img src="http://dummy.xtemos.com/woodmart-elementor/demos/wp-content/uploads/sites/2/2017/06/wood-portfolio-placeholder.jpg" alt="Toys" width="600" height="" />			</a>
			<h3>
				Toys <mark>(1)</mark>			</h3>
							<a href="http://dummy.xtemos.com/woodmart-elementor/demos/product-category/toys/">1 product</a>
		<a href="http://dummy.xtemos.com/woodmart-elementor/demos/product-category/toys/"></a>
		</a>	
			<a href="http://dummy.xtemos.com/woodmart-elementor/demos/product-category/lighting/">
				<a href="http://dummy.xtemos.com/woodmart-elementor/demos/product-category/lighting/">
				<img src="http://dummy.xtemos.com/woodmart-elementor/demos/wp-content/uploads/sites/2/2017/06/wood-portfolio-placeholder.jpg" alt="Lighting" width="600" height="" />			</a>
			<h3>
				Lighting <mark>(2)</mark>			</h3>
							<a href="http://dummy.xtemos.com/woodmart-elementor/demos/product-category/lighting/">2 products</a>
		<a href="http://dummy.xtemos.com/woodmart-elementor/demos/product-category/lighting/"></a>
		</a>	
			<a href="http://dummy.xtemos.com/woodmart-elementor/demos/product-category/furniture/">
				<a href="http://dummy.xtemos.com/woodmart-elementor/demos/product-category/furniture/">
				<img src="http://dummy.xtemos.com/woodmart-elementor/demos/wp-content/uploads/sites/2/2017/06/wood-portfolio-placeholder.jpg" alt="Furniture" width="600" height="" />			</a>
			<h3>
				Furniture <mark>(4)</mark>			</h3>
							<a href="http://dummy.xtemos.com/woodmart-elementor/demos/product-category/furniture/">4 products</a>
		<a href="http://dummy.xtemos.com/woodmart-elementor/demos/product-category/furniture/"></a>
		</a>	
			<a href="http://dummy.xtemos.com/woodmart-elementor/demos/product-category/cooking/">
				<a href="http://dummy.xtemos.com/woodmart-elementor/demos/product-category/cooking/">
				<img src="http://dummy.xtemos.com/woodmart-elementor/demos/wp-content/uploads/sites/2/2017/06/wood-portfolio-placeholder.jpg" alt="Cooking" width="600" height="" />			</a>
			<h3>
				Cooking <mark>(1)</mark>			</h3>
							<a href="http://dummy.xtemos.com/woodmart-elementor/demos/product-category/cooking/">1 product</a>
		<a href="http://dummy.xtemos.com/woodmart-elementor/demos/product-category/cooking/"></a>
		</a>	
			<a href="http://dummy.xtemos.com/woodmart-elementor/demos/product-category/clocks/">
				<a href="http://dummy.xtemos.com/woodmart-elementor/demos/product-category/clocks/">
				<img src="http://dummy.xtemos.com/woodmart-elementor/demos/wp-content/uploads/sites/2/2017/06/wood-portfolio-placeholder.jpg" alt="Clocks" width="600" height="" />			</a>
			<h3>
				Clocks <mark>(1)</mark>			</h3>
							<a href="http://dummy.xtemos.com/woodmart-elementor/demos/product-category/clocks/">1 product</a>
		<a href="http://dummy.xtemos.com/woodmart-elementor/demos/product-category/clocks/"></a>
		</a>	
			<a href="http://dummy.xtemos.com/woodmart-elementor/demos/product-category/accessories/">
				<a href="http://dummy.xtemos.com/woodmart-elementor/demos/product-category/accessories/">
				<img src="http://dummy.xtemos.com/woodmart-elementor/demos/wp-content/uploads/sites/2/2017/06/wood-portfolio-placeholder.jpg" alt="Accessories" width="600" height="" />			</a>
			<h3>
				Accessories <mark>(1)</mark>			</h3>
							<a href="http://dummy.xtemos.com/woodmart-elementor/demos/product-category/accessories/">1 product</a>
		<a href="http://dummy.xtemos.com/woodmart-elementor/demos/product-category/accessories/"></a>
		</a>	
					SEE OUR COLLECTION				
				<h4>
					LATEST PRDOUCTS				</h4>
					Street art salvia irony wolf waistcoat actually lomo meh fap jean shorts.				
	<a href="http://dummy.xtemos.com/woodmart-elementor/demos/product/classic-wooden-chair/">
		<a href="http://dummy.xtemos.com/woodmart-elementor/demos/product/classic-wooden-chair/">
			<img width="600" height="686" src="http://dummy.xtemos.com/woodmart-elementor/demos/wp-content/uploads/sites/2/2017/06/wood-product-paceholder.jpg" alt="" />		</a>
				<a href="http://dummy.xtemos.com/woodmart-elementor/demos/product/classic-wooden-chair/" data-id="51" data-added-text="Compare products">
					Compare				</a>
				Close
		<h3><a href="http://dummy.xtemos.com/woodmart-elementor/demos/product/classic-wooden-chair/">Classic wooden chair</a></h3>				
	&pound;299.00
					Scelerisque facilisi rhoncus non faucibus parturient senectus lobortis a ullamcorper vestibulum mi nibh ultricies a parturient gravida a vestibulum leo sem in. Est cum torquent mi in scelerisque leo aptent per at vitae ante eleifend mollis adipiscing.				
				<a href="http://dummy.xtemos.com/woodmart-elementor/demos/product/classic-wooden-chair/" data-key="a569f34b12" data-product-id="51" data-added-text="Browse Wishlist">Add to wishlist</a>
				</a><a href="?add-to-cart=51" data-quantity="1" aria-label="Add &ldquo;Classic wooden chair&rdquo; to your cart" rel="nofollow">Add to cart</a>
				<a href="http://dummy.xtemos.com/woodmart-elementor/demos/product/classic-wooden-chair/" class="open-quick-view quick-view-button" data-id="51">Quick view</a>
	<a href="http://dummy.xtemos.com/woodmart-elementor/demos/product/crimson-palms-hotel/">
		<a href="http://dummy.xtemos.com/woodmart-elementor/demos/product/crimson-palms-hotel/">
			<img width="600" height="686" src="http://dummy.xtemos.com/woodmart-elementor/demos/wp-content/uploads/sites/2/2017/06/wood-product-paceholder.jpg" alt="" />		</a>
				<a href="http://dummy.xtemos.com/woodmart-elementor/demos/product/crimson-palms-hotel/" data-id="1716" data-added-text="Compare products">
					Compare				</a>
				Close
		<h3><a href="http://dummy.xtemos.com/woodmart-elementor/demos/product/crimson-palms-hotel/">Crimson Palms Hotel</a></h3>				
	&pound;239.00
					Consequat a scelerisque suspendisse vel et eget eu vitae adipiscing nibh scelerisque semper cum adipiscing facilisis adipiscing est accumsan lorem vestibulum. Aliquet mus a aptent ullam corper metus accumsan. Habitasse a purus nec ipsum a urna ac ullamcorper varius metus blandit posuere.				
				<a href="http://dummy.xtemos.com/woodmart-elementor/demos/product/crimson-palms-hotel/" data-key="a569f34b12" data-product-id="1716" data-added-text="Browse Wishlist">Add to wishlist</a>
				</a><a href="?add-to-cart=1716" data-quantity="1" aria-label="Add &ldquo;Crimson Palms Hotel&rdquo; to your cart" rel="nofollow">Add to cart</a>
				<a href="http://dummy.xtemos.com/woodmart-elementor/demos/product/crimson-palms-hotel/" class="open-quick-view quick-view-button" data-id="1716">Quick view</a>
	<a href="http://dummy.xtemos.com/woodmart-elementor/demos/product/decoration-wooden-present/">
		<a href="http://dummy.xtemos.com/woodmart-elementor/demos/product/decoration-wooden-present/">
			<img width="600" height="686" src="http://dummy.xtemos.com/woodmart-elementor/demos/wp-content/uploads/sites/2/2017/06/wood-product-paceholder.jpg" alt="" />		</a>
				<a href="http://dummy.xtemos.com/woodmart-elementor/demos/product/decoration-wooden-present/" data-id="48" data-added-text="Compare products">
					Compare				</a>
				Close
		<h3><a href="http://dummy.xtemos.com/woodmart-elementor/demos/product/decoration-wooden-present/">Decoration wooden present</a></h3>				
	&pound;89.00
					Nam gravida vulputate est venenatis eu at ullamcorper consectetur parturient suspendisse a elit lobortis ut convallis vestibulum vulputate nunc praesent mattis sem faucibus risus sociosqu.Dapibus curae a ac vestibulum a magnis ullamcorper orci a iaculis adipiscing augue a massa a torquent feugiat a. Scelerisque vestibulum.				
				<a href="http://dummy.xtemos.com/woodmart-elementor/demos/product/decoration-wooden-present/" data-key="a569f34b12" data-product-id="48" data-added-text="Browse Wishlist">Add to wishlist</a>
				</a><a href="?add-to-cart=48" data-quantity="1" aria-label="Add &ldquo;Decoration wooden present&rdquo; to your cart" rel="nofollow">Add to cart</a>
				<a href="http://dummy.xtemos.com/woodmart-elementor/demos/product/decoration-wooden-present/" class="open-quick-view quick-view-button" data-id="48">Quick view</a>
	<a href="http://dummy.xtemos.com/woodmart-elementor/demos/product/eames-plastic-side-chair/">
		<a href="http://dummy.xtemos.com/woodmart-elementor/demos/product/eames-plastic-side-chair/">
			<img width="600" height="686" src="http://dummy.xtemos.com/woodmart-elementor/demos/wp-content/uploads/sites/2/2017/06/wood-product-paceholder.jpg" alt="" />		</a>
				<a href="http://dummy.xtemos.com/woodmart-elementor/demos/product/eames-plastic-side-chair/" data-id="370" data-added-text="Compare products">
					Compare				</a>
				Close
		<h3><a href="http://dummy.xtemos.com/woodmart-elementor/demos/product/eames-plastic-side-chair/">Eames Plastic Side Chair</a></h3>				
	&pound;229.00
					Consequat a scelerisque suspendisse vel et eget eu vitae adipiscing nibh scelerisque semper cum adipiscing facilisis adipiscing est accumsan lorem vestibulum. Aliquet mus a aptent ullam corper metus accumsan. Habitasse a purus nec ipsum a urna ac ullamcorper varius metus blandit posuere.				
				<a href="http://dummy.xtemos.com/woodmart-elementor/demos/product/eames-plastic-side-chair/" data-key="a569f34b12" data-product-id="370" data-added-text="Browse Wishlist">Add to wishlist</a>
				</a><a href="?add-to-cart=370" data-quantity="1" aria-label="Add &ldquo;Eames Plastic Side Chair&rdquo; to your cart" rel="nofollow">Add to cart</a>
				<a href="http://dummy.xtemos.com/woodmart-elementor/demos/product/eames-plastic-side-chair/" class="open-quick-view quick-view-button" data-id="370">Quick view</a>
	<a href="http://dummy.xtemos.com/woodmart-elementor/demos/product/iphone-dock/">
		<a href="http://dummy.xtemos.com/woodmart-elementor/demos/product/iphone-dock/">
			-13%<img width="600" height="686" src="http://dummy.xtemos.com/woodmart-elementor/demos/wp-content/uploads/sites/2/2017/06/wood-product-paceholder.jpg" alt="" />		</a>
				<a href="http://dummy.xtemos.com/woodmart-elementor/demos/product/iphone-dock/" data-id="50" data-added-text="Compare products">
					Compare				</a>
				Close
		<h3><a href="http://dummy.xtemos.com/woodmart-elementor/demos/product/iphone-dock/">iPhone Dock</a></h3>				
	<del>&pound;399.00</del> <ins>&pound;349.00</ins>
					Consequat a scelerisque suspendisse vel et eget eu vitae adipiscing nibh scelerisque semper cum adipiscing facilisis adipiscing est accumsan lorem vestibulum.				
				<a href="http://dummy.xtemos.com/woodmart-elementor/demos/product/iphone-dock/" data-key="a569f34b12" data-product-id="50" data-added-text="Browse Wishlist">Add to wishlist</a>
				</a><a href="?add-to-cart=50" data-quantity="1" aria-label="Add &ldquo;iPhone Dock&rdquo; to your cart" rel="nofollow">Add to cart</a>
				<a href="http://dummy.xtemos.com/woodmart-elementor/demos/product/iphone-dock/" class="open-quick-view quick-view-button" data-id="50">Quick view</a>
	<a href="http://dummy.xtemos.com/woodmart-elementor/demos/product/panton-tunior-chair/">
		<a href="http://dummy.xtemos.com/woodmart-elementor/demos/product/panton-tunior-chair/">
			<img width="600" height="686" src="http://dummy.xtemos.com/woodmart-elementor/demos/wp-content/uploads/sites/2/2017/06/wood-product-paceholder.jpg" alt="" />		</a>
				<a href="http://dummy.xtemos.com/woodmart-elementor/demos/product/panton-tunior-chair/" data-id="47" data-added-text="Compare products">
					Compare				</a>
				Close
		<h3><a href="http://dummy.xtemos.com/woodmart-elementor/demos/product/panton-tunior-chair/">Panton tunior chair</a></h3>				
	&pound;199.00
					Placerat tempor dolor eu leo ullamcorper et magnis habitant ultrices consectetur arcu nulla mattis fermentum adipiscing a et bibendum sed platea malesuada eget vestibulum.				
				<a href="http://dummy.xtemos.com/woodmart-elementor/demos/product/panton-tunior-chair/" data-key="a569f34b12" data-product-id="47" data-added-text="Browse Wishlist">Add to wishlist</a>
				</a><a href="?add-to-cart=47" data-quantity="1" aria-label="Add &ldquo;Panton tunior chair&rdquo; to your cart" rel="nofollow">Add to cart</a>
				<a href="http://dummy.xtemos.com/woodmart-elementor/demos/product/panton-tunior-chair/" class="open-quick-view quick-view-button" data-id="47">Quick view</a>
				 <!-- end product-items -->
			 <!-- end #carousel-926 -->
					SEE OUR COLLECTION				
				<h4>
					HOW WE WORKS				</h4>
					Street art salvia irony wolf waistcoat actually lomo meh fap jean shorts.				
															01.													
											<h4 class="info-box-title box-title-style-default" data-elementor-setting-key="title">
								SHOP FEATURE 1						</h4>
						<p>Massa a erat nam aliquam condi mentu tum in cum proin.</p>
			<a href="#">
					READ MORE				
							</a>
															02.													
											<h4 class="info-box-title box-title-style-default" data-elementor-setting-key="title">
								SHOP FEATURE 2						</h4>
						<p>Adipiscing proin lobortis nunc luctus conubia ac facilisi.</p>
			<a href="#">
					READ MORE				
							</a>
															03.													
											<h4 class="info-box-title box-title-style-default" data-elementor-setting-key="title">
								SHOP FEATURE 3						</h4>
						<p>Ulamcorper parturient adipiscing nisi rutrum eleifend.</p>
			<a href="#">
					READ MORE				
							</a>
					SEE OUR COLLECTION				
				<h4>
					WOODMART ON INSTAGRAM				</h4>
					Street art salvia irony wolf waistcoat actually lomo meh fap jean shorts.				
			<a href="#">
					FOLLOW US ON INSTAGRAM				
							</a>
								<a href="//www.instagram.com/p/CCOpmIRll4k/" target="_self" rel="noopener noreferrer"></a>
																	<img src="//instagram.fckc1-1.fna.fbcdn.net/v/t51.2885-15/sh0.08/e35/c0.180.1440.1440a/s640x640/106477472_288504029034622_7438747179739251847_n.jpg?_nc_ht=instagram.fckc1-1.fna.fbcdn.net&#038;_nc_cat=110&#038;_nc_ohc=SQOYJYTc3QwAX9a-XyL&#038;oh=81534afdb8a9941091379fbaf2f787d9&#038;oe=5F32215D" />																
										1017
										24
								<a href="//www.instagram.com/p/CCKZwSSFkik/" target="_self" rel="noopener noreferrer"></a>
																	<img src="//instagram.fckc1-1.fna.fbcdn.net/v/t51.2885-15/sh0.08/e35/s640x640/106074575_2708591722750546_5657749826138533286_n.jpg?_nc_ht=instagram.fckc1-1.fna.fbcdn.net&#038;_nc_cat=110&#038;_nc_ohc=6jSdlR6w3soAX9Dpst2&#038;oh=d26909ce3ed88da1a28e479d3a3678d2&#038;oe=5F3166F7" />																
										746
										33
								<a href="//www.instagram.com/p/CBmPHjyFMv8/" target="_self" rel="noopener noreferrer"></a>
																	<img src="//instagram.fckc1-1.fna.fbcdn.net/v/t51.2885-15/sh0.08/e35/c0.179.1440.1440a/s640x640/103935287_301320447697345_8336186724899934125_n.jpg?_nc_ht=instagram.fckc1-1.fna.fbcdn.net&#038;_nc_cat=101&#038;_nc_ohc=4jkEkGSte3MAX-zrHGa&#038;oh=10abe6d0861fac2a47011b6e88755c18&#038;oe=5F334462" />																
										765
										17
								<a href="//www.instagram.com/p/CBhFiJol-VG/" target="_self" rel="noopener noreferrer"></a>
																	<img src="//instagram.fckc1-1.fna.fbcdn.net/v/t51.2885-15/sh0.08/e35/s640x640/104435516_579092476338935_67945525177672097_n.jpg?_nc_ht=instagram.fckc1-1.fna.fbcdn.net&#038;_nc_cat=111&#038;_nc_ohc=G4uIfk_m1V4AX9qICZD&#038;oh=ef58e659b9962a049bc6cfe765afe590&#038;oe=5F339B7F" />																
										782
										27
								<a href="//www.instagram.com/p/CBegqTcjOsb/" target="_self" rel="noopener noreferrer"></a>
																	<img src="//instagram.fckc1-1.fna.fbcdn.net/v/t51.2885-15/sh0.08/e35/s640x640/104111657_143264784037780_3048015360233441023_n.jpg?_nc_ht=instagram.fckc1-1.fna.fbcdn.net&#038;_nc_cat=104&#038;_nc_ohc=pTM3X1EM32MAX_M4x6i&#038;oh=0b25ebe115c36de020dbdfec8f104c41&#038;oe=5F3232C9" />																
										700
										29
								<a href="//www.instagram.com/p/CBb76gElwgf/" target="_self" rel="noopener noreferrer"></a>
																	<img src="//instagram.fckc1-1.fna.fbcdn.net/v/t51.2885-15/sh0.08/e35/s640x640/103927395_717099205771061_3947424140443445149_n.jpg?_nc_ht=instagram.fckc1-1.fna.fbcdn.net&#038;_nc_cat=105&#038;_nc_ohc=vhex1D78Z3cAX_S5t3v&#038;oh=79e9f2252299a79a4ad0baac0c404c42&#038;oe=5F331154" />																
										260
										18
								<a href="//www.instagram.com/p/CBUNkdLFc43/" target="_self" rel="noopener noreferrer"></a>
																	<img src="//instagram.fckc1-1.fna.fbcdn.net/v/t51.2885-15/sh0.08/e35/s640x640/102920543_3065034256938032_3242863971201960607_n.jpg?_nc_ht=instagram.fckc1-1.fna.fbcdn.net&#038;_nc_cat=108&#038;_nc_ohc=Kaw8okC1YC0AX_Eo4Hp&#038;oh=be0b0759243c9bb73636ea04637812d8&#038;oe=5F332A05" />																
										1174
										54
								<a href="//www.instagram.com/p/CA4YNFElX-k/" target="_self" rel="noopener noreferrer"></a>
																	<img src="//instagram.fckc1-1.fna.fbcdn.net/v/t51.2885-15/sh0.08/e35/s640x640/101104509_744387849665818_8982363552542628224_n.jpg?_nc_ht=instagram.fckc1-1.fna.fbcdn.net&#038;_nc_cat=110&#038;_nc_ohc=jZabp86KY-wAX9DQF8g&#038;oh=eb13da043928c0f818f59d04c3661a4f&#038;oe=5F309E0B" />																
										317
										11]]></content:encoded>
		<excerpt:encoded><![CDATA[]]></excerpt:encoded>
		<wp:post_id>474</wp:post_id>
		<wp:post_date>2017-06-23 06:38:18</wp:post_date>
		<wp:post_date_gmt>2017-06-23 06:38:18</wp:post_date_gmt>
		<wp:comment_status>closed</wp:comment_status>
		<wp:ping_status>closed</wp:ping_status>
		<wp:post_name>home-fashion-color</wp:post_name>
		<wp:status>publish</wp:status>
		<wp:post_parent>0</wp:post_parent>
		<wp:menu_order>0</wp:menu_order>
		<wp:post_type>page</wp:post_type>
		<wp:post_password></wp:post_password>
		<wp:is_sticky>0</wp:is_sticky>
														<wp:postmeta>
			<wp:meta_key>_wp_page_template</wp:meta_key>
			<wp:meta_value><![CDATA[default]]></wp:meta_value>
		</wp:postmeta>
							<wp:postmeta>
			<wp:meta_key>_woodmart_header_color_scheme</wp:meta_key>
			<wp:meta_value><![CDATA[light]]></wp:meta_value>
		</wp:postmeta>
							<wp:postmeta>
			<wp:meta_key>_woodmart_main_layout</wp:meta_key>
			<wp:meta_value><![CDATA[full-width]]></wp:meta_value>
		</wp:postmeta>
							<wp:postmeta>
			<wp:meta_key>_woodmart_header-overlap</wp:meta_key>
			<wp:meta_value><![CDATA[on]]></wp:meta_value>
		</wp:postmeta>
							<wp:postmeta>
			<wp:meta_key>_woodmart_title_off</wp:meta_key>
			<wp:meta_value><![CDATA[on]]></wp:meta_value>
		</wp:postmeta>
							<wp:postmeta>
			<wp:meta_key>_woodmart_prefooter_off</wp:meta_key>
			<wp:meta_value><![CDATA[on]]></wp:meta_value>
		</wp:postmeta>
							<wp:postmeta>
			<wp:meta_key>_elementor_data</wp:meta_key>
			<wp:meta_value><![CDATA[[{"id":"6742746","elType":"section","settings":{"wd_section_stretch":"stretch-content","margin":{"top":"0","left":"0","right":"0","bottom":"5","unit":"px","isLinked":""},"gap":"no","padding":{"unit":"px","top":"0","right":"0","bottom":"0","left":"0","isLinked":"1"}},"elements":[{"id":"5252819","elType":"column","settings":{"_column_size":"100","column_sticky_offset":"50","scroll_y":"-80"},"elements":[{"id":"7273929","elType":"widget","settings":{"shortcode":"[rev_slider alias=\"fashion-color\"][\/rev_slider]","revslidertitle":"fashion-color","scroll_y":"-80"},"elements":[],"widgetType":"slider_revolution"}],"isInner":""}],"isInner":""},{"id":"1356","elType":"section","settings":{"wd_section_stretch":"stretch-content","margin":{"top":"0","left":"0","right":"0","bottom":"80","unit":"px","isLinked":""},"margin_tablet":{"unit":"px","top":"0","right":"0","bottom":"60","left":"0","isLinked":""},"margin_mobile":{"unit":"px","top":"0","right":"0","bottom":"40","left":"0","isLinked":""}},"elements":[{"id":"1490241","elType":"column","settings":{"_column_size":"100","padding":{"top":"0","left":"0","right":"0","bottom":"0","unit":"px","isLinked":"1"},"column_sticky_offset":"50","scroll_y":"-80"},"elements":[{"id":"1713530","elType":"widget","settings":{"slides_per_view":{"size":"3"},"slider_spacing":"6","hide_pagination_control":"yes","hide_prev_next_buttons":"yes","content_repeater":[{"_id":"192590","align":"left","image_size":"full","title":"WOMAN COLLECTION","subtitle":"","content":"Laculis velit dictum ligula\r\nelementum diam.","btn_text":"read more","btn_position":"static","hover":"zoom","woodmart_color_scheme":"light","image_custom_dimension":{"width":"800","height":"600"},"image":{"id":"480","url":"#"},"width":{"size":"50","unit":"%"},"increase_spaces":"yes","btn_color":"white","btn_style":"link","title_size":"extra-large","text_alignment":"center","vertical_alignment":"middle","link":{"url":"#","is_external":"","nofollow":"","custom_attributes":""},"image_type":"image","image_height":{"unit":"px","size":"300","sizes":[]},"image_height_tablet":{"unit":"px","size":"","sizes":[]},"image_height_mobile":{"unit":"px","size":"","sizes":[]},"image_bg_position":"center center","horizontal_alignment":"left","width_tablet":{"unit":"%","size":"","sizes":[]},"width_mobile":{"unit":"%","size":"100","sizes":[]}},{"_id":"1412640","align":"left","image_size":"full","title":"MAN'S COLLECTION","subtitle":"","content":"Dictumst oddio mrtattis\r\nsit a nisi\u00a0justo.","btn_text":"read more","btn_position":"static","hover":"zoom","woodmart_color_scheme":"light","image_custom_dimension":{"width":"800","height":"600"},"image":{"id":"480","url":"#"},"width":{"size":"50","unit":"%"},"increase_spaces":"yes","btn_color":"white","btn_style":"link","title_size":"extra-large","text_alignment":"center","vertical_alignment":"middle","link":{"url":"#","is_external":"","nofollow":"","custom_attributes":""},"image_type":"image","image_height":{"unit":"px","size":"300","sizes":[]},"image_height_tablet":{"unit":"px","size":"","sizes":[]},"image_height_mobile":{"unit":"px","size":"","sizes":[]},"image_bg_position":"center center","horizontal_alignment":"left","width_tablet":{"unit":"%","size":"","sizes":[]},"width_mobile":{"unit":"%","size":"100","sizes":[]}},{"_id":"5984666","align":"left","image_size":"full","title":"KID'S COLLECTION","subtitle":"","content":"A etiam eleifend accum\r\nsanmi aliquet.","btn_text":"read more","btn_position":"static","hover":"zoom","woodmart_color_scheme":"light","image_custom_dimension":{"width":"800","height":"600"},"image":{"id":"480","url":"#"},"width":{"size":"50","unit":"%"},"increase_spaces":"yes","btn_color":"white","btn_style":"link","title_size":"extra-large","text_alignment":"center","vertical_alignment":"middle","link":{"url":"#","is_external":"","nofollow":"","custom_attributes":""},"image_type":"image","image_height":{"unit":"px","size":"300","sizes":[]},"image_height_tablet":{"unit":"px","size":"","sizes":[]},"image_height_mobile":{"unit":"px","size":"","sizes":[]},"image_bg_position":"center center","horizontal_alignment":"left","width_tablet":{"unit":"%","size":"","sizes":[]},"width_mobile":{"unit":"%","size":"100","sizes":[]}}],"title_typography_typography":"custom","title_typography_font_size_tablet":{"unit":"vw","size":"","sizes":[]},"title_typography_font_size_mobile":{"unit":"px","size":"20","sizes":[]},"scroll_y":"-80","title_typography_font_size":{"unit":"vw","size":"2.3","sizes":[]}},"elements":[],"widgetType":"wd_banner_carousel"}],"isInner":""}],"isInner":""},{"id":"2466279","elType":"section","settings":{"margin":{"top":"0","left":"0","right":"0","bottom":"45","unit":"px","isLinked":""},"content_width":{"unit":"px","size":"990","sizes":[]},"margin_tablet":{"unit":"px","top":"0","right":"0","bottom":"25","left":"0","isLinked":""},"margin_mobile":{"unit":"px","top":"0","right":"0","bottom":"5","left":"0","isLinked":""}},"elements":[{"id":"535100","elType":"column","settings":{"_column_size":"100","offset":"vc_col-lg-offset-1 vc_col-md-offset-1 vc_col-sm-offset-1 vc_col-xs-12","padding":{"unit":"%","top":"","right":"","bottom":"","left":"","isLinked":"1"},"column_sticky_offset":"50","scroll_y":"-80"},"elements":[{"id":"3097254","elType":"widget","settings":{"subtitle":"SEE OUR COLLECTION","after_title":"Street art salvia irony wolf waistcoat actually lomo meh fap jean shorts.","image_size":"custom","size":"large","title":"LATEST PRDOUCTS","title_typography_typography":"custom","title_typography_font_size_tablet":{"unit":"px","size":"22","sizes":[]},"title_typography_font_size_mobile":{"unit":"px","size":"20","sizes":[]},"scroll_y":"-80","text_typography_font_size_mobile":{"unit":"px","size":"14","sizes":[]}},"elements":[],"widgetType":"wd_title"},{"id":"277647","elType":"widget","settings":{"title":"","spacing":"20","items_per_page":"6","columns":{"size":"3"},"orderby":"post__in","scroll_y":"-80"},"elements":[],"widgetType":"wd_products"}],"isInner":""}],"isInner":""},{"id":"7945908","elType":"section","settings":{"wd_section_stretch":"stretch-content","margin":{"top":"0","left":"0","right":"0","bottom":"80","unit":"px","isLinked":""},"margin_tablet":{"unit":"px","top":"0","right":"0","bottom":"60","left":"0","isLinked":""},"margin_mobile":{"unit":"px","top":"0","right":"0","bottom":"40","left":"0","isLinked":""}},"elements":[{"id":"4827327","elType":"column","settings":{"_column_size":"100","padding":{"unit":"px","top":"0","right":"0","bottom":"0","left":"0","isLinked":"1"},"column_sticky_offset":"50","scroll_y":"-80"},"elements":[{"id":"b682307","elType":"widget","settings":{"subtitle":"SEE OUR COLLECTION","after_title":"Street art salvia irony wolf waistcoat actually lomo meh fap jean shorts.","image_size":"custom","size":"large","title":"TOP VISITED CATEGORIES","_margin":{"top":"0","left":"10","right":"10","bottom":"10","unit":"px","isLinked":""},"title_typography_typography":"custom","title_typography_font_size_tablet":{"unit":"px","size":"22","sizes":[]},"title_typography_font_size_mobile":{"unit":"px","size":"20","sizes":[]},"scroll_y":"-80","text_typography_font_size_mobile":{"unit":"px","size":"14","sizes":[]}},"elements":[],"widgetType":"wd_title"},{"id":"e97cb43","elType":"widget","settings":{"style":"carousel","columns":{"unit":"px","size":"5","sizes":[]},"spacing":"6","scroll_y":"-80","number":"6","slides_per_view":{"unit":"px","size":"5","sizes":[]},"hide_pagination_control":"yes","wrap":"yes"},"elements":[],"widgetType":"wd_product_categories"}],"isInner":""}],"isInner":""},{"id":"2610326","elType":"section","settings":{"margin":{"top":"0","left":"0","right":"0","bottom":"55","unit":"px","isLinked":""},"margin_tablet":{"unit":"px","top":"0","right":"0","bottom":"25","left":"0","isLinked":""},"margin_mobile":{"unit":"px","top":"0","right":"0","bottom":"5","left":"0","isLinked":""}},"elements":[{"id":"9312860","elType":"column","settings":{"_column_size":"100","column_sticky_offset":"50","scroll_y":"-80"},"elements":[{"id":"9906474","elType":"widget","settings":{"subtitle":"SEE OUR COLLECTION","after_title":"Street art salvia irony wolf waistcoat actually lomo meh fap jean shorts.","image_size":"custom","size":"large","title":"LATEST PRDOUCTS","scroll_y":"-80","title_typography_typography":"custom","title_typography_font_size_tablet":{"unit":"px","size":"22","sizes":[]},"title_typography_font_size_mobile":{"unit":"px","size":"20","sizes":[]},"_margin":{"unit":"px","top":"0","right":"0","bottom":"10","left":"0","isLinked":""},"text_typography_font_size_mobile":{"unit":"px","size":"14","sizes":[]}},"elements":[],"widgetType":"wd_title"},{"id":"0662b22","elType":"widget","settings":{"layout":"carousel","spacing":"20","items_per_page":"6","slides_per_view":{"unit":"px","size":"5","sizes":[]},"scroll_y":"-80"},"elements":[],"widgetType":"wd_products"}],"isInner":""}],"isInner":""},{"id":"5353417","elType":"section","settings":{"margin":{"top":"0","left":"0","right":"0","bottom":"25","unit":"px","isLinked":""}},"elements":[{"id":"8562349","elType":"column","settings":{"_column_size":"100","column_sticky_offset":"50","scroll_y":"-80"},"elements":[{"id":"7013349","elType":"widget","settings":{"subtitle":"SEE OUR COLLECTION","after_title":"Street art salvia irony wolf waistcoat actually lomo meh fap jean shorts.","image_size":"custom","width":{"size":"","unit":"%"},"size":"large","title":"HOW WE WORKS","_margin":{"top":"0","left":"0","right":"0","bottom":"10","unit":"px","isLinked":""},"scroll_y":"-80","title_typography_typography":"custom","title_typography_font_size_tablet":{"unit":"px","size":"22","sizes":[]},"title_typography_font_size_mobile":{"unit":"px","size":"20","sizes":[]},"text_typography_font_size_mobile":{"unit":"px","size":"14","sizes":[]}},"elements":[],"widgetType":"wd_title"}],"isInner":""}],"isInner":""},{"id":"2424239","elType":"section","settings":{"wd_section_stretch":"stretch","margin":{"top":"0","left":"0","right":"0","bottom":"80","unit":"px","isLinked":""},"padding":{"top":"0","left":"15","right":"15","bottom":"60","unit":"px","isLinked":""},"border_width":{"top":"0","left":"0","right":"0","bottom":"1","unit":"px","isLinked":""},"border_border":"solid","border_color":"rgba(129,129,129,0.2)","margin_tablet":{"unit":"px","top":"0","right":"0","bottom":"60","left":"0","isLinked":""},"margin_mobile":{"unit":"px","top":"0","right":"0","bottom":"40","left":"0","isLinked":""},"padding_mobile":{"unit":"px","top":"0","right":"15","bottom":"40","left":"15","isLinked":""}},"elements":[{"id":"8075067","elType":"column","settings":{"_column_size":"100","padding":{"top":"0","left":"10","right":"10","bottom":"0","unit":"%","isLinked":""},"border_width":{"top":"0","left":"0","right":"1","bottom":"0","unit":"px","isLinked":""},"border_border":"solid","border_color":"rgba(129,129,129,0.2)","offset":"vc_col-lg-4 vc_col-md-4","column_sticky_offset":"50","scroll_y":"-80","border_width_tablet":{"unit":"px","top":"0","right":"0","bottom":"0","left":"0","isLinked":""},"margin":{"unit":"px","top":"20","right":"0","bottom":"20","left":"0","isLinked":""}},"elements":[{"id":"1373984","elType":"widget","settings":{"alignment":"left","btn_text":"READ MORE","image_size":"custom","subtitle":"","title":"SHOP FEATURE 1","btn_position":"hover","icon_text_size":"large","btn_color":"primary","btn_style":"link","image_alignment":"left","no_svg_animation":"yes","icon_text":"01.","content":"Massa a erat nam aliquam condi mentu tum in cum proin.","scroll_y":"-80"},"elements":[],"widgetType":"wd_infobox"}],"isInner":""},{"id":"7108471","elType":"column","settings":{"_column_size":"100","padding":{"top":"0","left":"10","right":"10","bottom":"0","unit":"%","isLinked":""},"border_width":{"top":"0","left":"0","right":"1","bottom":"0","unit":"px","isLinked":""},"border_border":"solid","border_color":"rgba(129,129,129,0.2)","offset":"vc_col-lg-4 vc_col-md-4","column_sticky_offset":"50","scroll_y":"-80","border_width_tablet":{"unit":"px","top":"0","right":"0","bottom":"0","left":"0","isLinked":"1"},"margin":{"unit":"px","top":"20","right":"0","bottom":"20","left":"0","isLinked":""}},"elements":[{"id":"5683158","elType":"widget","settings":{"alignment":"left","btn_text":"READ MORE","image_size":"custom","subtitle":"","title":"SHOP FEATURE 2","btn_position":"hover","icon_text_size":"large","btn_color":"primary","btn_style":"link","image_alignment":"left","no_svg_animation":"yes","icon_text":"02.","content":"Adipiscing proin lobortis nunc luctus conubia ac facilisi.","scroll_y":"-80","content_typography_font_size_mobile":{"unit":"px","size":"14","sizes":[]}},"elements":[],"widgetType":"wd_infobox"}],"isInner":""},{"id":"6492373","elType":"column","settings":{"_column_size":"100","padding":{"top":"0","left":"10","right":"10","bottom":"0","unit":"%","isLinked":""},"offset":"vc_col-lg-4 vc_col-md-4","column_sticky_offset":"50","scroll_y":"-80","margin":{"unit":"px","top":"20","right":"0","bottom":"20","left":"0","isLinked":""}},"elements":[{"id":"5305787","elType":"widget","settings":{"alignment":"left","btn_text":"READ MORE","image_size":"custom","subtitle":"","title":"SHOP FEATURE 3","btn_position":"hover","icon_text_size":"large","btn_color":"primary","btn_style":"link","image_alignment":"left","no_svg_animation":"yes","icon_text":"03.","content":"<p>Ulamcorper parturient adipiscing nisi rutrum eleifend.<\/p>","scroll_y":"-80","content_typography_font_size_mobile":{"unit":"px","size":"14","sizes":[]}},"elements":[],"widgetType":"wd_infobox"}],"isInner":""}],"isInner":""},{"id":"8845565","elType":"section","settings":{"margin":{"top":"0","left":"0","right":"0","bottom":"80","unit":"px","isLinked":""},"margin_tablet":{"unit":"px","top":"0","right":"0","bottom":"60","left":"0","isLinked":""},"margin_mobile":{"unit":"px","top":"0","right":"0","bottom":"40","left":"0","isLinked":""}},"elements":[{"id":"4015935","elType":"column","settings":{"_column_size":"100","column_sticky_offset":"50","scroll_y":"-80"},"elements":[{"id":"3687731","elType":"widget","settings":{"subtitle":"SEE OUR COLLECTION","after_title":"Street art salvia irony wolf waistcoat actually lomo meh fap jean shorts.","image_size":"custom","size":"large","title":"WOODMART ON INSTAGRAM","_margin":{"top":"0","left":"0","right":"0","bottom":"10","unit":"px","isLinked":""},"scroll_y":"-80","title_typography_typography":"custom","title_typography_font_size_tablet":{"unit":"px","size":"22","sizes":[]},"title_typography_font_size_mobile":{"unit":"px","size":"20","sizes":[]},"text_typography_font_size_mobile":{"unit":"px","size":"14","sizes":[]}},"elements":[],"widgetType":"wd_title"},{"id":"2909503","elType":"widget","settings":{"style":"link","text":"FOLLOW US ON INSTAGRAM","scroll_y":"-80"},"elements":[],"widgetType":"wd_button"}],"isInner":""}],"isInner":""},{"id":"1059392","elType":"section","settings":{"wd_section_stretch":"stretch-content","margin":{"top":"0","left":"0","right":"0","bottom":"-40","unit":"px","isLinked":""}},"elements":[{"id":"7979597","elType":"column","settings":{"_column_size":"100","padding":{"top":"0","left":"0","right":"0","bottom":"0","unit":"px","isLinked":""},"column_sticky_offset":"50","scroll_y":"-80"},"elements":[{"id":"4801287","elType":"widget","settings":{"data_source":"ajax","size":"large","design":"slider","per_row":{"size":"6"},"hide_pagination_control":"yes","hide_prev_next_buttons":"yes","username":"kimgenevieve","number":{"size":"8"},"scroll_y":"-80"},"elements":[],"widgetType":"wd_instagram"}],"isInner":""}],"isInner":""}]]]></wp:meta_value>
		</wp:postmeta>
							<wp:postmeta>
			<wp:meta_key>_elementor_edit_mode</wp:meta_key>
			<wp:meta_value><![CDATA[builder]]></wp:meta_value>
		</wp:postmeta>
							<wp:postmeta>
			<wp:meta_key>_elementor_version</wp:meta_key>
			<wp:meta_value><![CDATA[2.9.11]]></wp:meta_value>
		</wp:postmeta>
							<wp:postmeta>
			<wp:meta_key>_elementor_template_type</wp:meta_key>
			<wp:meta_value><![CDATA[wp-page]]></wp:meta_value>
		</wp:postmeta>
							<wp:postmeta>
			<wp:meta_key>_elementor_controls_usage</wp:meta_key>
			<wp:meta_value><![CDATA[a:10:{s:17:"slider_revolution";a:3:{s:5:"count";i:1;s:15:"control_percent";i:2;s:8:"controls";a:2:{s:7:"content";a:1:{s:15:"content_section";a:2:{s:9:"shortcode";i:1;s:14:"revslidertitle";i:1;}}s:8:"advanced";a:1:{s:8:"wd_extra";a:1:{s:8:"scroll_y";i:1;}}}}s:6:"column";a:3:{s:5:"count";i:11;s:15:"control_percent";i:1;s:8:"controls";a:2:{s:8:"advanced";a:2:{s:8:"wd_extra";a:2:{s:20:"column_sticky_offset";i:11;s:8:"scroll_y";i:11;}s:16:"section_advanced";a:2:{s:7:"padding";i:7;s:6:"margin";i:3;}}s:5:"style";a:1:{s:14:"section_border";a:4:{s:12:"border_width";i:2;s:13:"border_border";i:2;s:12:"border_color";i:2;s:19:"border_width_tablet";i:2;}}}}s:7:"section";a:3:{s:5:"count";i:9;s:15:"control_percent";i:1;s:8:"controls";a:3:{s:6:"layout";a:2:{s:15:"wd_extra_layout";a:1:{s:18:"wd_section_stretch";i:5;}s:14:"section_layout";a:2:{s:3:"gap";i:1;s:13:"content_width";i:1;}}s:8:"advanced";a:1:{s:16:"section_advanced";a:5:{s:6:"margin";i:9;s:7:"padding";i:2;s:13:"margin_tablet";i:6;s:13:"margin_mobile";i:6;s:14:"padding_mobile";i:1;}}s:5:"style";a:1:{s:14:"section_border";a:3:{s:12:"border_width";i:1;s:13:"border_border";i:1;s:12:"border_color";i:1;}}}}s:18:"wd_banner_carousel";a:3:{s:5:"count";i:1;s:15:"control_percent";i:3;s:8:"controls";a:3:{s:5:"style";a:2:{s:22:"carousel_style_section";a:4:{s:15:"slides_per_view";i:1;s:14:"slider_spacing";i:1;s:23:"hide_pagination_control";i:1;s:22:"hide_prev_next_buttons";i:1;}s:19:"title_style_section";a:4:{s:27:"title_typography_typography";i:1;s:33:"title_typography_font_size_tablet";i:1;s:33:"title_typography_font_size_mobile";i:1;s:26:"title_typography_font_size";i:1;}}s:7:"content";a:1:{s:23:"general_content_section";a:1:{s:16:"content_repeater";i:1;}}s:8:"advanced";a:1:{s:8:"wd_extra";a:1:{s:8:"scroll_y";i:1;}}}}s:8:"wd_title";a:3:{s:5:"count";i:5;s:15:"control_percent";i:4;s:8:"controls";a:3:{s:7:"content";a:1:{s:23:"general_content_section";a:3:{s:8:"subtitle";i:5;s:11:"after_title";i:5;s:5:"title";i:5;}}s:5:"style";a:3:{s:19:"title_style_section";a:4:{s:10:"image_size";i:5;s:27:"title_typography_typography";i:5;s:33:"title_typography_font_size_tablet";i:5;s:33:"title_typography_font_size_mobile";i:5;}s:21:"general_style_section";a:2:{s:4:"size";i:5;s:5:"width";i:1;}s:18:"text_style_section";a:1:{s:32:"text_typography_font_size_mobile";i:5;}}s:8:"advanced";a:2:{s:8:"wd_extra";a:1:{s:8:"scroll_y";i:5;}s:14:"_section_style";a:1:{s:7:"_margin";i:4;}}}}s:11:"wd_products";a:3:{s:5:"count";i:2;s:15:"control_percent";i:2;s:8:"controls";a:3:{s:5:"style";a:2:{s:20:"layout_style_section";a:4:{s:7:"spacing";i:2;s:14:"items_per_page";i:2;s:7:"columns";i:1;s:6:"layout";i:1;}s:22:"carousel_style_section";a:1:{s:15:"slides_per_view";i:1;}}s:7:"content";a:1:{s:23:"general_content_section";a:1:{s:7:"orderby";i:1;}}s:8:"advanced";a:1:{s:8:"wd_extra";a:1:{s:8:"scroll_y";i:2;}}}}s:21:"wd_product_categories";a:3:{s:5:"count";i:1;s:15:"control_percent";i:4;s:8:"controls";a:3:{s:5:"style";a:2:{s:20:"layout_style_section";a:3:{s:5:"style";i:1;s:7:"columns";i:1;s:7:"spacing";i:1;}s:22:"carousel_style_section";a:3:{s:15:"slides_per_view";i:1;s:23:"hide_pagination_control";i:1;s:4:"wrap";i:1;}}s:8:"advanced";a:1:{s:8:"wd_extra";a:1:{s:8:"scroll_y";i:1;}}s:7:"content";a:1:{s:23:"general_content_section";a:1:{s:6:"number";i:1;}}}}s:10:"wd_infobox";a:3:{s:5:"count";i:3;s:15:"control_percent";i:4;s:8:"controls";a:3:{s:5:"style";a:4:{s:21:"general_style_section";a:2:{s:9:"alignment";i:3;s:15:"image_alignment";i:3;}s:22:"button_content_section";a:3:{s:12:"btn_position";i:3;s:9:"btn_color";i:3;s:9:"btn_style";i:3;}s:18:"icon_style_section";a:1:{s:14:"icon_text_size";i:3;}s:21:"content_style_section";a:1:{s:35:"content_typography_font_size_mobile";i:2;}}s:7:"content";a:2:{s:15:"content_section";a:4:{s:8:"btn_text";i:3;s:8:"subtitle";i:3;s:5:"title";i:3;s:7:"content";i:3;}s:20:"icon_content_section";a:2:{s:10:"image_size";i:3;s:9:"icon_text";i:3;}}s:8:"advanced";a:1:{s:8:"wd_extra";a:1:{s:8:"scroll_y";i:3;}}}}s:9:"wd_button";a:3:{s:5:"count";i:1;s:15:"control_percent";i:1;s:8:"controls";a:3:{s:5:"style";a:1:{s:21:"general_style_section";a:1:{s:5:"style";i:1;}}s:7:"content";a:1:{s:23:"general_content_section";a:1:{s:4:"text";i:1;}}s:8:"advanced";a:1:{s:8:"wd_extra";a:1:{s:8:"scroll_y";i:1;}}}}s:12:"wd_instagram";a:3:{s:5:"count";i:1;s:15:"control_percent";i:4;s:8:"controls";a:3:{s:7:"content";a:1:{s:23:"general_content_section";a:3:{s:11:"data_source";i:1;s:4:"size";i:1;s:8:"username";i:1;}}s:5:"style";a:1:{s:22:"layout_content_section";a:5:{s:6:"design";i:1;s:7:"per_row";i:1;s:23:"hide_pagination_control";i:1;s:22:"hide_prev_next_buttons";i:1;s:6:"number";i:1;}}s:8:"advanced";a:1:{s:8:"wd_extra";a:1:{s:8:"scroll_y";i:1;}}}}}]]></wp:meta_value>
		</wp:postmeta>
						</item>
					<item>
		<title>
				cat-colored-fashion-7		</title>
		<link>http://dummy.xtemos.com/woodmart-elementor/demos/home-fashion-color/cat-colored-fashion-7/</link>
		<pubDate>Fri, 23 Jun 2017 06:47:03 +0000</pubDate>
		<dc:creator><![CDATA[erwin]]></dc:creator>
		<guid isPermaLink="false">http://dummy.xtemos.com/woodmart-elementor/demos/wp-content/uploads/sites/2/2017/06/cat-colored-fashion-7.jpg</guid>
		<description></description>
		<content:encoded><![CDATA[]]></content:encoded>
		<excerpt:encoded><![CDATA[]]></excerpt:encoded>
		<wp:post_id>480</wp:post_id>
		<wp:post_date>2017-06-23 06:47:03</wp:post_date>
		<wp:post_date_gmt>2017-06-23 06:47:03</wp:post_date_gmt>
		<wp:comment_status>open</wp:comment_status>
		<wp:ping_status>closed</wp:ping_status>
		<wp:post_name>cat-colored-fashion-7</wp:post_name>
		<wp:status>inherit</wp:status>
		<wp:post_parent>474</wp:post_parent>
		<wp:menu_order>0</wp:menu_order>
		<wp:post_type>attachment</wp:post_type>
		<wp:post_password></wp:post_password>
		<wp:is_sticky>0</wp:is_sticky>
						<wp:attachment_url>http://dummy.xtemos.com/woodmart-elementor/demos/wp-content/uploads/sites/2/2017/06/cat-colored-fashion-7.jpg</wp:attachment_url>
												<wp:postmeta>
			<wp:meta_key>_wp_attached_file</wp:meta_key>
			<wp:meta_value><![CDATA[2017/06/cat-colored-fashion-7.jpg]]></wp:meta_value>
		</wp:postmeta>
						</item>
				</channel>
</rss>
	