<?xml version="1.0" encoding="UTF-8" ?>
<!-- This is a WordPress eXtended RSS file generated by WordPress as an export of your site. -->
<!-- It contains information about your site's posts, pages, comments, categories, and other content. -->
<!-- You may use this file to transfer that content from one site to another. -->
<!-- This file is not intended to serve as a complete backup of your site. -->

<!-- To import this information into a WordPress site follow these steps: -->
<!-- 1. Log in to that site as an administrator. -->
<!-- 2. Go to Tools: Import in the WordPress admin panel. -->
<!-- 3. Install the "WordPress" importer from the list. -->
<!-- 4. Activate & Run Importer. -->
<!-- 5. Upload this file using the form provided on that page. -->
<!-- 6. You will first be asked to map the authors in this export file to users -->
<!--    on the site. For each author, you may choose to map to an -->
<!--    existing user on the site or to create a new user. -->
<!-- 7. WordPress will then import each of the posts, pages, comments, categories, etc. -->
<!--    contained in this file into your site. -->

	<!-- generator="WordPress/5.4.2" created="2020-07-13 07:19" -->
<rss version="2.0"
	xmlns:excerpt="http://wordpress.org/export/1.2/excerpt/"
	xmlns:content="http://purl.org/rss/1.0/modules/content/"
	xmlns:wfw="http://wellformedweb.org/CommentAPI/"
	xmlns:dc="http://purl.org/dc/elements/1.1/"
	xmlns:wp="http://wordpress.org/export/1.2/"
>

<channel>
	<title>Woodmart dummy demos</title>
	<link>http://dummy.xtemos.com/woodmart-elementor/demos</link>
	<description>Just another Woodmart Dummy Content Sites site</description>
	<pubDate>Mon, 13 Jul 2020 07:19:54 +0000</pubDate>
	<language>en-US</language>
	<wp:wxr_version>1.2</wp:wxr_version>
	<wp:base_site_url>http://dummy.xtemos.com/woodmart-elementor/</wp:base_site_url>
	<wp:base_blog_url>http://dummy.xtemos.com/woodmart-elementor/demos</wp:base_blog_url>

		<wp:author><wp:author_id>2</wp:author_id><wp:author_login>erwin</wp:author_login><wp:author_email>ss@asas.as</wp:author_email><wp:author_display_name><![CDATA[erwin]]></wp:author_display_name><wp:author_first_name><![CDATA[]]></wp:author_first_name><wp:author_last_name><![CDATA[]]></wp:author_last_name></wp:author>

				
	<generator>https://wordpress.org/?v=5.4.2</generator>

		<item>
		<title>
				wood-time-icon		</title>
		<link>http://dummy.xtemos.com/woodmart-elementor/demos/?attachment_id=46</link>
		<pubDate>Wed, 14 Jun 2017 08:21:57 +0000</pubDate>
		<dc:creator><![CDATA[admin]]></dc:creator>
		<guid isPermaLink="false">http://dummy.xtemos.com/woodmart-elementor/demos/wp-content/uploads/sites/2/2017/06/wood-time-icon.svg</guid>
		<description></description>
		<content:encoded><![CDATA[]]></content:encoded>
		<excerpt:encoded><![CDATA[]]></excerpt:encoded>
		<wp:post_id>46</wp:post_id>
		<wp:post_date>2017-06-14 08:21:57</wp:post_date>
		<wp:post_date_gmt>2017-06-14 08:21:57</wp:post_date_gmt>
		<wp:comment_status>open</wp:comment_status>
		<wp:ping_status>closed</wp:ping_status>
		<wp:post_name>wood-time-icon</wp:post_name>
		<wp:status>inherit</wp:status>
		<wp:post_parent>45</wp:post_parent>
		<wp:menu_order>0</wp:menu_order>
		<wp:post_type>attachment</wp:post_type>
		<wp:post_password></wp:post_password>
		<wp:is_sticky>0</wp:is_sticky>
						<wp:attachment_url>http://dummy.xtemos.com/woodmart-elementor/demos/wp-content/uploads/sites/2/2017/06/wood-time-icon.svg</wp:attachment_url>
												<wp:postmeta>
			<wp:meta_key>_wp_attached_file</wp:meta_key>
			<wp:meta_value><![CDATA[2017/06/wood-time-icon.svg]]></wp:meta_value>
		</wp:postmeta>
							<wp:postmeta>
			<wp:meta_key>_elementor_inline_svg</wp:meta_key>
			<wp:meta_value><![CDATA[<?xml version="1.0" encoding="iso-8859-1"?>
<!-- Generator: Adobe Illustrator 19.0.0, SVG Export Plug-In . SVG Version: 6.00 Build 0)  -->
<svg version="1.1" id="Capa_1" xmlns="http://www.w3.org/2000/svg" xmlns:xlink="http://www.w3.org/1999/xlink" x="0px" y="0px"
	 viewBox="0 0 60 60" style="enable-background:new 0 0 60 60;" xml:space="preserve">
<g>
	<path d="M30,0C13.458,0,0,13.458,0,30s13.458,30,30,30s30-13.458,30-30S46.542,0,30,0z M30,58C14.561,58,2,45.439,2,30
		S14.561,2,30,2s28,12.561,28,28S45.439,58,30,58z"/>
	<path d="M30,6c-0.552,0-1,0.447-1,1v23H14c-0.552,0-1,0.447-1,1s0.448,1,1,1h16c0.552,0,1-0.447,1-1V7C31,6.447,30.552,6,30,6z"/>
</g>
<g>
</g>
<g>
</g>
<g>
</g>
<g>
</g>
<g>
</g>
<g>
</g>
<g>
</g>
<g>
</g>
<g>
</g>
<g>
</g>
<g>
</g>
<g>
</g>
<g>
</g>
<g>
</g>
<g>
</g>
</svg>
]]></wp:meta_value>
		</wp:postmeta>
						</item>
					<item>
		<title>
				wood-gallery-placeholder-5		</title>
		<link>http://dummy.xtemos.com/woodmart-elementor/demos/home-base/wood-gallery-placeholder-5/</link>
		<pubDate>Wed, 14 Jun 2017 11:33:22 +0000</pubDate>
		<dc:creator><![CDATA[admin]]></dc:creator>
		<guid isPermaLink="false">http://dummy.xtemos.com/woodmart-elementor/demos/wp-content/uploads/sites/2/2017/06/wood-gallery-placeholder-5.jpg</guid>
		<description></description>
		<content:encoded><![CDATA[]]></content:encoded>
		<excerpt:encoded><![CDATA[]]></excerpt:encoded>
		<wp:post_id>77</wp:post_id>
		<wp:post_date>2017-06-14 11:33:22</wp:post_date>
		<wp:post_date_gmt>2017-06-14 11:33:22</wp:post_date_gmt>
		<wp:comment_status>open</wp:comment_status>
		<wp:ping_status>closed</wp:ping_status>
		<wp:post_name>wood-gallery-placeholder-5</wp:post_name>
		<wp:status>inherit</wp:status>
		<wp:post_parent>57</wp:post_parent>
		<wp:menu_order>0</wp:menu_order>
		<wp:post_type>attachment</wp:post_type>
		<wp:post_password></wp:post_password>
		<wp:is_sticky>0</wp:is_sticky>
						<wp:attachment_url>http://dummy.xtemos.com/woodmart-elementor/demos/wp-content/uploads/sites/2/2017/06/wood-gallery-placeholder-5.jpg</wp:attachment_url>
												<wp:postmeta>
			<wp:meta_key>_wp_attached_file</wp:meta_key>
			<wp:meta_value><![CDATA[2017/06/wood-gallery-placeholder-5.jpg]]></wp:meta_value>
		</wp:postmeta>
						</item>
					<item>
		<title>
				wood-gallery-placeholder		</title>
		<link>http://dummy.xtemos.com/woodmart-elementor/demos/home-base/wood-gallery-placeholder/</link>
		<pubDate>Wed, 14 Jun 2017 11:33:24 +0000</pubDate>
		<dc:creator><![CDATA[admin]]></dc:creator>
		<guid isPermaLink="false">http://dummy.xtemos.com/woodmart-elementor/demos/wp-content/uploads/sites/2/2017/06/wood-gallery-placeholder.jpg</guid>
		<description></description>
		<content:encoded><![CDATA[]]></content:encoded>
		<excerpt:encoded><![CDATA[]]></excerpt:encoded>
		<wp:post_id>78</wp:post_id>
		<wp:post_date>2017-06-14 11:33:24</wp:post_date>
		<wp:post_date_gmt>2017-06-14 11:33:24</wp:post_date_gmt>
		<wp:comment_status>open</wp:comment_status>
		<wp:ping_status>closed</wp:ping_status>
		<wp:post_name>wood-gallery-placeholder</wp:post_name>
		<wp:status>inherit</wp:status>
		<wp:post_parent>57</wp:post_parent>
		<wp:menu_order>0</wp:menu_order>
		<wp:post_type>attachment</wp:post_type>
		<wp:post_password></wp:post_password>
		<wp:is_sticky>0</wp:is_sticky>
						<wp:attachment_url>http://dummy.xtemos.com/woodmart-elementor/demos/wp-content/uploads/sites/2/2017/06/wood-gallery-placeholder.jpg</wp:attachment_url>
												<wp:postmeta>
			<wp:meta_key>_wp_attached_file</wp:meta_key>
			<wp:meta_value><![CDATA[2017/06/wood-gallery-placeholder.jpg]]></wp:meta_value>
		</wp:postmeta>
						</item>
					<item>
		<title>
				wood-gallery-placeholder-2		</title>
		<link>http://dummy.xtemos.com/woodmart-elementor/demos/home-base/wood-gallery-placeholder-2/</link>
		<pubDate>Wed, 14 Jun 2017 11:33:26 +0000</pubDate>
		<dc:creator><![CDATA[admin]]></dc:creator>
		<guid isPermaLink="false">http://dummy.xtemos.com/woodmart-elementor/demos/wp-content/uploads/sites/2/2017/06/wood-gallery-placeholder-2.jpg</guid>
		<description></description>
		<content:encoded><![CDATA[]]></content:encoded>
		<excerpt:encoded><![CDATA[]]></excerpt:encoded>
		<wp:post_id>79</wp:post_id>
		<wp:post_date>2017-06-14 11:33:26</wp:post_date>
		<wp:post_date_gmt>2017-06-14 11:33:26</wp:post_date_gmt>
		<wp:comment_status>open</wp:comment_status>
		<wp:ping_status>closed</wp:ping_status>
		<wp:post_name>wood-gallery-placeholder-2</wp:post_name>
		<wp:status>inherit</wp:status>
		<wp:post_parent>57</wp:post_parent>
		<wp:menu_order>0</wp:menu_order>
		<wp:post_type>attachment</wp:post_type>
		<wp:post_password></wp:post_password>
		<wp:is_sticky>0</wp:is_sticky>
						<wp:attachment_url>http://dummy.xtemos.com/woodmart-elementor/demos/wp-content/uploads/sites/2/2017/06/wood-gallery-placeholder-2.jpg</wp:attachment_url>
												<wp:postmeta>
			<wp:meta_key>_wp_attached_file</wp:meta_key>
			<wp:meta_value><![CDATA[2017/06/wood-gallery-placeholder-2.jpg]]></wp:meta_value>
		</wp:postmeta>
						</item>
					<item>
		<title>
				wood-gallery-placeholder-3		</title>
		<link>http://dummy.xtemos.com/woodmart-elementor/demos/home-base/wood-gallery-placeholder-3/</link>
		<pubDate>Wed, 14 Jun 2017 11:33:28 +0000</pubDate>
		<dc:creator><![CDATA[admin]]></dc:creator>
		<guid isPermaLink="false">http://dummy.xtemos.com/woodmart-elementor/demos/wp-content/uploads/sites/2/2017/06/wood-gallery-placeholder-3.jpg</guid>
		<description></description>
		<content:encoded><![CDATA[]]></content:encoded>
		<excerpt:encoded><![CDATA[]]></excerpt:encoded>
		<wp:post_id>80</wp:post_id>
		<wp:post_date>2017-06-14 11:33:28</wp:post_date>
		<wp:post_date_gmt>2017-06-14 11:33:28</wp:post_date_gmt>
		<wp:comment_status>open</wp:comment_status>
		<wp:ping_status>closed</wp:ping_status>
		<wp:post_name>wood-gallery-placeholder-3</wp:post_name>
		<wp:status>inherit</wp:status>
		<wp:post_parent>57</wp:post_parent>
		<wp:menu_order>0</wp:menu_order>
		<wp:post_type>attachment</wp:post_type>
		<wp:post_password></wp:post_password>
		<wp:is_sticky>0</wp:is_sticky>
						<wp:attachment_url>http://dummy.xtemos.com/woodmart-elementor/demos/wp-content/uploads/sites/2/2017/06/wood-gallery-placeholder-3.jpg</wp:attachment_url>
												<wp:postmeta>
			<wp:meta_key>_wp_attached_file</wp:meta_key>
			<wp:meta_value><![CDATA[2017/06/wood-gallery-placeholder-3.jpg]]></wp:meta_value>
		</wp:postmeta>
						</item>
					<item>
		<title>
				wood-gallery-placeholder-4		</title>
		<link>http://dummy.xtemos.com/woodmart-elementor/demos/home-base/wood-gallery-placeholder-4/</link>
		<pubDate>Wed, 14 Jun 2017 11:33:30 +0000</pubDate>
		<dc:creator><![CDATA[admin]]></dc:creator>
		<guid isPermaLink="false">http://dummy.xtemos.com/woodmart-elementor/demos/wp-content/uploads/sites/2/2017/06/wood-gallery-placeholder-4.jpg</guid>
		<description></description>
		<content:encoded><![CDATA[]]></content:encoded>
		<excerpt:encoded><![CDATA[]]></excerpt:encoded>
		<wp:post_id>81</wp:post_id>
		<wp:post_date>2017-06-14 11:33:30</wp:post_date>
		<wp:post_date_gmt>2017-06-14 11:33:30</wp:post_date_gmt>
		<wp:comment_status>open</wp:comment_status>
		<wp:ping_status>closed</wp:ping_status>
		<wp:post_name>wood-gallery-placeholder-4</wp:post_name>
		<wp:status>inherit</wp:status>
		<wp:post_parent>57</wp:post_parent>
		<wp:menu_order>0</wp:menu_order>
		<wp:post_type>attachment</wp:post_type>
		<wp:post_password></wp:post_password>
		<wp:is_sticky>0</wp:is_sticky>
						<wp:attachment_url>http://dummy.xtemos.com/woodmart-elementor/demos/wp-content/uploads/sites/2/2017/06/wood-gallery-placeholder-4.jpg</wp:attachment_url>
												<wp:postmeta>
			<wp:meta_key>_wp_attached_file</wp:meta_key>
			<wp:meta_value><![CDATA[2017/06/wood-gallery-placeholder-4.jpg]]></wp:meta_value>
		</wp:postmeta>
						</item>
					<item>
		<title>
				wood-portfolio-placeholder		</title>
		<link>http://dummy.xtemos.com/woodmart-elementor/demos/wood-portfolio-placeholder/</link>
		<pubDate>Wed, 14 Jun 2017 14:02:43 +0000</pubDate>
		<dc:creator><![CDATA[admin]]></dc:creator>
		<guid isPermaLink="false">http://dummy.xtemos.com/woodmart-elementor/demos/wp-content/uploads/sites/2/2017/06/wood-portfolio-placeholder.jpg</guid>
		<description></description>
		<content:encoded><![CDATA[]]></content:encoded>
		<excerpt:encoded><![CDATA[]]></excerpt:encoded>
		<wp:post_id>117</wp:post_id>
		<wp:post_date>2017-06-14 14:02:43</wp:post_date>
		<wp:post_date_gmt>2017-06-14 14:02:43</wp:post_date_gmt>
		<wp:comment_status>open</wp:comment_status>
		<wp:ping_status>closed</wp:ping_status>
		<wp:post_name>wood-portfolio-placeholder</wp:post_name>
		<wp:status>inherit</wp:status>
		<wp:post_parent>0</wp:post_parent>
		<wp:menu_order>0</wp:menu_order>
		<wp:post_type>attachment</wp:post_type>
		<wp:post_password></wp:post_password>
		<wp:is_sticky>0</wp:is_sticky>
						<wp:attachment_url>http://dummy.xtemos.com/woodmart-elementor/demos/wp-content/uploads/sites/2/2017/06/wood-portfolio-placeholder.jpg</wp:attachment_url>
												<wp:postmeta>
			<wp:meta_key>_wp_attached_file</wp:meta_key>
			<wp:meta_value><![CDATA[2017/06/wood-portfolio-placeholder.jpg]]></wp:meta_value>
		</wp:postmeta>
						</item>
					<item>
		<title>
				wood-testimonials-placeholder		</title>
		<link>http://dummy.xtemos.com/woodmart-elementor/demos/2017/06/16/the-big-design-wall-likes-pictures/wood-testimonials-placeholder/</link>
		<pubDate>Fri, 16 Jun 2017 07:53:52 +0000</pubDate>
		<dc:creator><![CDATA[admin]]></dc:creator>
		<guid isPermaLink="false">http://dummy.xtemos.com/woodmart-elementor/demos/wp-content/uploads/sites/2/2017/06/wood-testimonials-placeholder.jpg</guid>
		<description></description>
		<content:encoded><![CDATA[]]></content:encoded>
		<excerpt:encoded><![CDATA[]]></excerpt:encoded>
		<wp:post_id>229</wp:post_id>
		<wp:post_date>2017-06-16 07:53:52</wp:post_date>
		<wp:post_date_gmt>2017-06-16 07:53:52</wp:post_date_gmt>
		<wp:comment_status>open</wp:comment_status>
		<wp:ping_status>closed</wp:ping_status>
		<wp:post_name>wood-testimonials-placeholder</wp:post_name>
		<wp:status>inherit</wp:status>
		<wp:post_parent>226</wp:post_parent>
		<wp:menu_order>0</wp:menu_order>
		<wp:post_type>attachment</wp:post_type>
		<wp:post_password></wp:post_password>
		<wp:is_sticky>0</wp:is_sticky>
						<wp:attachment_url>http://dummy.xtemos.com/woodmart-elementor/demos/wp-content/uploads/sites/2/2017/06/wood-testimonials-placeholder.jpg</wp:attachment_url>
												<wp:postmeta>
			<wp:meta_key>_wp_attached_file</wp:meta_key>
			<wp:meta_value><![CDATA[2017/06/wood-testimonials-placeholder.jpg]]></wp:meta_value>
		</wp:postmeta>
						</item>
					<item>
		<title>
				Home Mobile-App		</title>
		<link>http://dummy.xtemos.com/woodmart-elementor/demos/home-mobile-app/</link>
		<pubDate>Tue, 10 Apr 2018 09:30:53 +0000</pubDate>
		<dc:creator><![CDATA[erwin]]></dc:creator>
		<guid isPermaLink="false">http://dummy.xtemos.com/woodmart-elementor/demos/?page_id=1426</guid>
		<description></description>
		<content:encoded><![CDATA[[rev_slider alias="mobile-app"][/rev_slider]		
				<h4>
					Welcome to the <u>Woodmart</u> music.				</h4>
					There are many variations of passages of lorem ipsum available, but the majority have suffered alteration in some form, by injected.				
			<a href="#">
					View more				
							</a>
															

	
	
































											<h4 class="info-box-title box-title-style-default" data-elementor-setting-key="title">
								All the music in your<br />
personal WoodApp library.						</h4>
		<p>If you are going to use a passage of lorem ipsum, you need to be sure there isn't anything embarrassing hidden in the middle of text all the lorem ipsum.</p>		
															

	
	
































											<h4 class="info-box-title box-title-style-default" data-elementor-setting-key="title">
								Experience radio in an<br />
new way with WoodApp.						</h4>
		<p>Ipsum has been the industry's standard dummy text ever since the 1500s, when an unknown printer took a galley of type and scrambled it to make a type.</p>		
															

	
	
































											<h4 class="info-box-title box-title-style-default" data-elementor-setting-key="title">
								Keep track of all<br />
your favorite music tracks.						</h4>
		<p>Many desktop publishing packages and web page editors now use lorem ipsum as their default model text, and a search for ‘lorem ipsum’ will uncover many.</p>		
															

	
	
































											<h4 class="info-box-title box-title-style-default" data-elementor-setting-key="title">
								WoodApp is sure to have something to fit your mood.						</h4>
		<p>Model which looks reasonable. The generated lorem ipsum is therefore always free from repetition, injected humour, or non-characteristic words etc.</p>		
															

	
	
































											<h4 class="info-box-title box-title-style-default" data-elementor-setting-key="title">
								Best way to enjoy<br />
and organize the music.						</h4>
		<p>It was popularised in the 1960s with the release of letraset sheets containing lorem ipsum passages, and more recently with desktop publishing.</p>		
															

	
	
































											<h4 class="info-box-title box-title-style-default" data-elementor-setting-key="title">
								A world of entertainment<br />
available wherever you are.						</h4>
		<p>Making this the first true generator on the internet. It uses a dictionary of over 200 latin words, combined with a handful of model sentence structures.</p>		
										<img src="http://dummy.xtemos.com/woodmart-elementor/demos/wp-content/uploads/sites/2/elementor/thumbs/wood-portfolio-placeholder-oqf427c60aacz4r3l7yaags4pardtg21hwjjuhv7qc.jpg" title="wood-portfolio-placeholder" alt="wood-portfolio-placeholder" />											
				<h4>
					Share <u>favorit</u> music with friends!				</h4>
		<p>Many desktop publishing packages and web page editors now use Lorem Ipsum as their default model text, and a search for lorem ipsum will uncover many web sites still in their infancy. Various versions have evolved over the years, sometimes.</p>		
															1.													
											<h4 class="info-box-title box-title-style-default" data-elementor-setting-key="title">
								Music tracks						</h4>
						<p>Donec sollicitudin molestie libero.</p>
															2.													
											<h4 class="info-box-title box-title-style-default" data-elementor-setting-key="title">
								Personal library						</h4>
						<p>Vestibulum ac diam sit amet.</p>
															3.													
											<h4 class="info-box-title box-title-style-default" data-elementor-setting-key="title">
								Radio stations						</h4>
						<p>Vivamus suscipit tortor posuere.</p>
															4.													
											<h4 class="info-box-title box-title-style-default" data-elementor-setting-key="title">
								Artist biography						</h4>
						<p>Curabitur aliquet quam id dui.</p>
			<a href="#">
					Learn more				
							</a>
			<a href="#">
					Download now				
							</a>
										<img src="http://dummy.xtemos.com/woodmart-elementor/demos/wp-content/uploads/sites/2/elementor/thumbs/wood-portfolio-placeholder-oqf427c60abhwbfo9db7cog5gznsd80eovj7wex5tg.jpg" title="wood-portfolio-placeholder" alt="wood-portfolio-placeholder" />											
				<h4>
					Best way to organize music.				</h4>
		It is a long established fact that a reader will be distracted by the readable content of a page when looking at its layout. The point of using Lorem Ipsum is that it has a more-or-less normal distribution of letters, as opposed to using content here, content here.		
			<a href="#">
					Subscribe now				
							</a>
			<a href="#">
					Get trial				
							</a>
				<h4>
					World famous stars <u>like</u> our app!				</h4>
		<p>Many desktop publishing packages and web page editors now use Lorem Ipsum as their default model text, and a search for lorem ipsum will uncover many web sites still in their infancy various versions have evolved.</p>
			<a href="#">
					Support us				
							</a>
									<a rel="nofollow noopener noreferrer" href="https://www.facebook.com/sharer/sharer.php?u=http://dummy.xtemos.com/woodmart-elementor/demos/home-mobile-app/" target="_blank">
						<i></i>
						Facebook
					</a>
									<a rel="nofollow noopener noreferrer" href="https://twitter.com/share?url=http://dummy.xtemos.com/woodmart-elementor/demos/home-mobile-app/" target="_blank">
						<i></i>
						Twitter
					</a>
									<a rel="nofollow noopener noreferrer" href="https://pinterest.com/pin/create/button/?url=http://dummy.xtemos.com/woodmart-elementor/demos/home-mobile-app/&amp;media=http://dummy.xtemos.com/woodmart-elementor/demos/wp-includes/images/media/default.png&amp;description=Home+Mobile-App" target="_blank">
						<i></i>
						Pinterest
					</a>
									<a rel="nofollow noopener noreferrer" href="https://www.linkedin.com/shareArticle?mini=true&amp;url=http://dummy.xtemos.com/woodmart-elementor/demos/home-mobile-app/" target="_blank">
						<i></i>
						linkedin
					</a>
									<a rel="nofollow noopener noreferrer" href="https://telegram.me/share/url?url=http://dummy.xtemos.com/woodmart-elementor/demos/home-mobile-app/" target="_blank">
						<i></i>
						Telegram
					</a>
										<img width="1200" height="1200" src="http://dummy.xtemos.com/woodmart-elementor/demos/wp-content/uploads/sites/2/2017/06/wood-portfolio-placeholder.jpg" alt="" />											
										<img width="1200" height="1200" src="http://dummy.xtemos.com/woodmart-elementor/demos/wp-content/uploads/sites/2/2017/06/wood-portfolio-placeholder.jpg" alt="" />											
				<h4>
					Share <u>favorit</u><br />
music with friends!				</h4>
		<p>It is a long established fact that a reader will be distracted by the readable content of a page when looking at its layout. The point of using lorem ipsum is that it has a more-or-less normal distribution of letters.</p>
										<img src="http://dummy.xtemos.com/woodmart-elementor/demos/wp-content/uploads/sites/2/elementor/thumbs/wood-portfolio-placeholder-oqf427bz048q3gi24gay08h1n4xgpdkv0pscz6zfsk.jpg" title="wood-portfolio-placeholder" alt="wood-portfolio-placeholder" />											
			<a href="#">
					Read more				
							</a>
				<h4>
					High-quality live audio stream.				</h4>
		<p>Many desktop publishing packages and web page editors now use Lorem Ipsum as their default model text, and a search for lorem ipsum will uncover many web sites still in their infancy. Various versions have evolved over the years, sometimes.</p>
															30+													
											<h4 class="info-box-title box-title-style-default" data-elementor-setting-key="title">
								Song charts						</h4>
						<p>Donec sollicitudin moles libero.</p>
															340+													
											<h4 class="info-box-title box-title-style-default" data-elementor-setting-key="title">
								Music genres						</h4>
						<p>Vestibulum ac diam sit amet.</p>
															1200+													
											<h4 class="info-box-title box-title-style-default" data-elementor-setting-key="title">
								Radio stream						</h4>
						<p>Vivamus suscipit tortor posue.</p>
			<a href="#">
					View more				
							</a>
			<a href="#">
					Latest updates				
							</a>
										<img src="http://dummy.xtemos.com/woodmart-elementor/demos/wp-content/uploads/sites/2/elementor/thumbs/wood-portfolio-placeholder-oqf427c71k8rduchi80bk0yq76w2ejt7wfy41q8vpq.jpg" title="wood-portfolio-placeholder" alt="wood-portfolio-placeholder" />											
					It is better to try yourself				
				<h4>
					WoodApp showcase				</h4>
					The generated lorem ipsum is therefore always free from repetition, injected humour, or non-characteristic words etc.				
							<img src="http://dummy.xtemos.com/woodmart-elementor/demos/wp-content/uploads/sites/2/2017/06/wood-gallery-placeholder-5.jpg">							
							<img src="http://dummy.xtemos.com/woodmart-elementor/demos/wp-content/uploads/sites/2/2017/06/wood-gallery-placeholder.jpg">							
							<img src="http://dummy.xtemos.com/woodmart-elementor/demos/wp-content/uploads/sites/2/2017/06/wood-gallery-placeholder-2.jpg">							
							<img src="http://dummy.xtemos.com/woodmart-elementor/demos/wp-content/uploads/sites/2/2017/06/wood-gallery-placeholder-3.jpg">							
							<img src="http://dummy.xtemos.com/woodmart-elementor/demos/wp-content/uploads/sites/2/2017/06/wood-gallery-placeholder-4.jpg">							
							<img src="http://dummy.xtemos.com/woodmart-elementor/demos/wp-content/uploads/sites/2/2017/06/wood-portfolio-placeholder.jpg">							
		https://vimeo.com/235215203		
				<h4>
					Support us on <u>KickStarter</u>				</h4>
					Many desktop publishing packages and web page editors now use lorem ipsum.				
				CAMPAIGN PROGRESS 84.000$
									84%
															$84k													
											<h4 class="info-box-title box-title-style-default" data-elementor-setting-key="title">
								Collected						</h4>
															301													
											<h4 class="info-box-title box-title-style-default" data-elementor-setting-key="title">
								Backers						</h4>
															47													
											<h4 class="info-box-title box-title-style-default" data-elementor-setting-key="title">
								Days to go						</h4>
			<a href="#">
					Join now				
							</a>
			<a href="#">
					Check timeline				
							</a>
					Check out our latest				
				<h4>
					Subscriber reviews				</h4>
					The generated lorem ipsum is therefore always free from repetition, injected humour, or non-characteristic words etc.				
									<img src="http://dummy.xtemos.com/woodmart-elementor/demos/wp-content/uploads/sites/2/2017/06/wood-testimonials-placeholder.jpg">								
								There are many variations of passages of Lorem Ipsum available, but the majority have suffered alteration in some form.								
								<footer>
									Sara Rogers
											Google Inc.										
																	</footer>
									<img src="http://dummy.xtemos.com/woodmart-elementor/demos/wp-content/uploads/sites/2/2017/06/wood-testimonials-placeholder.jpg">								
								All the lorem ipsum generators on the Internet tend to repeat predefined chunks as necessary, making this the first true.								
								<footer>
									Sara Rogers
											Google Inc.										
																	</footer>
									<img src="http://dummy.xtemos.com/woodmart-elementor/demos/wp-content/uploads/sites/2/2017/06/wood-testimonials-placeholder.jpg">								
								Popular belief, lorem ipsum is not simply random text. It has roots in a piece of classical Latin literature from 45 BC, making.								
								<footer>
									Sara Rogers
											Google Inc.										
																	</footer>
									<img src="http://dummy.xtemos.com/woodmart-elementor/demos/wp-content/uploads/sites/2/2017/06/wood-testimonials-placeholder.jpg">								
								Desktop publishing packages and webpage editors now use Lorem Ipsum as their default model text, and a search for lorem.								
								<footer>
									Sara Rogers
											Google Inc.										
																	</footer>
			<a href="#popup-5ef4b961eca9a">
					Leave a review				
							</a>
					.elementor-317 .elementor-element.elementor-element-7acb3ea{margin:-30px -30px -30px -30px;}.elementor-317 .elementor-element.elementor-element-20a13b1 &gt; .elementor-element-populated{padding:30px 30px 15px 40px;}.elementor-317 .elementor-element.elementor-element-a6ff6ff:not(.elementor-motion-effects-element-type-background) &gt; .elementor-column-wrap, .elementor-317 .elementor-element.elementor-element-a6ff6ff &gt; .elementor-column-wrap &gt; .elementor-motion-effects-container &gt; .elementor-motion-effects-layer{background-color:#333333;}.elementor-317 .elementor-element.elementor-element-a6ff6ff &gt; .elementor-element-populated{transition:background 0.3s, border 0.3s, border-radius 0.3s, box-shadow 0.3s;padding:30px 30px 30px 30px;}.elementor-317 .elementor-element.elementor-element-a6ff6ff &gt; .elementor-element-populated &gt; .elementor-background-overlay{transition:background 0.3s, border-radius 0.3s, opacity 0.3s;}.elementor-317 .elementor-element.elementor-element-8e43a39 .info-box-inner{color:rgba(255, 255, 255, 0.8);}.elementor-317 .elementor-element.elementor-element-6595ae1 .info-box-inner{color:rgba(255, 255, 255, 0.8);}.elementor-317 .elementor-element.elementor-element-722a453 .info-box-inner{color:rgba(255, 255, 255, 0.8);}.elementor-317 .elementor-element.elementor-element-4a52beb{--divider-border-style:solid;--divider-border-color:rgba(255, 255, 255, 0.15);--divider-border-width:1px;}.elementor-317 .elementor-element.elementor-element-4a52beb .elementor-divider-separator{width:100%;}.elementor-317 .elementor-element.elementor-element-4a52beb .elementor-divider{padding-top:15px;padding-bottom:15px;}@media(max-width:1024px){.elementor-317 .elementor-element.elementor-element-20a13b1 &gt; .elementor-element-populated{padding:30px 30px 15px 30px;}}@media(min-width:768px){.elementor-317 .elementor-element.elementor-element-20a13b1{width:66.981%;}.elementor-317 .elementor-element.elementor-element-a6ff6ff{width:32.98%;}}@media(max-width:1024px) and (min-width:768px){.elementor-317 .elementor-element.elementor-element-20a13b1{width:100%;}.elementor-317 .elementor-element.elementor-element-a6ff6ff{width:100%;}}		
							<section data-id="7acb3ea">
				<h4>
					SEND US A MESSAGE				</h4>






<label>Your Name</label>
<label>Your Email</label>
<label>Phone Number</label>
<label>Company</label>
<p><label>Your Message</label><textarea name="your-message" cols="40" rows="10"></textarea></p>
<p></p>
		
				<h4>
					CONTACT INFORMATION				</h4>
															

	
	
































						<p>50 East 52nd Street<br />Brooklyn, NY 10022<br />United States</p>
															

	
	
































						<p>+1322224332<br />+4643758533</p>
															

	
	
































						<p>info@google.com<br />support@google.com</p>
					<p>Do you have questions about how we can help your company? Send us an email and we’ll get in touch shortly.</p>
									<a rel="nofollow noopener noreferrer" href="https://www.facebook.com/sharer/sharer.php?u=http://dummy.xtemos.com/woodmart-elementor/demos/home-mobile-app/" target="_blank">
						<i></i>
						Facebook
					</a>
									<a rel="nofollow noopener noreferrer" href="https://twitter.com/share?url=http://dummy.xtemos.com/woodmart-elementor/demos/home-mobile-app/" target="_blank">
						<i></i>
						Twitter
					</a>
									<a rel="nofollow noopener noreferrer" href="https://pinterest.com/pin/create/button/?url=http://dummy.xtemos.com/woodmart-elementor/demos/home-mobile-app/&amp;media=http://dummy.xtemos.com/woodmart-elementor/demos/wp-includes/images/media/default.png&amp;description=Home+Mobile-App" target="_blank">
						<i></i>
						Pinterest
					</a>
									<a rel="nofollow noopener noreferrer" href="https://www.linkedin.com/shareArticle?mini=true&amp;url=http://dummy.xtemos.com/woodmart-elementor/demos/home-mobile-app/" target="_blank">
						<i></i>
						linkedin
					</a>
									<a rel="nofollow noopener noreferrer" href="https://telegram.me/share/url?url=http://dummy.xtemos.com/woodmart-elementor/demos/home-mobile-app/" target="_blank">
						<i></i>
						Telegram
					</a>
		</section>
					Use your last chance to get a WoodApp subscription for free.				
				<h4>
					Download the application now and get a <u>FREE</u> subscription month!				</h4>
										<img src="http://dummy.xtemos.com/woodmart-elementor/demos/wp-content/uploads/sites/2/2018/04/download-google-store-2.svg" alt="" height="40" width="135.1" />											
										<img src="http://dummy.xtemos.com/woodmart-elementor/demos/wp-content/uploads/sites/2/2018/04/download-google-store-2.svg" alt="" height="40" width="135.1" />]]></content:encoded>
		<excerpt:encoded><![CDATA[]]></excerpt:encoded>
		<wp:post_id>1426</wp:post_id>
		<wp:post_date>2018-04-10 09:30:53</wp:post_date>
		<wp:post_date_gmt>2018-04-10 09:30:53</wp:post_date_gmt>
		<wp:comment_status>closed</wp:comment_status>
		<wp:ping_status>closed</wp:ping_status>
		<wp:post_name>home-mobile-app</wp:post_name>
		<wp:status>publish</wp:status>
		<wp:post_parent>0</wp:post_parent>
		<wp:menu_order>0</wp:menu_order>
		<wp:post_type>page</wp:post_type>
		<wp:post_password></wp:post_password>
		<wp:is_sticky>0</wp:is_sticky>
														<wp:postmeta>
			<wp:meta_key>_wp_page_template</wp:meta_key>
			<wp:meta_value><![CDATA[default]]></wp:meta_value>
		</wp:postmeta>
							<wp:postmeta>
			<wp:meta_key>_woodmart_whb_header</wp:meta_key>
			<wp:meta_value><![CDATA[header_690502]]></wp:meta_value>
		</wp:postmeta>
							<wp:postmeta>
			<wp:meta_key>_woodmart_main_layout</wp:meta_key>
			<wp:meta_value><![CDATA[full-width]]></wp:meta_value>
		</wp:postmeta>
							<wp:postmeta>
			<wp:meta_key>_woodmart_title_off</wp:meta_key>
			<wp:meta_value><![CDATA[on]]></wp:meta_value>
		</wp:postmeta>
							<wp:postmeta>
			<wp:meta_key>_woodmart_prefooter_off</wp:meta_key>
			<wp:meta_value><![CDATA[on]]></wp:meta_value>
		</wp:postmeta>
							<wp:postmeta>
			<wp:meta_key>_oembed_71ae0db7f6e61ffd19b757ea6a0c207c</wp:meta_key>
			<wp:meta_value><![CDATA[<iframe src="https://player.vimeo.com/video/51589652?app_id=122963" width="500" height="281" frameborder="0" title="Timelapse - Lighthouse (Oct 2012)" webkitallowfullscreen mozallowfullscreen allowfullscreen></iframe>]]></wp:meta_value>
		</wp:postmeta>
							<wp:postmeta>
			<wp:meta_key>_oembed_time_71ae0db7f6e61ffd19b757ea6a0c207c</wp:meta_key>
			<wp:meta_value><![CDATA[1523352666]]></wp:meta_value>
		</wp:postmeta>
							<wp:postmeta>
			<wp:meta_key>_elementor_data</wp:meta_key>
			<wp:meta_value><![CDATA[[{"id":"8251389","elType":"section","settings":{"wd_section_stretch":"stretch-content","gap":"no","shape_divider_bottom":"wd_curved_line","shape_divider_bottom_height":{"unit":"px","size":"70","sizes":[]},"shape_divider_bottom_above_content":"yes","margin":{"unit":"px","top":"0","right":"0","bottom":"55","left":"0","isLinked":""},"padding":{"unit":"px","top":"0","right":"0","bottom":"0","left":"0","isLinked":"1"}},"elements":[{"id":"5846784","elType":"column","settings":{"_column_size":"100","column_sticky_offset":"50","scroll_y":"-80"},"elements":[{"id":"1716459","elType":"widget","settings":{"shortcode":"[rev_slider alias=\"mobile-app\"][\/rev_slider]","revslidertitle":"mobile-app","scroll_y":"-80"},"elements":[],"widgetType":"slider_revolution"}],"isInner":""}],"isInner":""},{"id":"494909","elType":"section","settings":{"structure":"20","margin":{"unit":"px","top":"0","right":"0","bottom":"55","left":"0","isLinked":""}},"elements":[{"id":"5594304","elType":"column","settings":{"_column_size":"100","column_sticky_offset":"50","scroll_y":"-80","_inline_size":"33.581","_inline_size_tablet":"100","margin_tablet":{"unit":"px","top":"0","right":"0","bottom":"50","left":"0","isLinked":""}},"elements":[{"id":"9827d6c","elType":"widget","settings":{"subtitle":"","title":"Welcome to the <u>Woodmart<\/u> music.","after_title":"<p>There are many variations of passages of lorem ipsum available, but the majority have suffered alteration in some form, by injected.<\/p>","align":"left","size":"large","title_typography_typography":"custom","title_typography_font_size":{"unit":"px","size":"40","sizes":[]},"title_typography_line_height":{"unit":"px","size":"","sizes":[]},"scroll_y":"-80","title_typography_font_size_tablet":{"unit":"px","size":"35","sizes":[]},"title_typography_font_size_mobile":{"unit":"px","size":"28","sizes":[]},"title_decoration_style":"colored"},"elements":[],"widgetType":"wd_title"},{"id":"2667771","elType":"widget","settings":{"color":"primary","style":"round","align":"left","text":"View more","scroll_y":"-80"},"elements":[],"widgetType":"wd_button"}],"isInner":""},{"id":"3640268","elType":"column","settings":{"_column_size":"100","column_sticky_offset":"50","scroll_y":"-80","_inline_size":"66.977","_inline_size_tablet":"100","space_between_widgets":"0"},"elements":[{"id":"1bfac2d","elType":"section","settings":{"structure":"20","margin":{"unit":"px","top":"0","right":"0","bottom":"40","left":"0","isLinked":""}},"elements":[{"id":"3fcbc7e","elType":"column","settings":{"_column_size":"50","column_sticky_offset":"50","scroll_y":"-80","space_between_widgets":"20"},"elements":[{"id":"4217612","elType":"widget","settings":{"icon_type":"icon","alignment":"left","btn_text":"","image_size":"custom","subtitle":"","title":"All the music in your\npersonal WoodApp library.","btn_position":"hover","image":{"id":"46","url":"#"},"image_alignment":"left","image_custom_dimension":{"width":"55","height":"55"},"icon_text":"53","scroll_y":"-80","content":""},"elements":[],"widgetType":"wd_infobox"},{"id":"dbc82d5","elType":"widget","settings":{"editor":"<p>If you are going to use a passage of lorem ipsum, you need to be sure there isn't anything embarrassing hidden in the middle of text all the lorem ipsum.<\/p>","_margin_mobile":{"unit":"px","top":"0","right":"0","bottom":"20","left":"0","isLinked":""},"scroll_y":"-80"},"elements":[],"widgetType":"text-editor"}],"isInner":"1"},{"id":"d5b3e42","elType":"column","settings":{"_column_size":"50","column_sticky_offset":"50","scroll_y":"-80","space_between_widgets":"20"},"elements":[{"id":"6370436","elType":"widget","settings":{"icon_type":"icon","alignment":"left","btn_text":"","image_size":"custom","subtitle":"","title":"Experience radio in an\nnew way with WoodApp.","btn_position":"hover","image":{"id":"46","url":"#"},"image_alignment":"left","image_custom_dimension":{"width":"55","height":"55"},"icon_text":"53","scroll_y":"-80","content":""},"elements":[],"widgetType":"wd_infobox"},{"id":"e939640","elType":"widget","settings":{"editor":"<p>Ipsum has been the industry's standard dummy text ever since the 1500s, when an unknown printer took a galley of type and scrambled it to make a type.<\/p>","scroll_y":"-80"},"elements":[],"widgetType":"text-editor"}],"isInner":"1"}],"isInner":"1"},{"id":"fbfcfa6","elType":"section","settings":{"structure":"20","margin":{"unit":"px","top":"0","right":"0","bottom":"40","left":"0","isLinked":""}},"elements":[{"id":"ab16e72","elType":"column","settings":{"_column_size":"50","column_sticky_offset":"50","scroll_y":"-80","space_between_widgets":"20"},"elements":[{"id":"9622955","elType":"widget","settings":{"icon_type":"icon","alignment":"left","btn_text":"","image_size":"custom","subtitle":"","title":"Keep track of all\nyour favorite music tracks.","btn_position":"hover","image":{"id":"46","url":"#"},"image_alignment":"left","image_custom_dimension":{"width":"55","height":"55"},"icon_text":"53","scroll_y":"-80","content":""},"elements":[],"widgetType":"wd_infobox"},{"id":"edde7ae","elType":"widget","settings":{"editor":"<p>Many desktop publishing packages and web page editors now use lorem ipsum as their default model text, and a search for \u2018lorem ipsum\u2019 will uncover many.<\/p>","_margin_mobile":{"unit":"px","top":"0","right":"0","bottom":"20","left":"0","isLinked":""},"scroll_y":"-80"},"elements":[],"widgetType":"text-editor"}],"isInner":"1"},{"id":"efcda3c","elType":"column","settings":{"_column_size":"50","column_sticky_offset":"50","scroll_y":"-80","space_between_widgets":"20"},"elements":[{"id":"4892817","elType":"widget","settings":{"icon_type":"icon","alignment":"left","btn_text":"","image_size":"custom","subtitle":"","title":"WoodApp is sure to have something to fit your mood.","btn_position":"hover","image":{"id":"46","url":"#"},"image_alignment":"left","image_custom_dimension":{"width":"55","height":"55"},"icon_text":"53","scroll_y":"-80","content":""},"elements":[],"widgetType":"wd_infobox"},{"id":"c98f4d6","elType":"widget","settings":{"editor":"<p>Model which looks reasonable. The generated lorem ipsum is therefore always free from repetition, injected humour, or non-characteristic words etc.<\/p>","scroll_y":"-80"},"elements":[],"widgetType":"text-editor"}],"isInner":"1"}],"isInner":"1"},{"id":"3627b17","elType":"section","settings":{"structure":"20"},"elements":[{"id":"5dcd89e","elType":"column","settings":{"_column_size":"50","column_sticky_offset":"50","scroll_y":"-80","space_between_widgets":"20"},"elements":[{"id":"5474444","elType":"widget","settings":{"icon_type":"icon","alignment":"left","btn_text":"","image_size":"custom","subtitle":"","title":"Best way to enjoy\nand organize the music.","btn_position":"hover","image":{"id":"46","url":"#"},"image_alignment":"left","image_custom_dimension":{"width":"55","height":"55"},"icon_text":"53","scroll_y":"-80","content":""},"elements":[],"widgetType":"wd_infobox"},{"id":"d303067","elType":"widget","settings":{"editor":"<p>It was popularised in the 1960s with the release of letraset sheets containing lorem ipsum passages, and more recently with desktop publishing.<\/p>","_margin_mobile":{"unit":"px","top":"0","right":"0","bottom":"20","left":"0","isLinked":""},"scroll_y":"-80"},"elements":[],"widgetType":"text-editor"}],"isInner":"1"},{"id":"c225a55","elType":"column","settings":{"_column_size":"50","column_sticky_offset":"50","scroll_y":"-80","space_between_widgets":"20"},"elements":[{"id":"7107377","elType":"widget","settings":{"icon_type":"icon","alignment":"left","btn_text":"","image_size":"custom","subtitle":"","title":"A world of entertainment\navailable wherever you are.","btn_position":"hover","image":{"id":"46","url":"#"},"image_alignment":"left","image_custom_dimension":{"width":"55","height":"55"},"icon_text":"53","scroll_y":"-80","content":""},"elements":[],"widgetType":"wd_infobox"},{"id":"cb35025","elType":"widget","settings":{"editor":"<p>Making this the first true generator on the internet. It uses a dictionary of over 200 latin words, combined with a handful of model sentence structures.<\/p>","scroll_y":"-80"},"elements":[],"widgetType":"text-editor"}],"isInner":"1"}],"isInner":"1"}],"isInner":""}],"isInner":""},{"id":"680567","elType":"section","settings":{"content_position":"middle","structure":"20","gap":"no","wd_section_stretch":"stretch-content","background_background":"classic","background_color":"#F6F6F6","shape_divider_top":"wd_curved_line","shape_divider_top_color":"#FFFFFF","shape_divider_top_height":{"unit":"px","size":"70","sizes":[]},"padding":{"unit":"px","top":"120","right":"0","bottom":"75","left":"0","isLinked":""},"margin_tablet":{"unit":"px","top":"0","right":"0","bottom":"0","left":"0","isLinked":"1"},"padding_tablet":{"unit":"px","top":"120","right":"0","bottom":"25","left":"0","isLinked":""},"padding_mobile":{"unit":"px","top":"140","right":"0","bottom":"25","left":"0","isLinked":""}},"elements":[{"id":"6496823","elType":"column","settings":{"_column_size":"100","column_sticky_offset":"50","scroll_y":"-80"},"elements":[{"id":"5699278","elType":"widget","settings":{"align":"left","image_size":"custom","image":{"id":"117","url":"#"},"image_custom_dimension":{"width":"850","height":"650"},"parallax_scroll":"yes","scroll_x":"0","scroll_y":"-40","scroll_z":"0","scroll_smooth":"30","_margin":{"unit":"px","top":"0","right":"0","bottom":"-80","left":"0","isLinked":""},"element_parallax":"parallax-on-scroll","_margin_tablet":{"unit":"px","top":"0","right":"0","bottom":"30","left":"0","isLinked":""}},"elements":[],"widgetType":"image"}],"isInner":""},{"id":"3317453","elType":"column","settings":{"_column_size":"100","column_sticky_offset":"50","scroll_y":"-80","padding":{"unit":"%","top":"10","right":"8","bottom":"10","left":"10","isLinked":""},"padding_tablet":{"unit":"%","top":"7","right":"10","bottom":"7","left":"10","isLinked":""},"padding_mobile":{"unit":"px","top":"15","right":"15","bottom":"15","left":"15","isLinked":""}},"elements":[{"id":"dd7c709","elType":"widget","settings":{"subtitle":"","title":"Share <u>favorit<\/u> music with friends!","after_title":"","align":"left","size":"extra-large","title_typography_typography":"custom","title_typography_font_size":{"unit":"px","size":"52","sizes":[]},"title_typography_line_height":{"unit":"px","size":"","sizes":[]},"scroll_y":"-80","width":{"unit":"%","size":"77","sizes":[]},"width_tablet":{"unit":"%","size":"65","sizes":[]},"width_mobile":{"unit":"%","size":"100","sizes":[]},"title_typography_font_size_tablet":{"unit":"px","size":"36","sizes":[]},"title_typography_font_size_mobile":{"unit":"px","size":"28","sizes":[]},"title_decoration_style":"colored"},"elements":[],"widgetType":"wd_title"},{"id":"768ef59","elType":"widget","settings":{"typography_typography":"custom","font":"text","size":"custom","wd_content_width":{"size":"90","unit":"%"},"color_scheme":"custom","typography_font_size":{"unit":"px","size":"16"},"typography_font_size_tablet":{"unit":"px","size":"16"},"typography_font_size_mobile":{"unit":"px","size":"14"},"editor":"<p>Many desktop publishing packages and web page editors now use Lorem Ipsum as their default model text, and a search for lorem ipsum will uncover many web sites still in their infancy. Various versions have evolved over the years, sometimes.<\/p>","scroll_y":"-80","_margin":{"unit":"px","top":"0","right":"0","bottom":"10","left":"0","isLinked":""}},"elements":[],"widgetType":"text-editor"},{"id":"545458","elType":"section","settings":{"content_position":"top","structure":"20","margin":{"unit":"px","top":"0","right":"0","bottom":"10","left":"0","isLinked":""}},"elements":[{"id":"2493128","elType":"column","settings":{"_column_size":"50","column_sticky_offset":"50","scroll_y":"-80"},"elements":[{"id":"8223921","elType":"widget","settings":{"alignment":"left","btn_text":"","image_size":"custom","subtitle":"","title":"Music tracks","btn_position":"hover","image_alignment":"left","icon_text":"1.","content":"Donec sollicitudin molestie\u00a0libero.","scroll_y":"-80"},"elements":[],"widgetType":"wd_infobox"}],"isInner":"1"},{"id":"2211702","elType":"column","settings":{"_column_size":"50","column_sticky_offset":"50","scroll_y":"-80"},"elements":[{"id":"8147266","elType":"widget","settings":{"alignment":"left","btn_text":"","image_size":"custom","subtitle":"","title":"Personal library","btn_position":"hover","image_alignment":"left","icon_text":"2.","content":"Vestibulum ac diam sit amet.","scroll_y":"-80"},"elements":[],"widgetType":"wd_infobox"}],"isInner":""}],"isInner":"1"},{"id":"26fbfc9","elType":"section","settings":{"content_position":"top","structure":"20","margin":{"unit":"px","top":"0","right":"0","bottom":"25","left":"0","isLinked":""}},"elements":[{"id":"1383945","elType":"column","settings":{"_column_size":"50","column_sticky_offset":"50","scroll_y":"-80"},"elements":[{"id":"0c69a2b","elType":"widget","settings":{"alignment":"left","btn_text":"","image_size":"custom","subtitle":"","title":"Radio stations","btn_position":"hover","image_alignment":"left","icon_text":"3.","content":"Vivamus suscipit tortor posuere.","scroll_y":"-80"},"elements":[],"widgetType":"wd_infobox"}],"isInner":""},{"id":"a523577","elType":"column","settings":{"_column_size":"50","column_sticky_offset":"50","scroll_y":"-80"},"elements":[{"id":"579e4bf","elType":"widget","settings":{"alignment":"left","btn_text":"","image_size":"custom","subtitle":"","title":"Artist biography","btn_position":"hover","image_alignment":"left","icon_text":"4.","content":"Curabitur aliquet quam id dui.","scroll_y":"-80"},"elements":[],"widgetType":"wd_infobox"}],"isInner":""}],"isInner":"1"},{"id":"5344092","elType":"widget","settings":{"color":"primary","style":"round","size":"large","_element_width":"auto","text":"Learn more","scroll_y":"-80","_margin":{"unit":"px","top":"0","right":"15","bottom":"10","left":"0","isLinked":""}},"elements":[],"widgetType":"wd_button"},{"id":"1062478","elType":"widget","settings":{"color":"black","style":"bordered","shape":"round","size":"large","_element_width":"auto","text":"Download now","scroll_y":"-80","_margin":{"unit":"px","top":"0","right":"0","bottom":"10","left":"0","isLinked":""}},"elements":[],"widgetType":"wd_button"}],"isInner":""}],"isInner":""},{"id":"4612038","elType":"section","settings":{"content_position":"middle","structure":"20","gap":"no","overflow":"hidden","wd_section_stretch":"stretch-content","background_background":"gradient","background_color":"#B3315F","background_color_b":"#FFAA85","background_gradient_angle":{"unit":"deg","size":"270","sizes":[]},"shape_divider_top":"wd_curved_line","shape_divider_top_color":"#F6F6F6","shape_divider_top_height":{"unit":"px","size":"70","sizes":[]},"shape_divider_top_above_content":"yes","shape_divider_bottom":"wd_curved_line","shape_divider_bottom_height":{"unit":"px","size":"70","sizes":[]},"shape_divider_bottom_above_content":"yes","margin":{"unit":"px","top":"0","right":"0","bottom":"50","left":"0","isLinked":""},"padding":{"unit":"px","top":"80","right":"0","bottom":"80","left":"0","isLinked":""},"padding_tablet":{"unit":"px","top":"60","right":"15","bottom":"60","left":"15","isLinked":""}},"elements":[{"id":"1230687","elType":"column","settings":{"_column_size":"100","column_sticky_offset":"50","scroll_y":"-80"},"elements":[{"id":"7024328","elType":"widget","settings":{"align":"center","image_size":"custom","image":{"id":"117","url":"#"},"image_custom_dimension":{"width":"850","height":"850"},"parallax_scroll":"yes","scroll_x":"0","scroll_y":"-40","scroll_z":"0","scroll_smooth":"30","_margin":{"unit":"px","top":"-40","right":"0","bottom":"-180","left":"0","isLinked":""},"element_parallax":"parallax-on-scroll","_margin_tablet":{"unit":"px","top":"0","right":"0","bottom":"0","left":"0","isLinked":"1"},"_margin_mobile":{"unit":"px","top":"0","right":"0","bottom":"40","left":"0","isLinked":""}},"elements":[],"widgetType":"image"}],"isInner":""},{"id":"3048452","elType":"column","settings":{"_column_size":"100","column_sticky_offset":"50","scroll_y":"-80","padding":{"unit":"%","top":"8","right":"10","bottom":"8","left":"10","isLinked":""},"padding_mobile":{"unit":"px","top":"0","right":"0","bottom":"45","left":"0","isLinked":""}},"elements":[{"id":"06840d1","elType":"widget","settings":{"subtitle":"","title":"Best way to organize music.","after_title":"","align":"left","width":{"unit":"%","size":"85","sizes":[]},"size":"extra-large","color":"white","title_typography_typography":"custom","title_typography_font_size":{"unit":"px","size":"62","sizes":[]},"title_typography_line_height":{"unit":"px","size":"","sizes":[]},"scroll_y":"-80","title_typography_font_size_tablet":{"unit":"px","size":"45","sizes":[]},"title_typography_font_size_mobile":{"unit":"px","size":"28","sizes":[]}},"elements":[],"widgetType":"wd_title"},{"id":"9075372","elType":"widget","settings":{"typography_typography":"custom","font":"text","size":"custom","wd_content_width":{"size":"90","unit":"%"},"color_scheme":"custom","typography_font_size":{"unit":"px","size":"16"},"typography_font_size_tablet":{"unit":"px","size":"16"},"typography_font_size_mobile":{"unit":"px","size":"14"},"text_color":"rgba(255,255,255,0.8)","editor":"It is a long established fact that a reader will be distracted by the readable content of a page when looking at its layout. The point of using Lorem Ipsum is that it has a more-or-less normal distribution of letters, as opposed to using content here, content here.","scroll_y":"-80","_margin":{"unit":"px","top":"0","right":"0","bottom":"10","left":"0","isLinked":""}},"elements":[],"widgetType":"text-editor"},{"id":"8297618","elType":"widget","settings":{"woodmart_color_scheme":"light","size":"xlarge","align":"left","style":"transparent","date":"2021-06-01 00:00","scroll_y":"-80"},"elements":[],"widgetType":"wd_countdown_timer"},{"id":"9040398","elType":"widget","settings":{"color":"primary","shape":"round","size":"large","_element_width":"auto","text":"Subscribe now","scroll_y":"-80","_margin":{"unit":"px","top":"0","right":"15","bottom":"10","left":"0","isLinked":""}},"elements":[],"widgetType":"wd_button"},{"id":"7458664","elType":"widget","settings":{"color":"white","style":"bordered","shape":"round","size":"large","_element_width":"auto","text":"Get trial","scroll_y":"-80","_margin":{"unit":"px","top":"0","right":"0","bottom":"10","left":"0","isLinked":""}},"elements":[],"widgetType":"wd_button"}],"isInner":""}],"isInner":""},{"id":"1778100","elType":"section","settings":{"content_position":"middle","row_reverse_mobile":"1","structure":"20","gap":"extended","margin_mobile":{"unit":"px","top":"0","right":"0","bottom":"30","left":"0","isLinked":""},"reverse_order_tablet":"reverse-tablet","reverse_order_mobile":"reverse-mobile"},"elements":[{"id":"5249879","elType":"column","settings":{"_column_size":"50","column_sticky_offset":"50","scroll_y":"-80","_inline_size_tablet":"100"},"elements":[{"id":"6a1b162","elType":"widget","settings":{"subtitle":"","title":"World famous stars <u>like<\/u> our app!","after_title":"","align":"left","width":{"unit":"%","size":"76","sizes":[]},"size":"extra-large","title_typography_typography":"custom","title_typography_font_size":{"unit":"px","size":"45","sizes":[]},"title_typography_line_height":{"unit":"px","size":"","sizes":[]},"scroll_y":"-80","width_tablet":{"unit":"%","size":"100","sizes":[]},"title_typography_font_size_tablet":{"unit":"px","size":"36","sizes":[]},"title_typography_font_size_mobile":{"unit":"px","size":"28","sizes":[]},"title_decoration_style":"colored"},"elements":[],"widgetType":"wd_title"},{"id":"7777218","elType":"widget","settings":{"typography_typography":"custom","align":"left","el_class":"text-larger","editor":"<p>Many desktop publishing packages and web page editors now use Lorem Ipsum as their default model text, and a search for lorem ipsum will uncover many web sites still in their infancy various versions have evolved.<\/p>\n","scroll_y":"-80","_css_classes":"text-larger"},"elements":[],"widgetType":"text-editor"},{"id":"3683920","elType":"section","settings":{"content_position":"middle","structure":"20"},"elements":[{"id":"1447203","elType":"column","settings":{"_column_size":"33","column_sticky_offset":"50","scroll_y":"-80"},"elements":[{"id":"431545","elType":"widget","settings":{"color":"primary","style":"round","align":"left","text":"Support us","scroll_y":"-80"},"elements":[],"widgetType":"wd_button"}],"isInner":"1"},{"id":"737824","elType":"column","settings":{"_column_size":"66","column_sticky_offset":"50","scroll_y":"-80"},"elements":[{"id":"3090865","elType":"widget","settings":{"size":"small","style":"bordered","align":"right","scroll_y":"-80"},"elements":[],"widgetType":"wd_social_buttons"}],"isInner":""}],"isInner":"1"}],"isInner":""},{"id":"3313250","elType":"column","settings":{"_column_size":"50","column_sticky_offset":"50","scroll_y":"-80","_inline_size_tablet":"100"},"elements":[{"id":"172717","elType":"widget","settings":{"align":"left","image_size":"full","image":{"id":"117","url":"#"},"image_custom_dimension":[],"parallax_scroll":"yes","scroll_x":"0","scroll_y":"-40","scroll_z":"0","scroll_smooth":"30","element_parallax":"parallax-on-scroll"},"elements":[],"widgetType":"image"}],"isInner":""}],"isInner":""},{"id":"9001294","elType":"section","settings":{"content_position":"middle","structure":"20","gap":"extended","margin_tablet":{"unit":"px","top":"0","right":"0","bottom":"30","left":"0","isLinked":""}},"elements":[{"id":"8711226","elType":"column","settings":{"_column_size":"50","column_sticky_offset":"50","scroll_y":"-80","_inline_size_tablet":"100"},"elements":[{"id":"5496036","elType":"widget","settings":{"align":"left","image_size":"full","image":{"id":"117","url":"#"},"image_custom_dimension":[],"parallax_scroll":"yes","scroll_x":"0","scroll_y":"-40","scroll_z":"0","element_parallax":"parallax-on-scroll"},"elements":[],"widgetType":"image"}],"isInner":""},{"id":"3817860","elType":"column","settings":{"_column_size":"50","column_sticky_offset":"50","scroll_y":"-80","_inline_size_tablet":"100"},"elements":[{"id":"c62facd","elType":"widget","settings":{"subtitle":"","title":"Share <u>favorit<\/u>\nmusic with friends!","after_title":"","align":"left","width":{"unit":"%","size":"75","sizes":[]},"size":"extra-large","title_typography_typography":"custom","title_typography_font_size":{"unit":"px","size":"45","sizes":[]},"title_typography_line_height":{"unit":"px","size":"","sizes":[]},"scroll_y":"-80","width_tablet":{"unit":"%","size":"100","sizes":[]},"title_typography_font_size_tablet":{"unit":"px","size":"36","sizes":[]},"title_typography_font_size_mobile":{"unit":"px","size":"28","sizes":[]},"title_decoration_style":"colored"},"elements":[],"widgetType":"wd_title"},{"id":"2210534","elType":"widget","settings":{"typography_typography":"custom","align":"left","el_class":"text-larger","editor":"<p>It is a long established fact that a reader will be distracted by the readable content of a page when looking at its layout. The point of using lorem ipsum is that it has a more-or-less normal distribution of letters.<\/p>\n","scroll_y":"-80","_css_classes":"text-larger"},"elements":[],"widgetType":"text-editor"},{"id":"9589162","elType":"widget","settings":{"align":"left","image_size":"custom","image":{"id":"117","url":"#"},"image_custom_dimension":{"width":"275","height":"50"},"scroll_y":"-80","_margin":{"unit":"px","top":"0","right":"0","bottom":"5","left":"0","isLinked":""}},"elements":[],"widgetType":"image"},{"id":"6858070","elType":"widget","settings":{"color":"primary","style":"round","align":"left","text":"Read more","scroll_y":"-80"},"elements":[],"widgetType":"wd_button"}],"isInner":""}],"isInner":""},{"id":"7022099","elType":"section","settings":{"content_position":"middle","structure":"20","gap":"no","overflow":"hidden","wd_section_stretch":"stretch-content","background_background":"gradient","background_color":"#B3315F","background_color_b":"#FFAA85","background_gradient_angle":{"unit":"deg","size":"80","sizes":[]},"shape_divider_top":"wd_curved_line","shape_divider_top_color":"#FFFFFF","shape_divider_top_height":{"unit":"px","size":"70","sizes":[]},"shape_divider_top_above_content":"yes","shape_divider_bottom":"wd_curved_line","shape_divider_bottom_height":{"unit":"px","size":"70","sizes":[]},"shape_divider_bottom_above_content":"yes","margin":{"unit":"px","top":"0","right":"0","bottom":"60","left":"0","isLinked":""},"padding":{"unit":"px","top":"90","right":"0","bottom":"80","left":"0","isLinked":""},"padding_tablet":{"unit":"px","top":"110","right":"0","bottom":"80","left":"0","isLinked":""}},"elements":[{"id":"1210303","elType":"column","settings":{"_column_size":"100","column_sticky_offset":"50","scroll_y":"-80","padding":{"unit":"%","top":"4","right":"12","bottom":"4","left":"12","isLinked":""},"margin_tablet":{"unit":"px","top":"0","right":"0","bottom":"40","left":"0","isLinked":""}},"elements":[{"id":"1eca0d2","elType":"widget","settings":{"subtitle":"","title":"High-quality live audio stream.","after_title":"","align":"left","width":{"unit":"%","size":"85","sizes":[]},"size":"extra-large","color":"white","title_typography_typography":"custom","title_typography_font_size":{"unit":"px","size":"56","sizes":[]},"title_typography_line_height":{"unit":"px","size":"","sizes":[]},"scroll_y":"-80","width_tablet":{"unit":"%","size":"100","sizes":[]},"width_mobile":{"unit":"%","size":"100","sizes":[]},"title_typography_font_size_tablet":{"unit":"px","size":"45","sizes":[]},"title_typography_font_size_mobile":{"unit":"px","size":"28","sizes":[]}},"elements":[],"widgetType":"wd_title"},{"id":"6202856","elType":"widget","settings":{"typography_typography":"custom","font":"text","size":"custom","color_scheme":"custom","typography_font_size":{"unit":"px","size":"16"},"typography_font_size_tablet":{"unit":"px","size":"16"},"typography_font_size_mobile":{"unit":"px","size":"14"},"text_color":"rgba(255,255,255,0.8)","editor":"<p>Many desktop publishing packages and web page editors now use Lorem Ipsum as their default model text, and a search for lorem ipsum will uncover many web sites still in their infancy. Various versions have evolved over the years, sometimes.<\/p>\n","scroll_y":"-80"},"elements":[],"widgetType":"text-editor"},{"id":"8496208","elType":"section","settings":{"structure":"30","margin":{"unit":"px","top":"0","right":"0","bottom":"15","left":"0","isLinked":""}},"elements":[{"id":"1929650","elType":"column","settings":{"_column_size":"33","column_sticky_offset":"50","scroll_y":"-80"},"elements":[{"id":"672453","elType":"widget","settings":{"alignment":"left","btn_text":"","image_size":"custom","subtitle":"","title":"Song charts","btn_position":"hover","icon_text_size":"small","woodmart_color_scheme":"light","icon_text":"30+","content":"Donec sollicitudin moles libero.","scroll_y":"-80"},"elements":[],"widgetType":"wd_infobox"}],"isInner":"1"},{"id":"891561","elType":"column","settings":{"_column_size":"33","column_sticky_offset":"50","scroll_y":"-80"},"elements":[{"id":"7907999","elType":"widget","settings":{"alignment":"left","btn_text":"","image_size":"custom","subtitle":"","title":"Music genres","btn_position":"hover","icon_text_size":"small","woodmart_color_scheme":"light","icon_text":"340+","content":"Vestibulum ac diam sit amet.","scroll_y":"-80"},"elements":[],"widgetType":"wd_infobox"}],"isInner":""},{"id":"1074330","elType":"column","settings":{"_column_size":"33","column_sticky_offset":"50","scroll_y":"-80"},"elements":[{"id":"5367094","elType":"widget","settings":{"alignment":"left","btn_text":"","image_size":"custom","subtitle":"","title":"Radio stream","btn_position":"hover","icon_text_size":"small","woodmart_color_scheme":"light","icon_text":"1200+","content":"Vivamus suscipit tortor posue.","scroll_y":"-80"},"elements":[],"widgetType":"wd_infobox"}],"isInner":""}],"isInner":"1"},{"id":"8593466","elType":"widget","settings":{"color":"primary","style":"round","size":"large","_element_width":"auto","text":"View more","scroll_y":"-80","_margin":{"unit":"px","top":"0","right":"15","bottom":"10","left":"0","isLinked":""}},"elements":[],"widgetType":"wd_button"},{"id":"7664192","elType":"widget","settings":{"color":"white","style":"bordered","shape":"round","size":"large","_element_width":"auto","text":"Latest updates","scroll_y":"-80","_margin":{"unit":"px","top":"0","right":"0","bottom":"10","left":"0","isLinked":""}},"elements":[],"widgetType":"wd_button"}],"isInner":""},{"id":"9461655","elType":"column","settings":{"_column_size":"100","column_sticky_offset":"50","scroll_y":"-80"},"elements":[{"id":"8373712","elType":"widget","settings":{"align":"right","image_size":"custom","image":{"id":"117","url":"#"},"image_custom_dimension":{"width":"935","height":"635"},"parallax_scroll":"yes","scroll_x":"0","scroll_y":"-40","scroll_z":"0","_margin":{"unit":"px","top":"0","right":"0","bottom":"-140","left":"0","isLinked":""},"element_parallax":"parallax-on-scroll","_margin_tablet":{"unit":"px","top":"0","right":"0","bottom":"0","left":"0","isLinked":"1"}},"elements":[],"widgetType":"image"}],"isInner":""}],"isInner":""},{"id":"3058309","elType":"section","settings":{"margin":{"unit":"px","top":"0","right":"0","bottom":"20","left":"0","isLinked":""}},"elements":[{"id":"9281453","elType":"column","settings":{"_column_size":"100","column_sticky_offset":"50","scroll_y":"-80"},"elements":[{"id":"0c84e5f","elType":"widget","settings":{"subtitle":"It is better to try yourself","title":"WoodApp showcase","after_title":"<p>The generated lorem ipsum is therefore always free from repetition, injected humour, or non-characteristic words etc.<\/p>","width":{"unit":"%","size":"60","sizes":[]},"size":"large","color":"primary","subtitle_typography_typography":"custom","subtitle_typography_font_size":{"unit":"px","size":"18","sizes":[]},"title_typography_typography":"custom","title_typography_font_size":{"unit":"px","size":"40","sizes":[]},"text_typography_typography":"custom","text_typography_font_size":{"unit":"px","size":"16","sizes":[]},"scroll_y":"-80","width_mobile":{"unit":"%","size":"100","sizes":[]},"subtitle_typography_font_size_tablet":{"unit":"px","size":"16","sizes":[]},"subtitle_typography_font_weight":"600","title_typography_font_size_tablet":{"unit":"px","size":"35","sizes":[]},"title_typography_font_size_mobile":{"unit":"px","size":"28","sizes":[]}},"elements":[],"widgetType":"wd_title"}],"isInner":""}],"isInner":""},{"id":"8356378","elType":"section","settings":{"wd_section_stretch":"stretch-content","margin":{"unit":"px","top":"0","right":"0","bottom":"65","left":"0","isLinked":""},"margin_mobile":{"unit":"px","top":"0","right":"0","bottom":"45","left":"0","isLinked":""},"padding_tablet":{"unit":"px","top":"0","right":"0","bottom":"0","left":"0","isLinked":"1"}},"elements":[{"id":"1727067","elType":"column","settings":{"_column_size":"100","column_sticky_offset":"50","scroll_y":"-80"},"elements":[{"id":"2876060","elType":"widget","settings":{"ids_size":"full","ids":[{"id":"77","url":""},{"id":"78","url":""},{"id":"79","url":""},{"id":"80","url":""},{"id":"81","url":""},{"id":"117","url":""}],"view":"carousel","spacing":"30","slides_per_view":{"size":"6","unit":"px","sizes":[]},"hide_pagination_control":"yes","hide_prev_next_buttons":"yes","wrap":"yes","center_mode":"yes","on_click":"none","caption":"","ids_custom_dimension":[],"scroll_y":"-80"},"elements":[],"widgetType":"wd_images_gallery"}],"isInner":""}],"isInner":""},{"id":"7916355","elType":"section","settings":{"content_position":"middle","structure":"20","margin":{"unit":"px","top":"0","right":"0","bottom":"60","left":"0","isLinked":""},"gap":"extended","margin_mobile":{"unit":"px","top":"0","right":"0","bottom":"40","left":"0","isLinked":""}},"elements":[{"id":"9318338","elType":"column","settings":{"_column_size":"50","column_sticky_offset":"50","scroll_y":"-80","_inline_size_tablet":"100"},"elements":[{"id":"5985753","elType":"widget","settings":{"video_type":"vimeo","show_image_overlay":"yes","image_overlay":{"id":"117","url":"#"},"img_size":"full","youtube_url":"https:\/\/www.youtube.com\/watch?v=XHOmBV4js_E","vimeo_url":"https:\/\/vimeo.com\/235215203","dailymotion_url":"https:\/\/www.dailymotion.com\/video\/x6tqhqb","scroll_y":"-80","wd_theme_style":"theme-style"},"elements":[],"widgetType":"video"}],"isInner":""},{"id":"6616915","elType":"column","settings":{"_column_size":"50","column_sticky_offset":"50","scroll_y":"-80","_inline_size_tablet":"100"},"elements":[{"id":"4f18d6a","elType":"widget","settings":{"subtitle":"","title":"Support us on <u>KickStarter<\/u>","after_title":"<p>Many desktop publishing packages and web page editors now use lorem ipsum.<\/p>","size":"large","color":"primary","subtitle_typography_typography":"custom","subtitle_typography_font_size":{"unit":"px","size":"18","sizes":[]},"title_typography_typography":"custom","title_typography_font_size":{"unit":"px","size":"45","sizes":[]},"text_typography_typography":"custom","text_typography_font_size":{"unit":"px","size":"16","sizes":[]},"scroll_y":"-80","align":"left","subtitle_typography_font_weight":"600","title_typography_font_size_tablet":{"unit":"px","size":"36","sizes":[]},"title_typography_font_size_mobile":{"unit":"px","size":"28","sizes":[]},"title_decoration_style":"colored"},"elements":[],"widgetType":"wd_title"},{"id":"f092126","elType":"widget","settings":{"title":"","percent":{"unit":"%","size":"84","sizes":[]},"inner_text":"CAMPAIGN PROGRESS 84.000$","bar_color":"#33C1EF","bar_bg_color":"#F7F7F7","bar_height":{"unit":"px","size":"34","sizes":[]},"bar_border_radius":{"unit":"px","size":"0","sizes":[]},"bar_inner_typography_typography":"custom","bar_inner_typography_font_weight":"600","scroll_y":"-80"},"elements":[],"widgetType":"progress"},{"id":"1899603","elType":"section","settings":{"structure":"30"},"elements":[{"id":"2482330","elType":"column","settings":{"_column_size":"33","column_sticky_offset":"50","scroll_y":"-80"},"elements":[{"id":"2746238","elType":"widget","settings":{"alignment":"left","btn_text":"","image_size":"custom","subtitle":"","title":"Collected","btn_position":"hover","icon_text_size":"small","icon_text":"$84k","content":"","scroll_y":"-80"},"elements":[],"widgetType":"wd_infobox"}],"isInner":"1"},{"id":"9593491","elType":"column","settings":{"_column_size":"33","column_sticky_offset":"50","scroll_y":"-80"},"elements":[{"id":"1884760","elType":"widget","settings":{"alignment":"left","btn_text":"","image_size":"custom","subtitle":"","title":"Backers","btn_position":"hover","icon_text_size":"small","icon_text":"301","content":"","scroll_y":"-80"},"elements":[],"widgetType":"wd_infobox"}],"isInner":""},{"id":"9937487","elType":"column","settings":{"_column_size":"33","column_sticky_offset":"50","scroll_y":"-80"},"elements":[{"id":"2961726","elType":"widget","settings":{"alignment":"left","btn_text":"","image_size":"custom","subtitle":"","title":"Days to go","btn_position":"hover","icon_text_size":"small","icon_text":"47","content":"","scroll_y":"-80"},"elements":[],"widgetType":"wd_infobox"}],"isInner":""}],"isInner":"1"},{"id":"6393731","elType":"widget","settings":{"color":"primary","style":"round","_element_width":"auto","text":"Join now","_margin":{"unit":"px","top":"0","right":"15","bottom":"0","left":"0","isLinked":""},"scroll_y":"-80"},"elements":[],"widgetType":"wd_button"},{"id":"3313057","elType":"widget","settings":{"color":"black","style":"bordered","shape":"round","_element_width":"auto","text":"Check timeline","scroll_y":"-80"},"elements":[],"widgetType":"wd_button"}],"isInner":""}],"isInner":""},{"id":"4006cc9","elType":"section","settings":[],"elements":[{"id":"803c4bd","elType":"column","settings":{"_column_size":"100","column_sticky_offset":"50","scroll_y":"-80"},"elements":[{"id":"1dd64a3","elType":"widget","settings":{"subtitle":"Check out our latest","title":"Subscriber reviews","after_title":"<p>The generated lorem ipsum is therefore always free from repetition, injected humour, or non-characteristic words etc.<\/p>","width":{"unit":"%","size":"60","sizes":[]},"size":"large","color":"primary","subtitle_typography_typography":"custom","subtitle_typography_font_size":{"unit":"px","size":"18","sizes":[]},"title_typography_typography":"custom","title_typography_font_size":{"unit":"px","size":"40","sizes":[]},"text_typography_typography":"custom","text_typography_font_size":{"unit":"px","size":"16","sizes":[]},"scroll_y":"-80","width_mobile":{"unit":"%","size":"100","sizes":[]},"subtitle_typography_font_size_tablet":{"unit":"px","size":"16","sizes":[]},"subtitle_typography_font_weight":"600","title_typography_font_size_tablet":{"unit":"px","size":"35","sizes":[]},"title_typography_font_size_mobile":{"unit":"px","size":"28","sizes":[]}},"elements":[],"widgetType":"wd_title"},{"id":"767677","elType":"widget","settings":{"stars_rating":"no","style":"boxed","slides_per_view":{"size":"3","unit":"px","sizes":[]},"hide_pagination_control":"yes","items_repeater":[{"_id":"1314021","name":"Sara Rogers","title":"Google Inc.","image":{"id":"229","url":""},"img_size":"100x100","content":"There are many variations of passages of Lorem Ipsum available, but the majority have suffered alteration in some form.","image_size":"thumbnail","image_custom_dimension":{"width":"","height":""}},{"_id":"7618659","name":"Sara Rogers","title":"Google Inc.","image":{"id":"229","url":""},"img_size":"100x100","content":"All the lorem ipsum generators on the Internet tend to repeat predefined chunks as necessary, making this the first true.","image_size":"thumbnail","image_custom_dimension":{"width":"","height":""}},{"_id":"2386000","name":"Sara Rogers","title":"Google Inc.","image":{"id":"229","url":""},"img_size":"100x100","content":"Popular belief, lorem ipsum is not simply random text. It has roots in a piece of classical Latin literature from 45 BC, making.","image_size":"thumbnail","image_custom_dimension":{"width":"","height":""}},{"_id":"5453666","name":"Sara Rogers","title":"Google Inc.","image":{"id":"229","url":""},"img_size":"100x100","content":"Desktop publishing packages and webpage editors now use Lorem Ipsum as their default model text, and a search for lorem.","image_size":"thumbnail","image_custom_dimension":{"width":"","height":""}}],"scroll_y":"-80"},"elements":[],"widgetType":"wd_testimonials"},{"id":"7921155","elType":"widget","settings":{"color":"primary","style":"round","size":"large","text":"Leave a review","popup_id":"popup-5ef4b961eca9a","scroll_y":"-80","content":"317","width":{"unit":"px","size":"900","sizes":[]}},"elements":[],"widgetType":"wd_popup"}],"isInner":""}],"isInner":""},{"id":"6712570","elType":"section","settings":{"wd_section_stretch":"stretch","background_background":"classic","margin":{"unit":"px","top":"0","right":"0","bottom":"-40","left":"0","isLinked":""},"background_image":{"url":"http:\/\/dummy.xtemos.com\/woodmart-elementor\/demos\/wp-content\/uploads\/sites\/2\/2020\/06\/v-mobileapp-img-bg.jpg","id":"4818"},"background_position":"top center","shape_divider_bottom":"wd_curved_line","shape_divider_bottom_color":"#DD7174","shape_divider_bottom_height":{"unit":"px","size":"70","sizes":[]},"padding":{"unit":"px","top":"100","right":"15","bottom":"90","left":"15","isLinked":""}},"elements":[{"id":"4746681","elType":"column","settings":{"_column_size":"100","woodmart_text_align":"center","column_sticky_offset":"50","scroll_y":"-80","align":"center"},"elements":[{"id":"1324d13","elType":"widget","settings":{"subtitle":"Use your last chance to get a WoodApp subscription for free.","title":"Download the application now and get a <u>FREE<\/u> subscription month!","after_title":"","width":{"unit":"%","size":"60","sizes":[]},"size":"large","subtitle_typography_typography":"custom","subtitle_typography_font_size":{"unit":"px","size":"18","sizes":[]},"title_typography_typography":"custom","title_typography_font_size":{"unit":"px","size":"40","sizes":[]},"text_typography_typography":"custom","text_typography_font_size":{"unit":"px","size":"16","sizes":[]},"scroll_y":"-80","width_tablet":{"unit":"%","size":"80","sizes":[]},"width_mobile":{"unit":"%","size":"100","sizes":[]},"subtitle_typography_font_size_tablet":{"unit":"px","size":"16","sizes":[]},"subtitle_typography_font_weight":"600","title_typography_font_size_tablet":{"unit":"px","size":"35","sizes":[]},"title_typography_font_size_mobile":{"unit":"px","size":"28","sizes":[]},"_margin":{"unit":"px","top":"0","right":"0","bottom":"10","left":"0","isLinked":""},"subtitle_color":"#D13C40","title_decoration_style":"colored"},"elements":[],"widgetType":"wd_title"},{"id":"105c2f1","elType":"widget","settings":{"image":{"url":"http:\/\/dummy.xtemos.com\/woodmart-elementor\/demos\/wp-content\/uploads\/sites\/2\/2018\/04\/download-google-store-2.svg","id":"1434"},"width":{"unit":"px","size":"150","sizes":[]},"_margin":{"unit":"px","top":"0","right":"15","bottom":"0","left":"0","isLinked":""},"scroll_y":"-80","_element_width":"auto"},"elements":[],"widgetType":"image"},{"id":"7fc9295","elType":"widget","settings":{"image":{"url":"http:\/\/dummy.xtemos.com\/woodmart-elementor\/demos\/wp-content\/uploads\/sites\/2\/2018\/04\/download-google-store-2.svg","id":"1434"},"width":{"unit":"px","size":"150","sizes":[]},"scroll_y":"-80","_element_width":"auto"},"elements":[],"widgetType":"image"}],"isInner":""}],"isInner":""}]]]></wp:meta_value>
		</wp:postmeta>
							<wp:postmeta>
			<wp:meta_key>_elementor_edit_mode</wp:meta_key>
			<wp:meta_value><![CDATA[builder]]></wp:meta_value>
		</wp:postmeta>
							<wp:postmeta>
			<wp:meta_key>_elementor_version</wp:meta_key>
			<wp:meta_value><![CDATA[2.9.11]]></wp:meta_value>
		</wp:postmeta>
							<wp:postmeta>
			<wp:meta_key>_elementor_template_type</wp:meta_key>
			<wp:meta_value><![CDATA[wp-page]]></wp:meta_value>
		</wp:postmeta>
							<wp:postmeta>
			<wp:meta_key>_oembed_992c44b3a32aec363189635e67914edf</wp:meta_key>
			<wp:meta_value><![CDATA[<iframe title="vimeo placeholder" src="https://player.vimeo.com/video/235215203?dnt=1&amp;app_id=122963" width="500" height="281" frameborder="0" allow="autoplay; fullscreen" allowfullscreen></iframe>]]></wp:meta_value>
		</wp:postmeta>
							<wp:postmeta>
			<wp:meta_key>_oembed_time_992c44b3a32aec363189635e67914edf</wp:meta_key>
			<wp:meta_value><![CDATA[1593163808]]></wp:meta_value>
		</wp:postmeta>
							<wp:postmeta>
			<wp:meta_key>_elementor_controls_usage</wp:meta_key>
			<wp:meta_value><![CDATA[a:15:{s:17:"slider_revolution";a:3:{s:5:"count";i:1;s:15:"control_percent";i:2;s:8:"controls";a:2:{s:7:"content";a:1:{s:15:"content_section";a:2:{s:9:"shortcode";i:1;s:14:"revslidertitle";i:1;}}s:8:"advanced";a:1:{s:8:"wd_extra";a:1:{s:8:"scroll_y";i:1;}}}}s:6:"column";a:3:{s:5:"count";i:37;s:15:"control_percent";i:1;s:8:"controls";a:2:{s:8:"advanced";a:2:{s:8:"wd_extra";a:2:{s:20:"column_sticky_offset";i:37;s:8:"scroll_y";i:37;}s:16:"section_advanced";a:4:{s:13:"margin_tablet";i:2;s:7:"padding";i:3;s:14:"padding_tablet";i:1;s:14:"padding_mobile";i:2;}}s:6:"layout";a:1:{s:6:"layout";a:4:{s:12:"_inline_size";i:2;s:19:"_inline_size_tablet";i:8;s:21:"space_between_widgets";i:7;s:5:"align";i:1;}}}}s:7:"section";a:3:{s:5:"count";i:20;s:15:"control_percent";i:3;s:8:"controls";a:3:{s:6:"layout";a:3:{s:15:"wd_extra_layout";a:1:{s:18:"wd_section_stretch";i:6;}s:14:"section_layout";a:3:{s:3:"gap";i:7;s:16:"content_position";i:9;s:8:"overflow";i:2;}s:17:"section_structure";a:1:{s:9:"structure";i:15;}}s:5:"style";a:2:{s:21:"section_shape_divider";a:8:{s:20:"shape_divider_bottom";i:4;s:27:"shape_divider_bottom_height";i:4;s:34:"shape_divider_bottom_above_content";i:3;s:17:"shape_divider_top";i:3;s:23:"shape_divider_top_color";i:3;s:24:"shape_divider_top_height";i:3;s:31:"shape_divider_top_above_content";i:2;s:26:"shape_divider_bottom_color";i:1;}s:18:"section_background";a:6:{s:21:"background_background";i:4;s:16:"background_color";i:3;s:18:"background_color_b";i:2;s:25:"background_gradient_angle";i:2;s:16:"background_image";i:1;s:19:"background_position";i:1;}}s:8:"advanced";a:2:{s:16:"section_advanced";a:6:{s:6:"margin";i:13;s:7:"padding";i:5;s:13:"margin_tablet";i:2;s:14:"padding_tablet";i:4;s:14:"padding_mobile";i:1;s:13:"margin_mobile";i:3;}s:19:"_section_responsive";a:2:{s:20:"reverse_order_tablet";i:1;s:20:"reverse_order_mobile";i:1;}}}}s:8:"wd_title";a:3:{s:5:"count";i:10;s:15:"control_percent";i:7;s:8:"controls";a:3:{s:7:"content";a:1:{s:23:"general_content_section";a:3:{s:8:"subtitle";i:10;s:5:"title";i:10;s:11:"after_title";i:10;}}s:5:"style";a:4:{s:21:"general_style_section";a:6:{s:5:"align";i:7;s:4:"size";i:10;s:5:"width";i:8;s:12:"width_tablet";i:5;s:12:"width_mobile";i:5;s:5:"color";i:5;}s:19:"title_style_section";a:6:{s:27:"title_typography_typography";i:10;s:26:"title_typography_font_size";i:10;s:28:"title_typography_line_height";i:6;s:33:"title_typography_font_size_tablet";i:10;s:33:"title_typography_font_size_mobile";i:10;s:22:"title_decoration_style";i:6;}s:22:"subtitle_style_section";a:5:{s:30:"subtitle_typography_typography";i:4;s:29:"subtitle_typography_font_size";i:4;s:36:"subtitle_typography_font_size_tablet";i:3;s:31:"subtitle_typography_font_weight";i:4;s:14:"subtitle_color";i:1;}s:18:"text_style_section";a:2:{s:26:"text_typography_typography";i:4;s:25:"text_typography_font_size";i:4;}}s:8:"advanced";a:2:{s:8:"wd_extra";a:1:{s:8:"scroll_y";i:10;}s:14:"_section_style";a:1:{s:7:"_margin";i:1;}}}}s:9:"wd_button";a:3:{s:5:"count";i:11;s:15:"control_percent";i:3;s:8:"controls";a:3:{s:5:"style";a:1:{s:21:"general_style_section";a:5:{s:5:"color";i:11;s:5:"style";i:10;s:5:"align";i:3;s:4:"size";i:6;s:5:"shape";i:5;}}s:7:"content";a:1:{s:23:"general_content_section";a:1:{s:4:"text";i:10;}}s:8:"advanced";a:3:{s:8:"wd_extra";a:1:{s:8:"scroll_y";i:11;}s:17:"_section_position";a:1:{s:14:"_element_width";i:8;}s:14:"_section_style";a:1:{s:7:"_margin";i:7;}}}}s:10:"wd_infobox";a:3:{s:5:"count";i:16;s:15:"control_percent";i:3;s:8:"controls";a:3:{s:7:"content";a:2:{s:20:"icon_content_section";a:5:{s:9:"icon_type";i:6;s:10:"image_size";i:16;s:5:"image";i:6;s:22:"image_custom_dimension";i:6;s:9:"icon_text";i:10;}s:15:"content_section";a:4:{s:8:"btn_text";i:16;s:8:"subtitle";i:16;s:5:"title";i:16;s:7:"content";i:16;}}s:5:"style";a:3:{s:21:"general_style_section";a:3:{s:9:"alignment";i:16;s:15:"image_alignment";i:10;s:21:"woodmart_color_scheme";i:3;}s:22:"button_content_section";a:1:{s:12:"btn_position";i:16;}s:18:"icon_style_section";a:1:{s:14:"icon_text_size";i:6;}}s:8:"advanced";a:1:{s:8:"wd_extra";a:1:{s:8:"scroll_y";i:16;}}}}s:11:"text-editor";a:3:{s:5:"count";i:11;s:15:"control_percent";i:3;s:8:"controls";a:3:{s:7:"content";a:1:{s:14:"section_editor";a:1:{s:6:"editor";i:11;}}s:8:"advanced";a:2:{s:14:"_section_style";a:3:{s:14:"_margin_mobile";i:3;s:7:"_margin";i:2;s:12:"_css_classes";i:2;}s:8:"wd_extra";a:1:{s:8:"scroll_y";i:11;}}s:5:"style";a:1:{s:13:"section_style";a:7:{s:21:"typography_typography";i:5;s:16:"wd_content_width";i:2;s:20:"typography_font_size";i:3;s:27:"typography_font_size_tablet";i:3;s:27:"typography_font_size_mobile";i:3;s:10:"text_color";i:2;s:5:"align";i:2;}}}}s:5:"image";a:3:{s:5:"count";i:8;s:15:"control_percent";i:2;s:8:"controls";a:3:{s:7:"content";a:1:{s:13:"section_image";a:4:{s:5:"align";i:6;s:10:"image_size";i:6;s:5:"image";i:8;s:22:"image_custom_dimension";i:6;}}s:8:"advanced";a:3:{s:8:"wd_extra";a:4:{s:8:"scroll_x";i:5;s:8:"scroll_y";i:8;s:8:"scroll_z";i:5;s:16:"element_parallax";i:5;}s:14:"_section_style";a:3:{s:7:"_margin";i:5;s:14:"_margin_tablet";i:3;s:14:"_margin_mobile";i:1;}s:17:"_section_position";a:1:{s:14:"_element_width";i:2;}}s:5:"style";a:1:{s:19:"section_style_image";a:1:{s:5:"width";i:2;}}}}s:18:"wd_countdown_timer";a:3:{s:5:"count";i:1;s:15:"control_percent";i:3;s:8:"controls";a:3:{s:5:"style";a:1:{s:21:"general_style_section";a:4:{s:21:"woodmart_color_scheme";i:1;s:4:"size";i:1;s:5:"align";i:1;s:5:"style";i:1;}}s:7:"content";a:1:{s:23:"general_content_section";a:1:{s:4:"date";i:1;}}s:8:"advanced";a:1:{s:8:"wd_extra";a:1:{s:8:"scroll_y";i:1;}}}}s:17:"wd_social_buttons";a:3:{s:5:"count";i:1;s:15:"control_percent";i:2;s:8:"controls";a:2:{s:5:"style";a:1:{s:21:"general_style_section";a:3:{s:4:"size";i:1;s:5:"style";i:1;s:5:"align";i:1;}}s:8:"advanced";a:1:{s:8:"wd_extra";a:1:{s:8:"scroll_y";i:1;}}}}s:17:"wd_images_gallery";a:3:{s:5:"count";i:1;s:15:"control_percent";i:6;s:8:"controls";a:3:{s:7:"content";a:2:{s:23:"general_content_section";a:3:{s:8:"ids_size";i:1;s:3:"ids";i:1;s:20:"ids_custom_dimension";i:1;}s:20:"click_action_section";a:2:{s:8:"on_click";i:1;s:7:"caption";i:1;}}s:5:"style";a:2:{s:20:"layout_style_section";a:2:{s:4:"view";i:1;s:7:"spacing";i:1;}s:22:"carousel_style_section";a:5:{s:15:"slides_per_view";i:1;s:23:"hide_pagination_control";i:1;s:22:"hide_prev_next_buttons";i:1;s:4:"wrap";i:1;s:11:"center_mode";i:1;}}s:8:"advanced";a:1:{s:8:"wd_extra";a:1:{s:8:"scroll_y";i:1;}}}}s:5:"video";a:3:{s:5:"count";i:1;s:15:"control_percent";i:2;s:8:"controls";a:3:{s:7:"content";a:2:{s:13:"section_video";a:1:{s:10:"video_type";i:1;}s:21:"section_image_overlay";a:2:{s:18:"show_image_overlay";i:1;s:13:"image_overlay";i:1;}}s:8:"advanced";a:1:{s:8:"wd_extra";a:1:{s:8:"scroll_y";i:1;}}s:5:"style";a:1:{s:19:"section_video_style";a:1:{s:14:"wd_theme_style";i:1;}}}}s:8:"progress";a:3:{s:5:"count";i:1;s:15:"control_percent";i:4;s:8:"controls";a:3:{s:7:"content";a:1:{s:16:"section_progress";a:3:{s:5:"title";i:1;s:7:"percent";i:1;s:10:"inner_text";i:1;}}s:5:"style";a:1:{s:22:"section_progress_style";a:6:{s:9:"bar_color";i:1;s:12:"bar_bg_color";i:1;s:10:"bar_height";i:1;s:17:"bar_border_radius";i:1;s:31:"bar_inner_typography_typography";i:1;s:32:"bar_inner_typography_font_weight";i:1;}}s:8:"advanced";a:1:{s:8:"wd_extra";a:1:{s:8:"scroll_y";i:1;}}}}s:15:"wd_testimonials";a:3:{s:5:"count";i:1;s:15:"control_percent";i:3;s:8:"controls";a:3:{s:5:"style";a:2:{s:21:"general_style_section";a:2:{s:12:"stars_rating";i:1;s:5:"style";i:1;}s:22:"carousel_style_section";a:2:{s:15:"slides_per_view";i:1;s:23:"hide_pagination_control";i:1;}}s:7:"content";a:1:{s:23:"general_content_section";a:1:{s:14:"items_repeater";i:1;}}s:8:"advanced";a:1:{s:8:"wd_extra";a:1:{s:8:"scroll_y";i:1;}}}}s:8:"wd_popup";a:3:{s:5:"count";i:1;s:15:"control_percent";i:4;s:8:"controls";a:3:{s:5:"style";a:2:{s:20:"button_style_section";a:3:{s:5:"color";i:1;s:5:"style";i:1;s:4:"size";i:1;}s:21:"general_style_section";a:1:{s:5:"width";i:1;}}s:7:"content";a:2:{s:22:"button_content_section";a:1:{s:4:"text";i:1;}s:23:"general_content_section";a:2:{s:8:"popup_id";i:1;s:7:"content";i:1;}}s:8:"advanced";a:1:{s:8:"wd_extra";a:1:{s:8:"scroll_y";i:1;}}}}}]]></wp:meta_value>
		</wp:postmeta>
						</item>
					<item>
		<title>
				download-google-store-2		</title>
		<link>http://dummy.xtemos.com/woodmart-elementor/demos/home-mobile-app/download-google-store-2/</link>
		<pubDate>Tue, 10 Apr 2018 10:03:45 +0000</pubDate>
		<dc:creator><![CDATA[erwin]]></dc:creator>
		<guid isPermaLink="false">http://dummy.xtemos.com/woodmart-elementor/demos/wp-content/uploads/sites/2/2018/04/download-google-store-2.svg</guid>
		<description></description>
		<content:encoded><![CDATA[]]></content:encoded>
		<excerpt:encoded><![CDATA[]]></excerpt:encoded>
		<wp:post_id>1434</wp:post_id>
		<wp:post_date>2018-04-10 10:03:45</wp:post_date>
		<wp:post_date_gmt>2018-04-10 10:03:45</wp:post_date_gmt>
		<wp:comment_status>open</wp:comment_status>
		<wp:ping_status>closed</wp:ping_status>
		<wp:post_name>download-google-store-2</wp:post_name>
		<wp:status>inherit</wp:status>
		<wp:post_parent>1426</wp:post_parent>
		<wp:menu_order>0</wp:menu_order>
		<wp:post_type>attachment</wp:post_type>
		<wp:post_password></wp:post_password>
		<wp:is_sticky>0</wp:is_sticky>
						<wp:attachment_url>http://dummy.xtemos.com/woodmart-elementor/demos/wp-content/uploads/sites/2/2018/04/download-google-store-2.svg</wp:attachment_url>
												<wp:postmeta>
			<wp:meta_key>_wp_attached_file</wp:meta_key>
			<wp:meta_value><![CDATA[2018/04/download-google-store-2.svg]]></wp:meta_value>
		</wp:postmeta>
							<wp:postmeta>
			<wp:meta_key>_elementor_inline_svg</wp:meta_key>
			<wp:meta_value><![CDATA[<?xml version="1.0" encoding="utf-8"?>
<svg version="1.1" id="livetype" xmlns="http://www.w3.org/2000/svg" xmlns:xlink="http://www.w3.org/1999/xlink" x="0px" y="0px"
	 viewBox="0 0 135.1 40" enable-background="new 0 0 135.1 40" xml:space="preserve">
<g id="b">
	<g>
		<path d="M130.1,40H5c-2.8,0-5-2.3-5-5V5c0-2.8,2.3-5,5-5h125.1c2.8,0,5,2.3,5,5v30C135.1,37.8,132.8,40,130.1,40z"/>
	</g>
	<g>
		<g>
			<path fill="#000" d="M130.1,0.8c2.3,0,4.2,1.9,4.2,4.2v30c0,2.3-1.9,4.2-4.2,4.2H5c-2.3,0-4.2-1.9-4.2-4.2V5
				c0-2.3,1.9-4.2,4.2-4.2H130.1 M130.1,0H5C2.3,0,0,2.3,0,5v30c0,2.8,2.3,5,5,5h125.1c2.8,0,5-2.3,5-5V5C135.1,2.3,132.8,0,130.1,0
				L130.1,0z"/>
		</g>
	</g>
	<g>
		<path fill="#FFFFFF" stroke="#FFFFFF" stroke-width="0.2" stroke-miterlimit="10" d="M47.4,10.2c0,0.8-0.2,1.5-0.7,2
			c-0.6,0.6-1.3,0.9-2.2,0.9c-0.9,0-1.6-0.3-2.2-0.9c-0.6-0.6-0.9-1.3-0.9-2.2c0-0.9,0.3-1.6,0.9-2.2c0.6-0.6,1.3-0.9,2.2-0.9
			c0.4,0,0.8,0.1,1.2,0.3c0.4,0.2,0.7,0.4,0.9,0.7l-0.5,0.5c-0.4-0.5-0.9-0.7-1.6-0.7c-0.6,0-1.2,0.2-1.6,0.7
			c-0.5,0.4-0.7,1-0.7,1.7s0.2,1.3,0.7,1.7c0.5,0.4,1,0.7,1.6,0.7c0.7,0,1.2-0.2,1.7-0.7c0.3-0.3,0.5-0.7,0.5-1.2h-2.2V9.8h2.9
			C47.4,10,47.4,10.1,47.4,10.2z"/>
		<path fill="#FFFFFF" stroke="#FFFFFF" stroke-width="0.2" stroke-miterlimit="10" d="M52.1,7.7h-2.7v1.9h2.5v0.7h-2.5v1.9h2.7V13
			h-3.5V7h3.5V7.7z"/>
		<path fill="#FFFFFF" stroke="#FFFFFF" stroke-width="0.2" stroke-miterlimit="10" d="M55.3,13h-0.8V7.7h-1.7V7H57v0.7h-1.7V13z"/>
		<path fill="#FFFFFF" stroke="#FFFFFF" stroke-width="0.2" stroke-miterlimit="10" d="M60,13V7h0.8v6H60z"/>
		<path fill="#FFFFFF" stroke="#FFFFFF" stroke-width="0.2" stroke-miterlimit="10" d="M64.2,13h-0.8V7.7h-1.7V7h4.1v0.7h-1.7V13z"
			/>
		<path fill="#FFFFFF" stroke="#FFFFFF" stroke-width="0.2" stroke-miterlimit="10" d="M73.7,12.2c-0.6,0.6-1.3,0.9-2.2,0.9
			c-0.9,0-1.6-0.3-2.2-0.9c-0.6-0.6-0.9-1.3-0.9-2.2c0-0.9,0.3-1.6,0.9-2.2c0.6-0.6,1.3-0.9,2.2-0.9c0.9,0,1.6,0.3,2.2,0.9
			c0.6,0.6,0.9,1.3,0.9,2.2C74.5,10.9,74.2,11.6,73.7,12.2z M69.8,11.7c0.4,0.4,1,0.7,1.6,0.7c0.6,0,1.2-0.2,1.6-0.7
			c0.4-0.4,0.7-1,0.7-1.7c0-0.7-0.2-1.3-0.7-1.7c-0.4-0.4-1-0.7-1.6-0.7c-0.6,0-1.2,0.2-1.6,0.7c-0.4,0.4-0.7,1-0.7,1.7
			C69.2,10.7,69.4,11.3,69.8,11.7z"/>
		<path fill="#FFFFFF" stroke="#FFFFFF" stroke-width="0.2" stroke-miterlimit="10" d="M75.6,13V7h0.9l2.9,4.7h0l0-1.2V7h0.8v6h-0.8
			l-3.1-4.9h0l0,1.2V13H75.6z"/>
	</g>
	<path fill="#FFFFFF" d="M68.2,21.8c-2.4,0-4.3,1.8-4.3,4.3c0,2.5,1.9,4.3,4.3,4.3c2.4,0,4.3-1.8,4.3-4.3
		C72.4,23.6,70.5,21.8,68.2,21.8z M68.2,28.6c-1.3,0-2.4-1.1-2.4-2.6c0-1.5,1.1-2.6,2.4-2.6c1.3,0,2.4,1,2.4,2.6
		C70.6,27.5,69.5,28.6,68.2,28.6z M58.9,21.8c-2.4,0-4.3,1.8-4.3,4.3c0,2.5,1.9,4.3,4.3,4.3c2.4,0,4.3-1.8,4.3-4.3
		C63.1,23.6,61.2,21.8,58.9,21.8z M58.9,28.6c-1.3,0-2.4-1.1-2.4-2.6c0-1.5,1.1-2.6,2.4-2.6c1.3,0,2.4,1,2.4,2.6
		C61.3,27.5,60.1,28.6,58.9,28.6z M47.8,23.1v1.8h4.3c-0.1,1-0.5,1.8-1,2.3c-0.6,0.6-1.6,1.3-3.3,1.3c-2.7,0-4.7-2.1-4.7-4.8
		s2.1-4.8,4.7-4.8c1.4,0,2.5,0.6,3.3,1.3l1.3-1.3c-1.1-1-2.5-1.8-4.5-1.8c-3.6,0-6.7,3-6.7,6.6c0,3.6,3.1,6.6,6.7,6.6
		c2,0,3.4-0.6,4.6-1.9c1.2-1.2,1.6-2.9,1.6-4.2c0-0.4,0-0.8-0.1-1.1H47.8z M93.1,24.5c-0.4-1-1.4-2.7-3.6-2.7c-2.2,0-4,1.7-4,4.3
		c0,2.4,1.8,4.3,4.2,4.3c2,0,3.1-1.2,3.5-1.9l-1.5-1c-0.5,0.7-1.1,1.2-2.1,1.2c-1,0-1.6-0.4-2.1-1.3l5.7-2.4L93.1,24.5z M87.3,25.9
		c0-1.6,1.3-2.5,2.2-2.5c0.7,0,1.4,0.4,1.6,0.9L87.3,25.9z M82.7,30h1.9V17.5h-1.9V30z M79.6,22.7L79.6,22.7c-0.5-0.5-1.3-1-2.3-1
		c-2.1,0-4.1,1.9-4.1,4.3c0,2.4,2,4.2,4.1,4.2c1,0,1.8-0.5,2.2-1h0.1v0.6c0,1.6-0.9,2.5-2.3,2.5c-1.1,0-1.9-0.8-2.1-1.5l-1.6,0.7
		c0.5,1.1,1.7,2.5,3.8,2.5c2.2,0,4-1.3,4-4.4V22h-1.8V22.7z M77.5,28.6c-1.3,0-2.4-1.1-2.4-2.6c0-1.5,1.1-2.6,2.4-2.6
		c1.3,0,2.3,1.1,2.3,2.6C79.7,27.5,78.7,28.6,77.5,28.6z M101.9,17.5h-4.5V30h1.9v-4.7h2.6c2.1,0,4.1-1.5,4.1-3.9
		S103.9,17.5,101.9,17.5z M101.9,23.5h-2.7v-4.3h2.7c1.4,0,2.2,1.2,2.2,2.1C104.1,22.4,103.3,23.5,101.9,23.5z M113.5,21.7
		c-1.4,0-2.8,0.6-3.3,1.9l1.7,0.7c0.4-0.7,1-0.9,1.7-0.9c1,0,1.9,0.6,2,1.6v0.1c-0.3-0.2-1.1-0.5-1.9-0.5c-1.8,0-3.6,1-3.6,2.8
		c0,1.7,1.5,2.8,3.1,2.8c1.3,0,1.9-0.6,2.4-1.2h0.1v1h1.8v-4.8C117.3,23,115.6,21.7,113.5,21.7z M113.2,28.6c-0.6,0-1.5-0.3-1.5-1.1
		c0-1,1.1-1.3,2-1.3c0.8,0,1.2,0.2,1.7,0.4C115.3,27.8,114.3,28.6,113.2,28.6z M123.8,22l-2.1,5.4h-0.1l-2.2-5.4h-2l3.3,7.6
		l-1.9,4.2h1.9l5.1-11.8H123.8z M107,30h1.9V17.5H107V30z"/>
	<g>
		<path fill="#22D5FD" d="M10.4,7.5C10.2,7.9,10,8.3,10,8.9v22.1c0,0.6,0.2,1.1,0.5,1.4l0.1,0.1l12.4-12.4V20v-0.1L10.4,7.5
			L10.4,7.5z"/>
		<path fill="#FEC929" d="M27,24.3l-4.1-4.1V20v-0.1l4.1-4.1l0.1,0.1l4.9,2.8c1.4,0.8,1.4,2.1,0,2.9L27,24.3L27,24.3z"/>
		<path fill="#F3304C" d="M27.1,24.2L22.9,20L10.4,32.5c0.5,0.5,1.2,0.5,2.1,0.1L27.1,24.2"/>
		<path fill="#21F07A" d="M27.1,15.8L12.5,7.5c-0.9-0.5-1.6-0.4-2.1,0.1L22.9,20L27.1,15.8z"/>
		<g>
			<path opacity="0.2" enable-background="new    " d="M27,24.1l-14.5,8.3c-0.8,0.5-1.5,0.4-2,0l0,0l-0.1,0.1l0,0l0.1,0.1l0,0
				c0.5,0.4,1.2,0.5,2,0L27,24.1L27,24.1z"/>
			<path opacity="0.12" enable-background="new    " d="M10.4,32.3C10.2,32,10,31.6,10,30.9v0.1c0,0.6,0.2,1.1,0.5,1.4V32.3
				L10.4,32.3z"/>
		</g>
		<path opacity="0.12" enable-background="new    " d="M32,21.3l-5,2.8l0.1,0.1l4.9-2.8c0.7-0.4,1-0.9,1-1.4l0,0
			C33,20.5,32.7,21,32,21.3z"/>
		<path opacity="0.25" fill="#FFFFFF" enable-background="new    " d="M12.5,7.6L32,18.7c0.6,0.4,1,0.8,1,1.3l0,0c0-0.5-0.3-1-1-1.4
			L12.5,7.5C11.1,6.7,10,7.3,10,8.9v0.1C10,7.5,11.1,6.8,12.5,7.6z"/>
	</g>
</g>
</svg>
]]></wp:meta_value>
		</wp:postmeta>
						</item>
					<item>
		<title>
				v-mobileapp-img-bg		</title>
		<link>http://dummy.xtemos.com/woodmart-elementor/demos/v-mobileapp-img-bg/</link>
		<pubDate>Fri, 26 Jun 2020 09:20:59 +0000</pubDate>
		<dc:creator><![CDATA[erwin]]></dc:creator>
		<guid isPermaLink="false">http://dummy.xtemos.com/woodmart-elementor/demos/wp-content/uploads/sites/2/2020/06/v-mobileapp-img-bg.jpg</guid>
		<description></description>
		<content:encoded><![CDATA[]]></content:encoded>
		<excerpt:encoded><![CDATA[]]></excerpt:encoded>
		<wp:post_id>4818</wp:post_id>
		<wp:post_date>2020-06-26 09:20:59</wp:post_date>
		<wp:post_date_gmt>2020-06-26 09:20:59</wp:post_date_gmt>
		<wp:comment_status>open</wp:comment_status>
		<wp:ping_status>closed</wp:ping_status>
		<wp:post_name>v-mobileapp-img-bg</wp:post_name>
		<wp:status>inherit</wp:status>
		<wp:post_parent>0</wp:post_parent>
		<wp:menu_order>0</wp:menu_order>
		<wp:post_type>attachment</wp:post_type>
		<wp:post_password></wp:post_password>
		<wp:is_sticky>0</wp:is_sticky>
						<wp:attachment_url>http://dummy.xtemos.com/woodmart-elementor/demos/wp-content/uploads/sites/2/2020/06/v-mobileapp-img-bg.jpg</wp:attachment_url>
												<wp:postmeta>
			<wp:meta_key>_wp_attached_file</wp:meta_key>
			<wp:meta_value><![CDATA[2020/06/v-mobileapp-img-bg.jpg]]></wp:meta_value>
		</wp:postmeta>
						</item>
				</channel>
</rss>
	